intent_id,category,question,answer
53,world_cup,Name the host nation of the 1974 World Cup.,The 1974 World Cup was hosted by West Germany.
53,world_cup,Who were the hosts of the 1974 World Cup?,The 1974 World Cup was hosted by West Germany.
53,world_cup,Which country hosted the World Cup in 1974?,The 1974 World Cup was hosted by West Germany.
53,world_cup,Where was the 1974 FIFA World Cup held?,The 1974 World Cup was hosted by West Germany.
53,world_cup,Which nation was the host of the 1974 World Cup?,The 1974 World Cup was hosted by West Germany.
53,world_cup,Tell me the host country of the 1974 World Cup.,The 1974 World Cup was hosted by West Germany.
53,world_cup,What country hosted the 1974 World Cup?,The 1974 World Cup was hosted by West Germany.
53,world_cup,The 1974 World Cup was held in which country?,The 1974 World Cup was hosted by West Germany.
53,world_cup,Which country was the host for the 1974 World Cup?,The 1974 World Cup was hosted by West Germany.
53,world_cup,Host nation of the 1974 FIFA World Cup?,The 1974 World Cup was hosted by West Germany.
53,world_cup,Can you name the host of the 1974 World Cup?,The 1974 World Cup was hosted by West Germany.
53,world_cup,The host nation for the 1974 World Cup was?,The 1974 World Cup was hosted by West Germany.
53,world_cup,Which nation hosted the 1974 FIFA World Cup?,The 1974 World Cup was hosted by West Germany.
53,world_cup,1974 World Cup host country?,The 1974 World Cup was hosted by West Germany.
53,world_cup,Name the country that hosted the 1974 World Cup.,The 1974 World Cup was hosted by West Germany.
53,world_cup,Who was the host of the 1974 World Cup?,The 1974 World Cup was hosted by West Germany.
53,world_cup,Which country held the 1974 World Cup?,The 1974 World Cup was hosted by West Germany.
53,world_cup,The 1974 World Cup host was which nation?,The 1974 World Cup was hosted by West Germany.
53,world_cup,Name the 1974 World Cup host.,The 1974 World Cup was hosted by West Germany.
53,world_cup,Which country was the 1974 World Cup host?,The 1974 World Cup was hosted by West Germany.
198,managers,Which coach led the team when Leicester City won the Premier League in 2016?,Claudio Ranieri was the manager when that happened.
198,managers,Who was the manager when Leicester City won the Premier League in 2016?,Claudio Ranieri was the manager when that happened.
198,managers,Name the manager in charge when Leicester City won the Premier League in 2016.,Claudio Ranieri was the manager when that happened.
198,managers,Who was the head coach when Leicester City won the Premier League in 2016?,Claudio Ranieri was the manager when that happened.
198,managers,Which manager guided Leicester City to the Premier League title in 2016?,Claudio Ranieri was the manager when that happened.
198,managers,Who managed Leicester City during their 2016 Premier League win?,Claudio Ranieri was the manager when that happened.
198,managers,Leicester City's 2016 Premier League winning manager was?,Claudio Ranieri was the manager when that happened.
198,managers,Who was Leicester City's manager for their 2016 Premier League title?,Claudio Ranieri was the manager when that happened.
198,managers,The coach who led Leicester City to the 2016 Premier League was?,Claudio Ranieri was the manager when that happened.
198,managers,Name the Leicester City manager for the 2016 Premier League victory.,Claudio Ranieri was the manager when that happened.
198,managers,Who was in charge of Leicester City when they won the 2016 Premier League?,Claudio Ranieri was the manager when that happened.
198,managers,Which coach was at Leicester City for their 2016 Premier League win?,Claudio Ranieri was the manager when that happened.
198,managers,Manager of Leicester City's 2016 Premier League winning team?,Claudio Ranieri was the manager when that happened.
198,managers,Who was the Leicester City coach in their 2016 Premier League triumph?,Claudio Ranieri was the manager when that happened.
198,managers,Leicester City won the Premier League in 2016 under which manager?,Claudio Ranieri was the manager when that happened.
198,managers,Which manager was in charge for Leicester City's 2016 Premier League title?,Claudio Ranieri was the manager when that happened.
198,managers,Name the coach of Leicester City's 2016 Premier League champions.,Claudio Ranieri was the manager when that happened.
198,managers,Who was the manager of Leicester City in 2016?,Claudio Ranieri was the manager when that happened.
198,managers,Who was Leicester City's coach when they won the league in 2016?,Claudio Ranieri was the manager when that happened.
198,managers,The manager of Leicester City's 2015-16 Premier League win was?,Claudio Ranieri was the manager when that happened.
244,rules,What is the minimum number of players a team needs to continue a match?,A team needs at least 7 players to continue; with fewer the match is abandoned.
244,rules,What happens if a team has fewer than seven players?,A team needs at least 7 players to continue; with fewer the match is abandoned.
244,rules,What is the smallest number of players allowed on the pitch for a team?,A team needs at least 7 players to continue; with fewer the match is abandoned.
244,rules,How many players must a team have to keep playing?,A team needs at least 7 players to continue; with fewer the match is abandoned.
244,rules,What is the minimum number of players required for a team to continue playing?,A team needs at least 7 players to continue; with fewer the match is abandoned.
244,rules,If a team has fewer than 7 players what happens?,A team needs at least 7 players to continue; with fewer the match is abandoned.
244,rules,What is the minimum player count for a team to avoid abandonment?,A team needs at least 7 players to continue; with fewer the match is abandoned.
244,rules,How many players does a team need to not forfeit the match?,A team needs at least 7 players to continue; with fewer the match is abandoned.
244,rules,The minimum number of players a team can have to continue is?,A team needs at least 7 players to continue; with fewer the match is abandoned.
244,rules,What is the fewest number of players a team can have and still play?,A team needs at least 7 players to continue; with fewer the match is abandoned.
244,rules,If a team drops below 7 players what is the result?,A team needs at least 7 players to continue; with fewer the match is abandoned.
244,rules,What is the rule for the minimum number of players in a team?,A team needs at least 7 players to continue; with fewer the match is abandoned.
244,rules,How many players are required for a match to continue?,A team needs at least 7 players to continue; with fewer the match is abandoned.
244,rules,What is the player threshold for a team to continue a match?,A team needs at least 7 players to continue; with fewer the match is abandoned.
244,rules,What happens when a team has less than 7 players?,A team needs at least 7 players to continue; with fewer the match is abandoned.
244,rules,A team must have at least how many players to continue?,A team needs at least 7 players to continue; with fewer the match is abandoned.
244,rules,What is the minimum number of players for a team to keep playing?,A team needs at least 7 players to continue; with fewer the match is abandoned.
244,rules,How many players are needed for a team to continue a game?,A team needs at least 7 players to continue; with fewer the match is abandoned.
244,rules,What is the minimum players a team needs on the field?,A team needs at least 7 players to continue; with fewer the match is abandoned.
244,rules,What happens if a team cannot field 7 players?,A team needs at least 7 players to continue; with fewer the match is abandoned.
56,world_cup,Who were the hosts of the 1986 World Cup?,The 1986 World Cup was hosted by Mexico.
56,world_cup,Name the host nation of the 1986 World Cup.,The 1986 World Cup was hosted by Mexico.
56,world_cup,Which country hosted the World Cup in 1986?,The 1986 World Cup was hosted by Mexico.
56,world_cup,Where was the 1986 FIFA World Cup held?,The 1986 World Cup was hosted by Mexico.
56,world_cup,Which nation was the host of the 1986 World Cup?,The 1986 World Cup was hosted by Mexico.
56,world_cup,Tell me the host country of the 1986 World Cup.,The 1986 World Cup was hosted by Mexico.
56,world_cup,What country hosted the 1986 World Cup?,The 1986 World Cup was hosted by Mexico.
56,world_cup,The 1986 World Cup was held in which country?,The 1986 World Cup was hosted by Mexico.
56,world_cup,Which country was the host for the 1986 World Cup?,The 1986 World Cup was hosted by Mexico.
56,world_cup,Host nation of the 1986 FIFA World Cup?,The 1986 World Cup was hosted by Mexico.
56,world_cup,Can you name the host of the 1986 World Cup?,The 1986 World Cup was hosted by Mexico.
56,world_cup,The host nation for the 1986 World Cup was?,The 1986 World Cup was hosted by Mexico.
56,world_cup,Which nation hosted the 1986 FIFA World Cup?,The 1986 World Cup was hosted by Mexico.
56,world_cup,1986 World Cup host country?,The 1986 World Cup was hosted by Mexico.
56,world_cup,Name the country that hosted the 1986 World Cup.,The 1986 World Cup was hosted by Mexico.
56,world_cup,Who was the host of the 1986 World Cup?,The 1986 World Cup was hosted by Mexico.
56,world_cup,Which country held the 1986 World Cup?,The 1986 World Cup was hosted by Mexico.
56,world_cup,The 1986 World Cup host was which nation?,The 1986 World Cup was hosted by Mexico.
56,world_cup,Name the 1986 World Cup host.,The 1986 World Cup was hosted by Mexico.
56,world_cup,Which country was the 1986 World Cup host?,The 1986 World Cup was hosted by Mexico.
44,world_cup,Which country were the 1994 World Cup champions?,Brazil won the 1994 World Cup.
44,world_cup,Name the team that won the 1994 World Cup.,Brazil won the 1994 World Cup.
44,world_cup,Who won the FIFA World Cup in 1994?,Brazil won the 1994 World Cup.
44,world_cup,Which nation lifted the World Cup trophy in 1994?,Brazil won the 1994 World Cup.
44,world_cup,Which country were the 1994 World Cup champions?,Brazil won the 1994 World Cup.
44,world_cup,Name the team that won the 1994 World Cup.,Brazil won the 1994 World Cup.
44,world_cup,Who won the FIFA World Cup in 1994?,Brazil won the 1994 World Cup.
44,world_cup,Which nation lifted the World Cup trophy in 1994?,Brazil won the 1994 World Cup.
44,world_cup,Who were the 1994 World Cup winners?,Brazil won the 1994 World Cup.
44,world_cup,Which team was the 1994 World Cup champion?,Brazil won the 1994 World Cup.
44,world_cup,The winner of the 1994 World Cup was?,Brazil won the 1994 World Cup.
44,world_cup,Which country won the 1994 FIFA World Cup?,Brazil won the 1994 World Cup.
44,world_cup,1994 World Cup winning team?,Brazil won the 1994 World Cup.
44,world_cup,Name the 1994 World Cup winner.,Brazil won the 1994 World Cup.
44,world_cup,Who was the 1994 World Cup champion?,Brazil won the 1994 World Cup.
44,world_cup,Which nation won the 1994 World Cup?,Brazil won the 1994 World Cup.
44,world_cup,Who lifted the 1994 World Cup?,Brazil won the 1994 World Cup.
44,world_cup,The 1994 World Cup was won by which country?,Brazil won the 1994 World Cup.
44,world_cup,Which team won the 1994 FIFA World Cup?,Brazil won the 1994 World Cup.
44,world_cup,1994 FIFA World Cup champion?,Brazil won the 1994 World Cup.
75,league,Which team topped the Premier League table in 2011-12?,Manchester City won the Premier League in 2011-12.
75,league,Which club were the 2011-12 Premier League champions?,Manchester City won the Premier League in 2011-12.
75,league,Who won the Premier League in the 2011-12 season?,Manchester City won the Premier League in 2011-12.
75,league,Name the team that won the English league title in 2011-12.,Manchester City won the Premier League in 2011-12.
75,league,Who were the 2011-12 Premier League winners?,Manchester City won the Premier League in 2011-12.
75,league,Which team won the 2011-12 Premier League?,Manchester City won the Premier League in 2011-12.
75,league,The 2011-12 Premier League champions were?,Manchester City won the Premier League in 2011-12.
75,league,Which club won the 2011-12 Premier League title?,Manchester City won the Premier League in 2011-12.
75,league,Who claimed the 2011-12 Premier League title?,Manchester City won the Premier League in 2011-12.
75,league,2011-12 Premier League winning team?,Manchester City won the Premier League in 2011-12.
75,league,Name the 2011-12 Premier League winner.,Manchester City won the Premier League in 2011-12.
75,league,Which team were the 2011-12 English league champions?,Manchester City won the Premier League in 2011-12.
75,league,Who won the English Premier League in 2011-12?,Manchester City won the Premier League in 2011-12.
75,league,The winner of the 2011-12 Premier League was?,Manchester City won the Premier League in 2011-12.
75,league,Which club topped the 2011-12 Premier League?,Manchester City won the Premier League in 2011-12.
75,league,Who were the champions of the 2011-12 Premier League?,Manchester City won the Premier League in 2011-12.
75,league,2011-12 Premier League title winner?,Manchester City won the Premier League in 2011-12.
75,league,Which team won the 2011-12 English Premier League?,Manchester City won the Premier League in 2011-12.
75,league,Who won the 2011-12 Premier League season?,Manchester City won the Premier League in 2011-12.
75,league,Premier League 2011-12 champions?,Manchester City won the Premier League in 2011-12.
92,awards,Which player was awarded the 2011 Ballon d'Or?,Lionel Messi won the 2011 Ballon d'Or.
92,awards,Who won the Ballon d'Or in 2011?,Lionel Messi won the 2011 Ballon d'Or.
92,awards,Who took home the Ballon d'Or in 2011?,Lionel Messi won the 2011 Ballon d'Or.
92,awards,Name the 2011 Ballon d'Or winner.,Lionel Messi won the 2011 Ballon d'Or.
92,awards,The 2011 Ballon d'Or was won by?,Lionel Messi won the 2011 Ballon d'Or.
92,awards,Who was the 2011 Ballon d'Or recipient?,Lionel Messi won the 2011 Ballon d'Or.
92,awards,Which player won the 2011 Ballon d'Or?,Lionel Messi won the 2011 Ballon d'Or.
92,awards,2011 Ballon d'Or winner?,Lionel Messi won the 2011 Ballon d'Or.
92,awards,Name the recipient of the 2011 Ballon d'Or.,Lionel Messi won the 2011 Ballon d'Or.
92,awards,Who was awarded the Ballon d'Or in 2011?,Lionel Messi won the 2011 Ballon d'Or.
92,awards,The winner of the 2011 Ballon d'Or was?,Lionel Messi won the 2011 Ballon d'Or.
92,awards,Which footballer won the 2011 Ballon d'Or?,Lionel Messi won the 2011 Ballon d'Or.
92,awards,2011 Ballon d'Or award winner?,Lionel Messi won the 2011 Ballon d'Or.
92,awards,Who claimed the 2011 Ballon d'Or?,Lionel Messi won the 2011 Ballon d'Or.
92,awards,Name the player who won the 2011 Ballon d'Or.,Lionel Messi won the 2011 Ballon d'Or.
92,awards,Who received the 2011 Ballon d'Or?,Lionel Messi won the 2011 Ballon d'Or.
92,awards,2011 Ballon d'Or winner is?,Lionel Messi won the 2011 Ballon d'Or.
92,awards,Which player took the 2011 Ballon d'Or?,Lionel Messi won the 2011 Ballon d'Or.
92,awards,Who was the winner of the 2011 Ballon d'Or?,Lionel Messi won the 2011 Ballon d'Or.
92,awards,The 2011 Ballon d'Or recipient was?,Lionel Messi won the 2011 Ballon d'Or.
48,world_cup,Which country were the 2010 World Cup champions?,Spain won the 2010 World Cup.
48,world_cup,Name the team that won the 2010 World Cup.,Spain won the 2010 World Cup.
48,world_cup,Who won the FIFA World Cup in 2010?,Spain won the 2010 World Cup.
48,world_cup,Which nation lifted the World Cup trophy in 2010?,Spain won the 2010 World Cup.
48,world_cup,Who were the 2010 World Cup winners?,Spain won the 2010 World Cup.
48,world_cup,Which team was the 2010 World Cup champion?,Spain won the 2010 World Cup.
48,world_cup,The winner of the 2010 World Cup was?,Spain won the 2010 World Cup.
48,world_cup,Which country won the 2010 FIFA World Cup?,Spain won the 2010 World Cup.
48,world_cup,2010 World Cup winning team?,Spain won the 2010 World Cup.
48,world_cup,Name the 2010 World Cup winner.,Spain won the 2010 World Cup.
48,world_cup,Who was the 2010 World Cup champion?,Spain won the 2010 World Cup.
48,world_cup,Which nation won the 2010 World Cup?,Spain won the 2010 World Cup.
48,world_cup,Who lifted the 2010 World Cup?,Spain won the 2010 World Cup.
48,world_cup,The 2010 World Cup was won by which country?,Spain won the 2010 World Cup.
48,world_cup,Which team won the 2010 FIFA World Cup?,Spain won the 2010 World Cup.
48,world_cup,2010 FIFA World Cup champion?,Spain won the 2010 World Cup.
48,world_cup,Name the 2010 FIFA World Cup winning nation.,Spain won the 2010 World Cup.
48,world_cup,Who won the 2010 World Cup final?,Spain won the 2010 World Cup.
48,world_cup,Which country was the 2010 World Cup winner?,Spain won the 2010 World Cup.
48,world_cup,The 2010 World Cup champions were?,Spain won the 2010 World Cup.
196,managers,Who was the manager when Manchester United won the treble in 1999?,Alex Ferguson was the manager when that happened.
196,managers,Which coach led the team when Manchester United won the treble in 1999?,Alex Ferguson was the manager when that happened.
196,managers,Name the manager in charge when Manchester United won the treble in 1999.,Alex Ferguson was the manager when that happened.
196,managers,Who was the head coach when Manchester United won the treble in 1999?,Alex Ferguson was the manager when that happened.
196,managers,Which manager guided Manchester United to the treble in 1999?,Alex Ferguson was the manager when that happened.
196,managers,Who managed Manchester United during their 1999 treble win?,Alex Ferguson was the manager when that happened.
196,managers,Manchester United's 1999 treble winning manager was?,Alex Ferguson was the manager when that happened.
196,managers,Who was Manchester United's manager for their 1999 treble?,Alex Ferguson was the manager when that happened.
196,managers,The coach who led Manchester United to the 1999 treble was?,Alex Ferguson was the manager when that happened.
196,managers,Name the Manchester United manager for the 1999 treble victory.,Alex Ferguson was the manager when that happened.
196,managers,Who was in charge of Manchester United when they won the 1999 treble?,Alex Ferguson was the manager when that happened.
196,managers,Which coach was at Manchester United for their 1999 treble win?,Alex Ferguson was the manager when that happened.
196,managers,Manager of Manchester United's 1999 treble winning team?,Alex Ferguson was the manager when that happened.
196,managers,Who was the Manchester United coach in their 1999 treble triumph?,Alex Ferguson was the manager when that happened.
196,managers,Manchester United won the treble in 1999 under which manager?,Alex Ferguson was the manager when that happened.
196,managers,Which manager was in charge for Manchester United's 1999 treble title?,Alex Ferguson was the manager when that happened.
196,managers,Name the coach of Manchester United's 1999 treble champions.,Alex Ferguson was the manager when that happened.
196,managers,Who was the manager of Manchester United in 1999?,Alex Ferguson was the manager when that happened.
196,managers,Who was Manchester United's coach when they won the treble in 1999?,Alex Ferguson was the manager when that happened.
196,managers,The manager of Manchester United's 1998-99 treble win was?,Alex Ferguson was the manager when that happened.
224,records,Who was the top scorer of the 2022 World Cup in Qatar?,Kylian Mbappe won the 2022 World Cup Golden Boot with 8 goals.
224,records,Name the 2022 World Cup top goalscorer.,Kylian Mbappe won the 2022 World Cup Golden Boot with 8 goals.
224,records,Which player scored the most goals in Qatar 2022?,Kylian Mbappe won the 2022 World Cup Golden Boot with 8 goals.
224,records,Who won the Golden Boot at the 2022 World Cup?,Kylian Mbappe won the 2022 World Cup Golden Boot with 8 goals.
224,records,Who was the leading goalscorer at the 2022 World Cup?,Kylian Mbappe won the 2022 World Cup Golden Boot with 8 goals.
224,records,Top scorer of the 2022 FIFA World Cup?,Kylian Mbappe won the 2022 World Cup Golden Boot with 8 goals.
224,records,Who scored the most goals at the 2022 World Cup?,Kylian Mbappe won the 2022 World Cup Golden Boot with 8 goals.
224,records,The top goalscorer of the 2022 World Cup was?,Kylian Mbappe won the 2022 World Cup Golden Boot with 8 goals.
224,records,Who was the 2022 World Cup Golden Boot winner?,Kylian Mbappe won the 2022 World Cup Golden Boot with 8 goals.
224,records,Which player was the top scorer in the 2022 World Cup?,Kylian Mbappe won the 2022 World Cup Golden Boot with 8 goals.
224,records,2022 World Cup top scorer?,Kylian Mbappe won the 2022 World Cup Golden Boot with 8 goals.
224,records,Who won the Golden Boot in Qatar 2022?,Kylian Mbappe won the 2022 World Cup Golden Boot with 8 goals.
224,records,Name the top scorer of the 2022 FIFA World Cup.,Kylian Mbappe won the 2022 World Cup Golden Boot with 8 goals.
224,records,Who was the highest scorer at the 2022 World Cup?,Kylian Mbappe won the 2022 World Cup Golden Boot with 8 goals.
224,records,Which footballer was the top scorer of the 2022 World Cup?,Kylian Mbappe won the 2022 World Cup Golden Boot with 8 goals.
224,records,Who claimed the 2022 World Cup Golden Boot?,Kylian Mbappe won the 2022 World Cup Golden Boot with 8 goals.
224,records,2022 World Cup Golden Boot winner?,Kylian Mbappe won the 2022 World Cup Golden Boot with 8 goals.
224,records,Who was the top goalscorer in Qatar 2022?,Kylian Mbappe won the 2022 World Cup Golden Boot with 8 goals.
224,records,The 2022 World Cup top scorer was?,Kylian Mbappe won the 2022 World Cup Golden Boot with 8 goals.
224,records,Name the player with the most goals at the 2022 World Cup.,Kylian Mbappe won the 2022 World Cup Golden Boot with 8 goals.
133,clubs,What is the name of Benfica's home stadium?,Benfica play at Estadio da Luz.
133,clubs,Where does Benfica play its home games?,Benfica play at Estadio da Luz.
133,clubs,Which stadium is home to Benfica?,Benfica play at Estadio da Luz.
133,clubs,Name the ground of Benfica.,Benfica play at Estadio da Luz.
133,clubs,What stadium do Benfica play in?,Benfica play at Estadio da Luz.
133,clubs,Benfica's home ground is called?,Benfica play at Estadio da Luz.
133,clubs,The home stadium of Benfica is?,Benfica play at Estadio da Luz.
133,clubs,What is the name of the stadium where Benfica plays?,Benfica play at Estadio da Luz.
133,clubs,Which ground does Benfica use for home matches?,Benfica play at Estadio da Luz.
133,clubs,Name the home venue of Benfica.,Benfica play at Estadio da Luz.
133,clubs,What is Benfica's stadium called?,Benfica play at Estadio da Luz.
133,clubs,Where do Benfica play their home fixtures?,Benfica play at Estadio da Luz.
133,clubs,The stadium of Benfica is known as?,Benfica play at Estadio da Luz.
133,clubs,Benfica's home field is?,Benfica play at Estadio da Luz.
133,clubs,What is the home of Benfica?,Benfica play at Estadio da Luz.
133,clubs,Which stadium does Benfica call home?,Benfica play at Estadio da Luz.
133,clubs,Name Benfica's stadium.,Benfica play at Estadio da Luz.
133,clubs,The home ground for Benfica is?,Benfica play at Estadio da Luz.
133,clubs,Where is Benfica's home stadium?,Benfica play at Estadio da Luz.
133,clubs,What stadium is Benfica's home?,Benfica play at Estadio da Luz.
190,players,Il Fenomeno is the nickname of which person?,Ronaldo Nazario is known as Il Fenomeno.
190,players,Which football figure has the nickname Il Fenomeno?,Ronaldo Nazario is known as Il Fenomeno.
190,players,Who is known as Il Fenomeno?,Ronaldo Nazario is known as Il Fenomeno.
190,players,Who goes by the nickname Il Fenomeno?,Ronaldo Nazario is known as Il Fenomeno.
190,players,Which player is nicknamed Il Fenomeno?,Ronaldo Nazario is known as Il Fenomeno.
190,players,The nickname Il Fenomeno belongs to which footballer?,Ronaldo Nazario is known as Il Fenomeno.
190,players,Who is the footballer called Il Fenomeno?,Ronaldo Nazario is known as Il Fenomeno.
190,players,Il Fenomeno is the moniker of which player?,Ronaldo Nazario is known as Il Fenomeno.
190,players,Which footballer is known as Il Fenomeno?,Ronaldo Nazario is known as Il Fenomeno.
190,players,Who has the nickname Il Fenomeno?,Ronaldo Nazario is known as Il Fenomeno.
190,players,Il Fenomeno nickname belongs to?,Ronaldo Nazario is known as Il Fenomeno.
190,players,Which player is referred to as Il Fenomeno?,Ronaldo Nazario is known as Il Fenomeno.
190,players,Who is the player with the nickname Il Fenomeno?,Ronaldo Nazario is known as Il Fenomeno.
190,players,The footballer known as Il Fenomeno is?,Ronaldo Nazario is known as Il Fenomeno.
190,players,Which player's nickname is Il Fenomeno?,Ronaldo Nazario is known as Il Fenomeno.
190,players,Who is Il Fenomeno in football?,Ronaldo Nazario is known as Il Fenomeno.
190,players,Il Fenomeno is the alias of which footballer?,Ronaldo Nazario is known as Il Fenomeno.
190,players,Which football star is called Il Fenomeno?,Ronaldo Nazario is known as Il Fenomeno.
190,players,Name the player nicknamed Il Fenomeno.,Ronaldo Nazario is known as Il Fenomeno.
190,players,The player with the nickname Il Fenomeno is?,Ronaldo Nazario is known as Il Fenomeno.
235,records,Who is the most successful team in UEFA Cup and Europa League history?,"Sevilla have won the most Europa League titles, with 7."
235,records,Name the record Europa League champion.,"Sevilla have won the most Europa League titles, with 7."
235,records,Which team has the most Europa League trophies?,"Sevilla have won the most Europa League titles, with 7."
235,records,Which club has won the most Europa League titles?,"Sevilla have won the most Europa League titles, with 7."
235,records,Who has won the most UEFA Cup/Europa League titles?,"Sevilla have won the most Europa League titles, with 7."
235,records,The most successful club in Europa League history is?,"Sevilla have won the most Europa League titles, with 7."
235,records,Which team has won the most UEFA Cup and Europa League titles?,"Sevilla have won the most Europa League titles, with 7."
235,records,Most Europa League titles won by which club?,"Sevilla have won the most Europa League titles, with 7."
235,records,Who is the most decorated team in the Europa League?,"Sevilla have won the most Europa League titles, with 7."
235,records,Which club has the most UEFA Cup/Europa League wins?,"Sevilla have won the most Europa League titles, with 7."
235,records,Name the most successful team in Europa League history.,"Sevilla have won the most Europa League titles, with 7."
235,records,Which team holds the record for most Europa League titles?,"Sevilla have won the most Europa League titles, with 7."
235,records,The club with the most Europa League trophies is?,"Sevilla have won the most Europa League titles, with 7."
235,records,Who has the most UEFA Cup/Europa League trophies?,"Sevilla have won the most Europa League titles, with 7."
235,records,Which team is the most successful in Europa League history?,"Sevilla have won the most Europa League titles, with 7."
235,records,Most successful club in the UEFA Cup/Europa League?,"Sevilla have won the most Europa League titles, with 7."
235,records,Which club has won the most Europa League championships?,"Sevilla have won the most Europa League titles, with 7."
235,records,Name the team with the most Europa League wins.,"Sevilla have won the most Europa League titles, with 7."
235,records,Which club is the record Europa League champion?,"Sevilla have won the most Europa League titles, with 7."
235,records,The team with the most Europa League titles is?,"Sevilla have won the most Europa League titles, with 7."
61,world_cup,Name the host nation of the 2006 World Cup.,The 2006 World Cup was hosted by Germany.
61,world_cup,Which country hosted the World Cup in 2006?,The 2006 World Cup was hosted by Germany.
61,world_cup,Who were the hosts of the 2006 World Cup?,The 2006 World Cup was hosted by Germany.
61,world_cup,Where was the 2006 FIFA World Cup held?,The 2006 World Cup was hosted by Germany.
61,world_cup,Which nation was the host of the 2006 World Cup?,The 2006 World Cup was hosted by Germany.
61,world_cup,Tell me the host country of the 2006 World Cup.,The 2006 World Cup was hosted by Germany.
61,world_cup,What country hosted the 2006 World Cup?,The 2006 World Cup was hosted by Germany.
61,world_cup,The 2006 World Cup was held in which country?,The 2006 World Cup was hosted by Germany.
61,world_cup,Which country was the host for the 2006 World Cup?,The 2006 World Cup was hosted by Germany.
61,world_cup,Host nation of the 2006 FIFA World Cup?,The 2006 World Cup was hosted by Germany.
61,world_cup,Can you name the host of the 2006 World Cup?,The 2006 World Cup was hosted by Germany.
61,world_cup,The host nation for the 2006 World Cup was?,The 2006 World Cup was hosted by Germany.
61,world_cup,Which nation hosted the 2006 FIFA World Cup?,The 2006 World Cup was hosted by Germany.
61,world_cup,2006 World Cup host country?,The 2006 World Cup was hosted by Germany.
61,world_cup,Name the country that hosted the 2006 World Cup.,The 2006 World Cup was hosted by Germany.
61,world_cup,Who was the host of the 2006 World Cup?,The 2006 World Cup was hosted by Germany.
61,world_cup,Which country held the 2006 World Cup?,The 2006 World Cup was hosted by Germany.
61,world_cup,The 2006 World Cup host was which nation?,The 2006 World Cup was hosted by Germany.
61,world_cup,Name the 2006 World Cup host.,The 2006 World Cup was hosted by Germany.
61,world_cup,Which country was the 2006 World Cup host?,The 2006 World Cup was hosted by Germany.
106,awards,How many Ballon d'Or awards has Lionel Messi won?,Lionel Messi has won the Ballon d'Or 8 time(s).
106,awards,Tell me the number of Ballon d'Or trophies Lionel Messi has.,Lionel Messi has won the Ballon d'Or 8 time(s).
106,awards,What is the Ballon d'Or count of Lionel Messi?,Lionel Messi has won the Ballon d'Or 8 time(s).
106,awards,How many times did Lionel Messi win the Ballon d'Or?,Lionel Messi has won the Ballon d'Or 8 time(s).
106,awards,What is Lionel Messi's Ballon d'Or tally?,Lionel Messi has won the Ballon d'Or 8 time(s).
106,awards,Number of Ballon d'Or awards won by Lionel Messi?,Lionel Messi has won the Ballon d'Or 8 time(s).
106,awards,Lionel Messi has won how many Ballon d'Or awards?,Lionel Messi has won the Ballon d'Or 8 time(s).
106,awards,How many Ballon d'Ors does Lionel Messi have?,Lionel Messi has won the Ballon d'Or 8 time(s).
106,awards,Lionel Messi's Ballon d'Or wins count?,Lionel Messi has won the Ballon d'Or 8 time(s).
106,awards,The number of Ballon d'Or awards for Lionel Messi is?,Lionel Messi has won the Ballon d'Or 8 time(s).
106,awards,How many Ballon d'Or trophies has Lionel Messi won?,Lionel Messi has won the Ballon d'Or 8 time(s).
106,awards,What is the total Ballon d'Or count for Lionel Messi?,Lionel Messi has won the Ballon d'Or 8 time(s).
106,awards,How many Ballon d'Or awards did Lionel Messi win?,Lionel Messi has won the Ballon d'Or 8 time(s).
106,awards,Lionel Messi Ballon d'Or total?,Lionel Messi has won the Ballon d'Or 8 time(s).
106,awards,Count of Lionel Messi's Ballon d'Or awards?,Lionel Messi has won the Ballon d'Or 8 time(s).
106,awards,How many Ballon d'Ors has Lionel Messi won?,Lionel Messi has won the Ballon d'Or 8 time(s).
106,awards,Lionel Messi has won the Ballon d'Or how many times?,Lionel Messi has won the Ballon d'Or 8 time(s).
106,awards,Number of Ballon d'Or trophies for Lionel Messi?,Lionel Messi has won the Ballon d'Or 8 time(s).
106,awards,What is the number of Ballon d'Or awards Lionel Messi has?,Lionel Messi has won the Ballon d'Or 8 time(s).
106,awards,How many times has Lionel Messi won the Ballon d'Or?,Lionel Messi has won the Ballon d'Or 8 time(s).
130,clubs,Name the ground of Paris Saint-Germain.,Paris Saint-Germain play at the Parc des Princes.
130,clubs,Where does Paris Saint-Germain play its home games?,Paris Saint-Germain play at the Parc des Princes.
130,clubs,Which stadium is home to Paris Saint-Germain?,Paris Saint-Germain play at the Parc des Princes.
130,clubs,What is the name of Paris Saint-Germain's home stadium?,Paris Saint-Germain play at the Parc des Princes.
130,clubs,What stadium do Paris Saint-Germain play in?,Paris Saint-Germain play at the Parc des Princes.
130,clubs,Paris Saint-Germain's home ground is called?,Paris Saint-Germain play at the Parc des Princes.
130,clubs,The home stadium of Paris Saint-Germain is?,Paris Saint-Germain play at the Parc des Princes.
130,clubs,What is the name of the stadium where Paris Saint-Germain plays?,Paris Saint-Germain play at the Parc des Princes.
130,clubs,Which ground does Paris Saint-Germain use for home matches?,Paris Saint-Germain play at the Parc des Princes.
130,clubs,Name the home venue of Paris Saint-Germain.,Paris Saint-Germain play at the Parc des Princes.
130,clubs,What is Paris Saint-Germain's stadium called?,Paris Saint-Germain play at the Parc des Princes.
130,clubs,Where do Paris Saint-Germain play their home fixtures?,Paris Saint-Germain play at the Parc des Princes.
130,clubs,The stadium of Paris Saint-Germain is known as?,Paris Saint-Germain play at the Parc des Princes.
130,clubs,Paris Saint-Germain's home field is?,Paris Saint-Germain play at the Parc des Princes.
130,clubs,What is the home of Paris Saint-Germain?,Paris Saint-Germain play at the Parc des Princes.
130,clubs,Which stadium does Paris Saint-Germain call home?,Paris Saint-Germain play at the Parc des Princes.
130,clubs,Name Paris Saint-Germain's stadium.,Paris Saint-Germain play at the Parc des Princes.
130,clubs,The home ground for Paris Saint-Germain is?,Paris Saint-Germain play at the Parc des Princes.
130,clubs,Where is Paris Saint-Germain's home stadium?,Paris Saint-Germain play at the Parc des Princes.
130,clubs,What stadium is Paris Saint-Germain's home?,Paris Saint-Germain play at the Parc des Princes.
9,trophies,How many Champions League titles has Chelsea won?,Chelsea have won the European Cup / Champions League 2 time(s).
9,trophies,Tell me how many Champions League trophies Chelsea have lifted.,Chelsea have won the European Cup / Champions League 2 time(s).
9,trophies,What is the number of European Cup trophies won by Chelsea?,Chelsea have won the European Cup / Champions League 2 time(s).
9,trophies,How many times did Chelsea win the UEFA Champions League?,Chelsea have won the European Cup / Champions League 2 time(s).
9,trophies,What is Chelsea's Champions League title count?,Chelsea have won the European Cup / Champions League 2 time(s).
9,trophies,Number of Champions League titles won by Chelsea?,Chelsea have won the European Cup / Champions League 2 time(s).
9,trophies,Chelsea has won how many Champions League titles?,Chelsea have won the European Cup / Champions League 2 time(s).
9,trophies,How many Champions League trophies does Chelsea have?,Chelsea have won the European Cup / Champions League 2 time(s).
9,trophies,Chelsea's Champions League wins count?,Chelsea have won the European Cup / Champions League 2 time(s).
9,trophies,The number of Champions League titles for Chelsea is?,Chelsea have won the European Cup / Champions League 2 time(s).
9,trophies,How many European Cup / Champions League titles has Chelsea won?,Chelsea have won the European Cup / Champions League 2 time(s).
9,trophies,What is the total Champions League count for Chelsea?,Chelsea have won the European Cup / Champions League 2 time(s).
9,trophies,How many Champions League awards did Chelsea win?,Chelsea have won the European Cup / Champions League 2 time(s).
9,trophies,Chelsea Champions League total?,Chelsea have won the European Cup / Champions League 2 time(s).
9,trophies,Count of Chelsea's Champions League titles?,Chelsea have won the European Cup / Champions League 2 time(s).
9,trophies,How many Champions League trophies has Chelsea won?,Chelsea have won the European Cup / Champions League 2 time(s).
9,trophies,Chelsea has won the Champions League how many times?,Chelsea have won the European Cup / Champions League 2 time(s).
9,trophies,Number of Champions League trophies for Chelsea?,Chelsea have won the European Cup / Champions League 2 time(s).
9,trophies,What is the number of Champions League titles Chelsea has?,Chelsea have won the European Cup / Champions League 2 time(s).
9,trophies,How many times has Chelsea won the Champions League?,Chelsea have won the European Cup / Champions League 2 time(s).
43,world_cup,Which nation lifted the World Cup trophy in 1990?,West Germany won the 1990 World Cup.
43,world_cup,Which country were the 1990 World Cup champions?,West Germany won the 1990 World Cup.
43,world_cup,Name the team that won the 1990 World Cup.,West Germany won the 1990 World Cup.
43,world_cup,Who won the FIFA World Cup in 1990?,West Germany won the 1990 World Cup.
43,world_cup,Who were the 1990 World Cup winners?,West Germany won the 1990 World Cup.
43,world_cup,Which team was the 1990 World Cup champion?,West Germany won the 1990 World Cup.
43,world_cup,The winner of the 1990 World Cup was?,West Germany won the 1990 World Cup.
43,world_cup,Which country won the 1990 FIFA World Cup?,West Germany won the 1990 World Cup.
43,world_cup,1990 World Cup winning team?,West Germany won the 1990 World Cup.
43,world_cup,Name the 1990 World Cup winner.,West Germany won the 1990 World Cup.
43,world_cup,Who was the 1990 World Cup champion?,West Germany won the 1990 World Cup.
43,world_cup,Which nation won the 1990 World Cup?,West Germany won the 1990 World Cup.
43,world_cup,Who lifted the 1990 World Cup?,West Germany won the 1990 World Cup.
43,world_cup,The 1990 World Cup was won by which country?,West Germany won the 1990 World Cup.
43,world_cup,Which team won the 1990 FIFA World Cup?,West Germany won the 1990 World Cup.
43,world_cup,1990 FIFA World Cup champion?,West Germany won the 1990 World Cup.
43,world_cup,Name the 1990 FIFA World Cup winning nation.,West Germany won the 1990 World Cup.
43,world_cup,Who won the 1990 World Cup final?,West Germany won the 1990 World Cup.
43,world_cup,Which country was the 1990 World Cup winner?,West Germany won the 1990 World Cup.
43,world_cup,The 1990 World Cup champions were?,West Germany won the 1990 World Cup.
193,players,Which football figure has the nickname The Egyptian King?,Mohamed Salah is known as The Egyptian King.
193,players,Who goes by the nickname The Egyptian King?,Mohamed Salah is known as The Egyptian King.
193,players,Who is known as The Egyptian King?,Mohamed Salah is known as The Egyptian King.
193,players,Which player is nicknamed The Egyptian King?,Mohamed Salah is known as The Egyptian King.
193,players,The nickname The Egyptian King belongs to which footballer?,Mohamed Salah is known as The Egyptian King.
193,players,Who is the footballer called The Egyptian King?,Mohamed Salah is known as The Egyptian King.
193,players,The Egyptian King is the moniker of which player?,Mohamed Salah is known as The Egyptian King.
193,players,Which footballer is known as The Egyptian King?,Mohamed Salah is known as The Egyptian King.
193,players,Who has the nickname The Egyptian King?,Mohamed Salah is known as The Egyptian King.
193,players,The Egyptian King nickname belongs to?,Mohamed Salah is known as The Egyptian King.
193,players,Which player is referred to as The Egyptian King?,Mohamed Salah is known as The Egyptian King.
193,players,Who is the player with the nickname The Egyptian King?,Mohamed Salah is known as The Egyptian King.
193,players,The footballer known as The Egyptian King is?,Mohamed Salah is known as The Egyptian King.
193,players,Which player's nickname is The Egyptian King?,Mohamed Salah is known as The Egyptian King.
193,players,Who is The Egyptian King in football?,Mohamed Salah is known as The Egyptian King.
193,players,The Egyptian King is the alias of which footballer?,Mohamed Salah is known as The Egyptian King.
193,players,Which football star is called The Egyptian King?,Mohamed Salah is known as The Egyptian King.
193,players,Name the player nicknamed The Egyptian King.,Mohamed Salah is known as The Egyptian King.
193,players,The player with the nickname The Egyptian King is?,Mohamed Salah is known as The Egyptian King.
193,players,Who is the Egyptian King?,Mohamed Salah is known as The Egyptian King.
250,rules,How do you get a corner in football?,"A corner kick is awarded when the ball goes over the goal line, last touched by a defending player."
250,rules,When does a team get a corner?,"A corner kick is awarded when the ball goes over the goal line, last touched by a defending player."
250,rules,When is a corner kick awarded?,"A corner kick is awarded when the ball goes over the goal line, last touched by a defending player."
250,rules,What is a corner kick in football?,"A corner kick is awarded when the ball goes over the goal line, last touched by a defending player."
250,rules,How is a corner kick awarded?,"A corner kick is awarded when the ball goes over the goal line, last touched by a defending player."
250,rules,What leads to a corner kick?,"A corner kick is awarded when the ball goes over the goal line, last touched by a defending player."
250,rules,When is a corner given?,"A corner kick is awarded when the ball goes over the goal line, last touched by a defending player."
250,rules,What causes a corner kick?,"A corner kick is awarded when the ball goes over the goal line, last touched by a defending player."
250,rules,How is a corner awarded in football?,"A corner kick is awarded when the ball goes over the goal line, last touched by a defending player."
250,rules,What is the rule for a corner kick?,"A corner kick is awarded when the ball goes over the goal line, last touched by a defending player."
250,rules,When do you get a corner kick?,"A corner kick is awarded when the ball goes over the goal line, last touched by a defending player."
250,rules,What happens when the ball goes over the goal line last touched by a defender?,"A corner kick is awarded when the ball goes over the goal line, last touched by a defending player."
250,rules,How does a corner kick happen?,"A corner kick is awarded when the ball goes over the goal line, last touched by a defending player."
250,rules,What is the condition for a corner kick?,"A corner kick is awarded when the ball goes over the goal line, last touched by a defending player."
250,rules,When is a corner kick given in football?,"A corner kick is awarded when the ball goes over the goal line, last touched by a defending player."
250,rules,What triggers a corner kick?,"A corner kick is awarded when the ball goes over the goal line, last touched by a defending player."
250,rules,How do you get a corner kick?,"A corner kick is awarded when the ball goes over the goal line, last touched by a defending player."
250,rules,What is the rule for awarding a corner?,"A corner kick is awarded when the ball goes over the goal line, last touched by a defending player."
250,rules,When does a corner kick occur?,"A corner kick is awarded when the ball goes over the goal line, last touched by a defending player."
250,rules,What leads to a corner being awarded?,"A corner kick is awarded when the ball goes over the goal line, last touched by a defending player."
82,league,Which team topped the Premier League table in 2018-19?,Manchester City won the Premier League in 2018-19.
82,league,Which club were the 2018-19 Premier League champions?,Manchester City won the Premier League in 2018-19.
82,league,Who won the Premier League in the 2018-19 season?,Manchester City won the Premier League in 2018-19.
82,league,Name the team that won the English league title in 2018-19.,Manchester City won the Premier League in 2018-19.
82,league,Who were the 2018-19 Premier League winners?,Manchester City won the Premier League in 2018-19.
82,league,Which team won the 2018-19 Premier League?,Manchester City won the Premier League in 2018-19.
82,league,The 2018-19 Premier League champions were?,Manchester City won the Premier League in 2018-19.
82,league,Which club won the 2018-19 Premier League title?,Manchester City won the Premier League in 2018-19.
82,league,Who claimed the 2018-19 Premier League title?,Manchester City won the Premier League in 2018-19.
82,league,2018-19 Premier League winning team?,Manchester City won the Premier League in 2018-19.
82,league,Name the 2018-19 Premier League winner.,Manchester City won the Premier League in 2018-19.
82,league,Which team were the 2018-19 English league champions?,Manchester City won the Premier League in 2018-19.
82,league,Who won the English Premier League in 2018-19?,Manchester City won the Premier League in 2018-19.
82,league,The winner of the 2018-19 Premier League was?,Manchester City won the Premier League in 2018-19.
82,league,Which club topped the 2018-19 Premier League?,Manchester City won the Premier League in 2018-19.
82,league,Who were the champions of the 2018-19 Premier League?,Manchester City won the Premier League in 2018-19.
82,league,2018-19 Premier League title winner?,Manchester City won the Premier League in 2018-19.
82,league,Which team won the 2018-19 English Premier League?,Manchester City won the Premier League in 2018-19.
82,league,Who won the 2018-19 Premier League season?,Manchester City won the Premier League in 2018-19.
82,league,Premier League 2018-19 champions?,Manchester City won the Premier League in 2018-19.
65,world_cup,Name the host nation of the 2022 World Cup.,The 2022 World Cup was hosted by Qatar.
65,world_cup,Which country hosted the World Cup in 2022?,The 2022 World Cup was hosted by Qatar.
65,world_cup,Who were the hosts of the 2022 World Cup?,The 2022 World Cup was hosted by Qatar.
65,world_cup,Where was the 2022 FIFA World Cup held?,The 2022 World Cup was hosted by Qatar.
65,world_cup,Which nation was the host of the 2022 World Cup?,The 2022 World Cup was hosted by Qatar.
65,world_cup,Tell me the host country of the 2022 World Cup.,The 2022 World Cup was hosted by Qatar.
65,world_cup,What country hosted the 2022 World Cup?,The 2022 World Cup was hosted by Qatar.
65,world_cup,The 2022 World Cup was held in which country?,The 2022 World Cup was hosted by Qatar.
65,world_cup,Which country was the host for the 2022 World Cup?,The 2022 World Cup was hosted by Qatar.
65,world_cup,Host nation of the 2022 FIFA World Cup?,The 2022 World Cup was hosted by Qatar.
65,world_cup,Can you name the host of the 2022 World Cup?,The 2022 World Cup was hosted by Qatar.
65,world_cup,The host nation for the 2022 World Cup was?,The 2022 World Cup was hosted by Qatar.
65,world_cup,Which nation hosted the 2022 FIFA World Cup?,The 2022 World Cup was hosted by Qatar.
65,world_cup,2022 World Cup host country?,The 2022 World Cup was hosted by Qatar.
65,world_cup,Name the country that hosted the 2022 World Cup.,The 2022 World Cup was hosted by Qatar.
65,world_cup,Who was the host of the 2022 World Cup?,The 2022 World Cup was hosted by Qatar.
65,world_cup,Which country held the 2022 World Cup?,The 2022 World Cup was hosted by Qatar.
65,world_cup,The 2022 World Cup host was which nation?,The 2022 World Cup was hosted by Qatar.
65,world_cup,Name the 2022 World Cup host.,The 2022 World Cup was hosted by Qatar.
65,world_cup,Which country was the 2022 World Cup host?,The 2022 World Cup was hosted by Qatar.
264,rules,Can a goal be scored directly from an indirect free kick?,"An indirect free kick needs a second player to touch the ball before a goal can count, and is given for offences like offside."
264,rules,What is an indirect free kick?,"An indirect free kick needs a second player to touch the ball before a goal can count, and is given for offences like offside."
264,rules,How does an indirect free kick work?,"An indirect free kick needs a second player to touch the ball before a goal can count, and is given for offences like offside."
264,rules,When is an indirect free kick awarded?,"An indirect free kick needs a second player to touch the ball before a goal can count, and is given for offences like offside."
264,rules,What is the rule for an indirect free kick?,"An indirect free kick needs a second player to touch the ball before a goal can count, and is given for offences like offside."
264,rules,Explain an indirect free kick.,"An indirect free kick needs a second player to touch the ball before a goal can count, and is given for offences like offside."
264,rules,What happens on an indirect free kick?,"An indirect free kick needs a second player to touch the ball before a goal can count, and is given for offences like offside."
264,rules,How is an indirect free kick taken?,"An indirect free kick needs a second player to touch the ball before a goal can count, and is given for offences like offside."
264,rules,What is the definition of an indirect free kick?,"An indirect free kick needs a second player to touch the ball before a goal can count, and is given for offences like offside."
264,rules,When is an indirect free kick given?,"An indirect free kick needs a second player to touch the ball before a goal can count, and is given for offences like offside."
264,rules,What is an indirect free kick in football?,"An indirect free kick needs a second player to touch the ball before a goal can count, and is given for offences like offside."
264,rules,Can you score directly from an indirect free kick?,"An indirect free kick needs a second player to touch the ball before a goal can count, and is given for offences like offside."
264,rules,What are the rules for an indirect free kick?,"An indirect free kick needs a second player to touch the ball before a goal can count, and is given for offences like offside."
264,rules,How does an indirect free kick differ from a direct one?,"An indirect free kick needs a second player to touch the ball before a goal can count, and is given for offences like offside."
264,rules,What is the purpose of an indirect free kick?,"An indirect free kick needs a second player to touch the ball before a goal can count, and is given for offences like offside."
264,rules,Describe an indirect free kick.,"An indirect free kick needs a second player to touch the ball before a goal can count, and is given for offences like offside."
264,rules,What is an indirect free kick awarded for?,"An indirect free kick needs a second player to touch the ball before a goal can count, and is given for offences like offside."
264,rules,What happens during an indirect free kick?,"An indirect free kick needs a second player to touch the ball before a goal can count, and is given for offences like offside."
264,rules,What is the indirect free kick rule?,"An indirect free kick needs a second player to touch the ball before a goal can count, and is given for offences like offside."
264,rules,How is an indirect free kick signaled?,"An indirect free kick needs a second player to touch the ball before a goal can count, and is given for offences like offside."
150,players,Which country does Erling Haaland come from?,Erling Haaland is from Norway.
150,players,For which country did Erling Haaland play international football?,Erling Haaland is from Norway.
150,players,What is the nationality of Erling Haaland?,Erling Haaland is from Norway.
150,players,Erling Haaland is from which country?,Erling Haaland is from Norway.
150,players,Which nation does Erling Haaland represent?,Erling Haaland is from Norway.
150,players,What country is Erling Haaland from?,Erling Haaland is from Norway.
150,players,Erling Haaland's nationality is?,Erling Haaland is from Norway.
150,players,Where is Erling Haaland from?,Erling Haaland is from Norway.
150,players,Which country is Erling Haaland a citizen of?,Erling Haaland is from Norway.
150,players,Erling Haaland plays for which country?,Erling Haaland is from Norway.
150,players,What is Erling Haaland's country of origin?,Erling Haaland is from Norway.
150,players,Which country does Erling Haaland play for?,Erling Haaland is from Norway.
150,players,Erling Haaland represents which nation?,Erling Haaland is from Norway.
150,players,What nationality is Erling Haaland?,Erling Haaland is from Norway.
150,players,Which country is Erling Haaland from?,Erling Haaland is from Norway.
150,players,Erling Haaland's country is?,Erling Haaland is from Norway.
150,players,Where does Erling Haaland come from?,Erling Haaland is from Norway.
150,players,What nation is Erling Haaland from?,Erling Haaland is from Norway.
150,players,Which country is Erling Haaland associated with?,Erling Haaland is from Norway.
150,players,Erling Haaland is a player from which country?,Erling Haaland is from Norway.
85,league,Name the team that won the English league title in 2021-22.,Manchester City won the Premier League in 2021-22.
85,league,Which team topped the Premier League table in 2021-22?,Manchester City won the Premier League in 2021-22.
85,league,Which club were the 2021-22 Premier League champions?,Manchester City won the Premier League in 2021-22.
85,league,Who won the Premier League in the 2021-22 season?,Manchester City won the Premier League in 2021-22.
85,league,Who were the 2021-22 Premier League winners?,Manchester City won the Premier League in 2021-22.
85,league,Which team won the 2021-22 Premier League?,Manchester City won the Premier League in 2021-22.
85,league,The 2021-22 Premier League champions were?,Manchester City won the Premier League in 2021-22.
85,league,Which club won the 2021-22 Premier League title?,Manchester City won the Premier League in 2021-22.
85,league,Who claimed the 2021-22 Premier League title?,Manchester City won the Premier League in 2021-22.
85,league,2021-22 Premier League winning team?,Manchester City won the Premier League in 2021-22.
85,league,Name the 2021-22 Premier League winner.,Manchester City won the Premier League in 2021-22.
85,league,Which team were the 2021-22 English league champions?,Manchester City won the Premier League in 2021-22.
85,league,Who won the English Premier League in 2021-22?,Manchester City won the Premier League in 2021-22.
85,league,The winner of the 2021-22 Premier League was?,Manchester City won the Premier League in 2021-22.
85,league,Which club topped the 2021-22 Premier League?,Manchester City won the Premier League in 2021-22.
85,league,Who were the champions of the 2021-22 Premier League?,Manchester City won the Premier League in 2021-22.
85,league,2021-22 Premier League title winner?,Manchester City won the Premier League in 2021-22.
85,league,Which team won the 2021-22 English Premier League?,Manchester City won the Premier League in 2021-22.
85,league,Who won the 2021-22 Premier League season?,Manchester City won the Premier League in 2021-22.
85,league,Premier League 2021-22 champions?,Manchester City won the Premier League in 2021-22.
256,rules,How does goal-line technology work?,Goal-line technology uses cameras or sensors to tell the referee instantly if the whole ball crossed the goal line.
256,rules,Which technology tells if the whole ball crossed the line?,Goal-line technology uses cameras or sensors to tell the referee instantly if the whole ball crossed the goal line.
256,rules,What is the purpose of goal line technology?,Goal-line technology uses cameras or sensors to tell the referee instantly if the whole ball crossed the goal line.
256,rules,What is goal line technology?,Goal-line technology uses cameras or sensors to tell the referee instantly if the whole ball crossed the goal line.
256,rules,How does goal line technology function?,Goal-line technology uses cameras or sensors to tell the referee instantly if the whole ball crossed the goal line.
256,rules,What is the role of goal-line technology?,Goal-line technology uses cameras or sensors to tell the referee instantly if the whole ball crossed the goal line.
256,rules,Explain goal-line technology.,Goal-line technology uses cameras or sensors to tell the referee instantly if the whole ball crossed the goal line.
256,rules,What does goal-line technology do?,Goal-line technology uses cameras or sensors to tell the referee instantly if the whole ball crossed the goal line.
256,rules,How is goal-line technology used?,Goal-line technology uses cameras or sensors to tell the referee instantly if the whole ball crossed the goal line.
256,rules,What is the function of goal-line technology?,Goal-line technology uses cameras or sensors to tell the referee instantly if the whole ball crossed the goal line.
256,rules,Describe how goal-line technology works.,Goal-line technology uses cameras or sensors to tell the referee instantly if the whole ball crossed the goal line.
256,rules,What is the aim of goal-line technology?,Goal-line technology uses cameras or sensors to tell the referee instantly if the whole ball crossed the goal line.
256,rules,How does the goal-line technology system work?,Goal-line technology uses cameras or sensors to tell the referee instantly if the whole ball crossed the goal line.
256,rules,What is goal-line technology used for?,Goal-line technology uses cameras or sensors to tell the referee instantly if the whole ball crossed the goal line.
256,rules,Explain the concept of goal-line technology.,Goal-line technology uses cameras or sensors to tell the referee instantly if the whole ball crossed the goal line.
256,rules,What is the principle behind goal-line technology?,Goal-line technology uses cameras or sensors to tell the referee instantly if the whole ball crossed the goal line.
256,rules,How does the goal line technology system operate?,Goal-line technology uses cameras or sensors to tell the referee instantly if the whole ball crossed the goal line.
256,rules,What is the definition of goal-line technology?,Goal-line technology uses cameras or sensors to tell the referee instantly if the whole ball crossed the goal line.
256,rules,What is the main purpose of goal-line technology?,Goal-line technology uses cameras or sensors to tell the referee instantly if the whole ball crossed the goal line.
256,rules,How is goal-line technology implemented?,Goal-line technology uses cameras or sensors to tell the referee instantly if the whole ball crossed the goal line.
234,records,Name the record Africa Cup of Nations champion.,"Egypt have won the most Africa Cup of Nations titles, with 7."
234,records,Which country has won the most Africa Cup of Nations titles?,"Egypt have won the most Africa Cup of Nations titles, with 7."
234,records,Who is the most successful team in AFCON history?,"Egypt have won the most Africa Cup of Nations titles, with 7."
234,records,Which nation has the most African championship trophies?,"Egypt have won the most Africa Cup of Nations titles, with 7."
234,records,Which team has the most Africa Cup of Nations trophies?,"Egypt have won the most Africa Cup of Nations titles, with 7."
234,records,The most successful club in AFCON history is?,"Egypt have won the most Africa Cup of Nations titles, with 7."
234,records,Which country has won the most AFCON titles?,"Egypt have won the most Africa Cup of Nations titles, with 7."
234,records,Most Africa Cup of Nations titles won by which country?,"Egypt have won the most Africa Cup of Nations titles, with 7."
234,records,Who is the most decorated team in the Africa Cup of Nations?,"Egypt have won the most Africa Cup of Nations titles, with 7."
234,records,Which nation has the most AFCON wins?,"Egypt have won the most Africa Cup of Nations titles, with 7."
234,records,Name the most successful team in Africa Cup of Nations history.,"Egypt have won the most Africa Cup of Nations titles, with 7."
234,records,Which country holds the record for most AFCON titles?,"Egypt have won the most Africa Cup of Nations titles, with 7."
234,records,The country with the most Africa Cup of Nations trophies is?,"Egypt have won the most Africa Cup of Nations titles, with 7."
234,records,Who has the most AFCON trophies?,"Egypt have won the most Africa Cup of Nations titles, with 7."
234,records,Which team is the most successful in AFCON history?,"Egypt have won the most Africa Cup of Nations titles, with 7."
234,records,Most successful country in the Africa Cup of Nations?,"Egypt have won the most Africa Cup of Nations titles, with 7."
234,records,Which country has won the most Africa Cup of Nations championships?,"Egypt have won the most Africa Cup of Nations titles, with 7."
234,records,Name the team with the most AFCON wins.,"Egypt have won the most Africa Cup of Nations titles, with 7."
234,records,Which country is the record AFCON champion?,"Egypt have won the most Africa Cup of Nations titles, with 7."
234,records,The team with the most AFCON titles is?,"Egypt have won the most Africa Cup of Nations titles, with 7."
161,players,For which country did Virgil van Dijk play international football?,Virgil van Dijk is from the Netherlands.
161,players,Which country does Virgil van Dijk come from?,Virgil van Dijk is from the Netherlands.
161,players,What is the nationality of Virgil van Dijk?,Virgil van Dijk is from the Netherlands.
161,players,Virgil van Dijk is from which country?,Virgil van Dijk is from the Netherlands.
161,players,Which nation does Virgil van Dijk represent?,Virgil van Dijk is from the Netherlands.
161,players,What country is Virgil van Dijk from?,Virgil van Dijk is from the Netherlands.
161,players,Virgil van Dijk's nationality is?,Virgil van Dijk is from the Netherlands.
161,players,Where is Virgil van Dijk from?,Virgil van Dijk is from the Netherlands.
161,players,Which country is Virgil van Dijk a citizen of?,Virgil van Dijk is from the Netherlands.
161,players,Virgil van Dijk plays for which country?,Virgil van Dijk is from the Netherlands.
161,players,What is Virgil van Dijk's country of origin?,Virgil van Dijk is from the Netherlands.
161,players,Which country does Virgil van Dijk play for?,Virgil van Dijk is from the Netherlands.
161,players,Virgil van Dijk represents which nation?,Virgil van Dijk is from the Netherlands.
161,players,What nationality is Virgil van Dijk?,Virgil van Dijk is from the Netherlands.
161,players,Which country is Virgil van Dijk from?,Virgil van Dijk is from the Netherlands.
161,players,Virgil van Dijk's country is?,Virgil van Dijk is from the Netherlands.
161,players,Where does Virgil van Dijk come from?,Virgil van Dijk is from the Netherlands.
161,players,What nation is Virgil van Dijk from?,Virgil van Dijk is from the Netherlands.
161,players,Which country is Virgil van Dijk associated with?,Virgil van Dijk is from the Netherlands.
161,players,Virgil van Dijk is a player from which country?,Virgil van Dijk is from the Netherlands.
39,world_cup,Who won the FIFA World Cup in 1974?,West Germany won the 1974 World Cup.
39,world_cup,Which country were the 1974 World Cup champions?,West Germany won the 1974 World Cup.
39,world_cup,Name the team that won the 1974 World Cup.,West Germany won the 1974 World Cup.
39,world_cup,Which nation lifted the World Cup trophy in 1974?,West Germany won the 1974 World Cup.
39,world_cup,Who were the 1974 World Cup winners?,West Germany won the 1974 World Cup.
39,world_cup,Which team was the 1974 World Cup champion?,West Germany won the 1974 World Cup.
39,world_cup,The winner of the 1974 World Cup was?,West Germany won the 1974 World Cup.
39,world_cup,Which country won the 1974 FIFA World Cup?,West Germany won the 1974 World Cup.
39,world_cup,1974 World Cup winning team?,West Germany won the 1974 World Cup.
39,world_cup,Name the 1974 World Cup winner.,West Germany won the 1974 World Cup.
39,world_cup,Who was the 1974 World Cup champion?,West Germany won the 1974 World Cup.
39,world_cup,Which nation won the 1974 World Cup?,West Germany won the 1974 World Cup.
39,world_cup,Who lifted the 1974 World Cup?,West Germany won the 1974 World Cup.
39,world_cup,The 1974 World Cup was won by which country?,West Germany won the 1974 World Cup.
39,world_cup,Which team won the 1974 FIFA World Cup?,West Germany won the 1974 World Cup.
39,world_cup,1974 FIFA World Cup champion?,West Germany won the 1974 World Cup.
39,world_cup,Name the 1974 FIFA World Cup winning nation.,West Germany won the 1974 World Cup.
39,world_cup,Who won the 1974 World Cup final?,West Germany won the 1974 World Cup.
39,world_cup,Which country was the 1974 World Cup winner?,West Germany won the 1974 World Cup.
39,world_cup,The 1974 World Cup champions were?,West Germany won the 1974 World Cup.
19,trophies,Name the team that lifted the UEFA Champions League in 2015.,Barcelona won the Champions League final in 2015.
19,trophies,Who were the 2015 Champions League winners?,Barcelona won the Champions League final in 2015.
19,trophies,Which team became European champions in 2015?,Barcelona won the Champions League final in 2015.
19,trophies,Which club won the Champions League in 2015?,Barcelona won the Champions League final in 2015.
19,trophies,Who won the Champions League in 2015?,Barcelona won the Champions League final in 2015.
19,trophies,2015 Champions League winning team?,Barcelona won the Champions League final in 2015.
19,trophies,Name the 2015 Champions League winner.,Barcelona won the Champions League final in 2015.
19,trophies,Which team won the 2015 UEFA Champions League?,Barcelona won the Champions League final in 2015.
19,trophies,The 2015 Champions League champions were?,Barcelona won the Champions League final in 2015.
19,trophies,Who claimed the 2015 Champions League title?,Barcelona won the Champions League final in 2015.
19,trophies,Which club lifted the 2015 Champions League trophy?,Barcelona won the Champions League final in 2015.
19,trophies,2015 European Cup winner?,Barcelona won the Champions League final in 2015.
19,trophies,Who won the 2015 European Cup?,Barcelona won the Champions League final in 2015.
19,trophies,Name the winner of the 2015 Champions League final.,Barcelona won the Champions League final in 2015.
19,trophies,Which team was the 2015 Champions League champion?,Barcelona won the Champions League final in 2015.
19,trophies,The winner of the 2015 Champions League was?,Barcelona won the Champions League final in 2015.
19,trophies,Who were the champions of Europe in 2015?,Barcelona won the Champions League final in 2015.
19,trophies,Which team won the European Cup in 2015?,Barcelona won the Champions League final in 2015.
19,trophies,2015 UEFA Champions League winner?,Barcelona won the Champions League final in 2015.
19,trophies,Who lifted the 2015 Champions League trophy?,Barcelona won the Champions League final in 2015.
49,world_cup,Which country were the 2014 World Cup champions?,Germany won the 2014 World Cup.
49,world_cup,Name the team that won the 2014 World Cup.,Germany won the 2014 World Cup.
49,world_cup,Who won the FIFA World Cup in 2014?,Germany won the 2014 World Cup.
49,world_cup,Which nation lifted the World Cup trophy in 2014?,Germany won the 2014 World Cup.
49,world_cup,Who were the 2014 World Cup winners?,Germany won the 2014 World Cup.
49,world_cup,Which team was the 2014 World Cup champion?,Germany won the 2014 World Cup.
49,world_cup,The winner of the 2014 World Cup was?,Germany won the 2014 World Cup.
49,world_cup,Which country won the 2014 FIFA World Cup?,Germany won the 2014 World Cup.
49,world_cup,2014 World Cup winning team?,Germany won the 2014 World Cup.
49,world_cup,Name the 2014 World Cup winner.,Germany won the 2014 World Cup.
49,world_cup,Who was the 2014 World Cup champion?,Germany won the 2014 World Cup.
49,world_cup,Which nation won the 2014 World Cup?,Germany won the 2014 World Cup.
49,world_cup,Who lifted the 2014 World Cup?,Germany won the 2014 World Cup.
49,world_cup,The 2014 World Cup was won by which country?,Germany won the 2014 World Cup.
49,world_cup,Which team won the 2014 FIFA World Cup?,Germany won the 2014 World Cup.
49,world_cup,2014 FIFA World Cup champion?,Germany won the 2014 World Cup.
49,world_cup,Name the 2014 FIFA World Cup winning nation.,Germany won the 2014 World Cup.
49,world_cup,Who won the 2014 World Cup final?,Germany won the 2014 World Cup.
49,world_cup,Which country was the 2014 World Cup winner?,Germany won the 2014 World Cup.
49,world_cup,The 2014 World Cup champions were?,Germany won the 2014 World Cup.
88,league,Which club were the 2024-25 Premier League champions?,Liverpool won the Premier League in 2024-25.
88,league,Name the team that won the English league title in 2024-25.,Liverpool won the Premier League in 2024-25.
88,league,Which team topped the Premier League table in 2024-25?,Liverpool won the Premier League in 2024-25.
88,league,Who won the Premier League in the 2024-25 season?,Liverpool won the Premier League in 2024-25.
88,league,Who were the 2024-25 Premier League winners?,Liverpool won the Premier League in 2024-25.
88,league,Which team won the 2024-25 Premier League?,Liverpool won the Premier League in 2024-25.
88,league,The 2024-25 Premier League champions were?,Liverpool won the Premier League in 2024-25.
88,league,Which club won the 2024-25 Premier League title?,Liverpool won the Premier League in 2024-25.
88,league,Who claimed the 2024-25 Premier League title?,Liverpool won the Premier League in 2024-25.
88,league,2024-25 Premier League winning team?,Liverpool won the Premier League in 2024-25.
88,league,Name the 2024-25 Premier League winner.,Liverpool won the Premier League in 2024-25.
88,league,Which team were the 2024-25 English league champions?,Liverpool won the Premier League in 2024-25.
88,league,Who won the English Premier League in 2024-25?,Liverpool won the Premier League in 2024-25.
88,league,The winner of the 2024-25 Premier League was?,Liverpool won the Premier League in 2024-25.
88,league,Which club topped the 2024-25 Premier League?,Liverpool won the Premier League in 2024-25.
88,league,Who were the champions of the 2024-25 Premier League?,Liverpool won the Premier League in 2024-25.
88,league,2024-25 Premier League title winner?,Liverpool won the Premier League in 2024-25.
88,league,Which team won the 2024-25 English Premier League?,Liverpool won the Premier League in 2024-25.
88,league,Who won the 2024-25 Premier League season?,Liverpool won the Premier League in 2024-25.
88,league,Premier League 2024-25 champions?,Liverpool won the Premier League in 2024-25.
8,trophies,What is the number of European Cup trophies won by Juventus?,Juventus have won the European Cup / Champions League 2 time(s).
8,trophies,How many Champions League titles has Juventus won?,Juventus have won the European Cup / Champions League 2 time(s).
8,trophies,How many times did Juventus win the UEFA Champions League?,Juventus have won the European Cup / Champions League 2 time(s).
8,trophies,Tell me how many Champions League trophies Juventus have lifted.,Juventus have won the European Cup / Champions League 2 time(s).
8,trophies,What is Juventus's Champions League title count?,Juventus have won the European Cup / Champions League 2 time(s).
8,trophies,Number of Champions League titles won by Juventus?,Juventus have won the European Cup / Champions League 2 time(s).
8,trophies,Juventus has won how many Champions League titles?,Juventus have won the European Cup / Champions League 2 time(s).
8,trophies,How many Champions League trophies does Juventus have?,Juventus have won the European Cup / Champions League 2 time(s).
8,trophies,Juventus's Champions League wins count?,Juventus have won the European Cup / Champions League 2 time(s).
8,trophies,The number of Champions League titles for Juventus is?,Juventus have won the European Cup / Champions League 2 time(s).
8,trophies,How many European Cup / Champions League titles has Juventus won?,Juventus have won the European Cup / Champions League 2 time(s).
8,trophies,What is the total Champions League count for Juventus?,Juventus have won the European Cup / Champions League 2 time(s).
8,trophies,How many Champions League awards did Juventus win?,Juventus have won the European Cup / Champions League 2 time(s).
8,trophies,Juventus Champions League total?,Juventus have won the European Cup / Champions League 2 time(s).
8,trophies,Count of Juventus's Champions League titles?,Juventus have won the European Cup / Champions League 2 time(s).
8,trophies,How many Champions League trophies has Juventus won?,Juventus have won the European Cup / Champions League 2 time(s).
8,trophies,Juventus has won the Champions League how many times?,Juventus have won the European Cup / Champions League 2 time(s).
8,trophies,Number of Champions League trophies for Juventus?,Juventus have won the European Cup / Champions League 2 time(s).
8,trophies,What is the number of Champions League titles Juventus has?,Juventus have won the European Cup / Champions League 2 time(s).
8,trophies,How many times has Juventus won the Champions League?,Juventus have won the European Cup / Champions League 2 time(s).
76,league,Name the team that won the English league title in 2012-13.,Manchester United won the Premier League in 2012-13.
76,league,Which team topped the Premier League table in 2012-13?,Manchester United won the Premier League in 2012-13.
76,league,Which club were the 2012-13 Premier League champions?,Manchester United won the Premier League in 2012-13.
76,league,Who won the Premier League in the 2012-13 season?,Manchester United won the Premier League in 2012-13.
76,league,Who were the 2012-13 Premier League winners?,Manchester United won the Premier League in 2012-13.
76,league,Which team won the 2012-13 Premier League?,Manchester United won the Premier League in 2012-13.
76,league,The 2012-13 Premier League champions were?,Manchester United won the Premier League in 2012-13.
76,league,Which club won the 2012-13 Premier League title?,Manchester United won the Premier League in 2012-13.
76,league,Who claimed the 2012-13 Premier League title?,Manchester United won the Premier League in 2012-13.
76,league,2012-13 Premier League winning team?,Manchester United won the Premier League in 2012-13.
76,league,Name the 2012-13 Premier League winner.,Manchester United won the Premier League in 2012-13.
76,league,Which team were the 2012-13 English league champions?,Manchester United won the Premier League in 2012-13.
76,league,Who won the English Premier League in 2012-13?,Manchester United won the Premier League in 2012-13.
76,league,The winner of the 2012-13 Premier League was?,Manchester United won the Premier League in 2012-13.
76,league,Which club topped the 2012-13 Premier League?,Manchester United won the Premier League in 2012-13.
76,league,Who were the champions of the 2012-13 Premier League?,Manchester United won the Premier League in 2012-13.
76,league,2012-13 Premier League title winner?,Manchester United won the Premier League in 2012-13.
76,league,Which team won the 2012-13 English Premier League?,Manchester United won the Premier League in 2012-13.
76,league,Who won the 2012-13 Premier League season?,Manchester United won the Premier League in 2012-13.
76,league,Premier League 2012-13 champions?,Manchester United won the Premier League in 2012-13.
117,clubs,Name the ground of Barcelona.,Barcelona play at Camp Nou.
117,clubs,Where does Barcelona play its home games?,Barcelona play at Camp Nou.
117,clubs,Which stadium is home to Barcelona?,Barcelona play at Camp Nou.
117,clubs,What is the name of Barcelona's home stadium?,Barcelona play at Camp Nou.
117,clubs,What stadium do Barcelona play in?,Barcelona play at Camp Nou.
117,clubs,Barcelona's home ground is called?,Barcelona play at Camp Nou.
117,clubs,The home stadium of Barcelona is?,Barcelona play at Camp Nou.
117,clubs,What is the name of the stadium where Barcelona plays?,Barcelona play at Camp Nou.
117,clubs,Which ground does Barcelona use for home matches?,Barcelona play at Camp Nou.
117,clubs,Name the home venue of Barcelona.,Barcelona play at Camp Nou.
117,clubs,What is Barcelona's stadium called?,Barcelona play at Camp Nou.
117,clubs,Where do Barcelona play their home fixtures?,Barcelona play at Camp Nou.
117,clubs,The stadium of Barcelona is known as?,Barcelona play at Camp Nou.
117,clubs,Barcelona's home field is?,Barcelona play at Camp Nou.
117,clubs,What is the home of Barcelona?,Barcelona play at Camp Nou.
117,clubs,Which stadium does Barcelona call home?,Barcelona play at Camp Nou.
117,clubs,Name Barcelona's stadium.,Barcelona play at Camp Nou.
117,clubs,The home ground for Barcelona is?,Barcelona play at Camp Nou.
117,clubs,Where is Barcelona's home stadium?,Barcelona play at Camp Nou.
117,clubs,What stadium is Barcelona's home?,Barcelona play at Camp Nou.
52,world_cup,Which country hosted the World Cup in 1970?,The 1970 World Cup was hosted by Mexico.
52,world_cup,Name the host nation of the 1970 World Cup.,The 1970 World Cup was hosted by Mexico.
52,world_cup,Who were the hosts of the 1970 World Cup?,The 1970 World Cup was hosted by Mexico.
52,world_cup,Where was the 1970 FIFA World Cup held?,The 1970 World Cup was hosted by Mexico.
52,world_cup,Which nation was the host of the 1970 World Cup?,The 1970 World Cup was hosted by Mexico.
52,world_cup,Tell me the host country of the 1970 World Cup.,The 1970 World Cup was hosted by Mexico.
52,world_cup,What country hosted the 1970 World Cup?,The 1970 World Cup was hosted by Mexico.
52,world_cup,The 1970 World Cup was held in which country?,The 1970 World Cup was hosted by Mexico.
52,world_cup,Which country was the host for the 1970 World Cup?,The 1970 World Cup was hosted by Mexico.
52,world_cup,Host nation of the 1970 FIFA World Cup?,The 1970 World Cup was hosted by Mexico.
52,world_cup,Can you name the host of the 1970 World Cup?,The 1970 World Cup was hosted by Mexico.
52,world_cup,The host nation for the 1970 World Cup was?,The 1970 World Cup was hosted by Mexico.
52,world_cup,Which nation hosted the 1970 FIFA World Cup?,The 1970 World Cup was hosted by Mexico.
52,world_cup,1970 World Cup host country?,The 1970 World Cup was hosted by Mexico.
52,world_cup,Name the country that hosted the 1970 World Cup.,The 1970 World Cup was hosted by Mexico.
52,world_cup,Who was the host of the 1970 World Cup?,The 1970 World Cup was hosted by Mexico.
52,world_cup,Which country held the 1970 World Cup?,The 1970 World Cup was hosted by Mexico.
52,world_cup,The 1970 World Cup host was which nation?,The 1970 World Cup was hosted by Mexico.
52,world_cup,Name the 1970 World Cup host.,The 1970 World Cup was hosted by Mexico.
52,world_cup,Which country was the 1970 World Cup host?,The 1970 World Cup was hosted by Mexico.
125,clubs,Name the ground of Borussia Dortmund.,Borussia Dortmund play at Signal Iduna Park.
125,clubs,Where does Borussia Dortmund play its home games?,Borussia Dortmund play at Signal Iduna Park.
125,clubs,Which stadium is home to Borussia Dortmund?,Borussia Dortmund play at Signal Iduna Park.
125,clubs,What is the name of Borussia Dortmund's home stadium?,Borussia Dortmund play at Signal Iduna Park.
125,clubs,What stadium do Borussia Dortmund play in?,Borussia Dortmund play at Signal Iduna Park.
125,clubs,Borussia Dortmund's home ground is called?,Borussia Dortmund play at Signal Iduna Park.
125,clubs,The home stadium of Borussia Dortmund is?,Borussia Dortmund play at Signal Iduna Park.
125,clubs,What is the name of the stadium where Borussia Dortmund plays?,Borussia Dortmund play at Signal Iduna Park.
125,clubs,Which ground does Borussia Dortmund use for home matches?,Borussia Dortmund play at Signal Iduna Park.
125,clubs,Name the home venue of Borussia Dortmund.,Borussia Dortmund play at Signal Iduna Park.
125,clubs,What is Borussia Dortmund's stadium called?,Borussia Dortmund play at Signal Iduna Park.
125,clubs,Where do Borussia Dortmund play their home fixtures?,Borussia Dortmund play at Signal Iduna Park.
125,clubs,The stadium of Borussia Dortmund is known as?,Borussia Dortmund play at Signal Iduna Park.
125,clubs,Borussia Dortmund's home field is?,Borussia Dortmund play at Signal Iduna Park.
125,clubs,What is the home of Borussia Dortmund?,Borussia Dortmund play at Signal Iduna Park.
125,clubs,Which stadium does Borussia Dortmund call home?,Borussia Dortmund play at Signal Iduna Park.
125,clubs,Name Borussia Dortmund's stadium.,Borussia Dortmund play at Signal Iduna Park.
125,clubs,The home ground for Borussia Dortmund is?,Borussia Dortmund play at Signal Iduna Park.
125,clubs,Where is Borussia Dortmund's home stadium?,Borussia Dortmund play at Signal Iduna Park.
125,clubs,What stadium is Borussia Dortmund's home?,Borussia Dortmund play at Signal Iduna Park.
3,trophies,How many times did Liverpool win the UEFA Champions League?,Liverpool have won the European Cup / Champions League 6 time(s).
3,trophies,How many Champions League titles has Liverpool won?,Liverpool have won the European Cup / Champions League 6 time(s).
3,trophies,Tell me how many Champions League trophies Liverpool have lifted.,Liverpool have won the European Cup / Champions League 6 time(s).
3,trophies,What is the number of European Cup trophies won by Liverpool?,Liverpool have won the European Cup / Champions League 6 time(s).
3,trophies,What is Liverpool's Champions League title count?,Liverpool have won the European Cup / Champions League 6 time(s).
3,trophies,Number of Champions League titles won by Liverpool?,Liverpool have won the European Cup / Champions League 6 time(s).
3,trophies,Liverpool has won how many Champions League titles?,Liverpool have won the European Cup / Champions League 6 time(s).
3,trophies,How many Champions League trophies does Liverpool have?,Liverpool have won the European Cup / Champions League 6 time(s).
3,trophies,Liverpool's Champions League wins count?,Liverpool have won the European Cup / Champions League 6 time(s).
3,trophies,The number of Champions League titles for Liverpool is?,Liverpool have won the European Cup / Champions League 6 time(s).
3,trophies,How many European Cup / Champions League titles has Liverpool won?,Liverpool have won the European Cup / Champions League 6 time(s).
3,trophies,What is the total Champions League count for Liverpool?,Liverpool have won the European Cup / Champions League 6 time(s).
3,trophies,How many Champions League awards did Liverpool win?,Liverpool have won the European Cup / Champions League 6 time(s).
3,trophies,Liverpool Champions League total?,Liverpool have won the European Cup / Champions League 6 time(s).
3,trophies,Count of Liverpool's Champions League titles?,Liverpool have won the European Cup / Champions League 6 time(s).
3,trophies,How many Champions League trophies has Liverpool won?,Liverpool have won the European Cup / Champions League 6 time(s).
3,trophies,Liverpool has won the Champions League how many times?,Liverpool have won the European Cup / Champions League 6 time(s).
3,trophies,Number of Champions League trophies for Liverpool?,Liverpool have won the European Cup / Champions League 6 time(s).
3,trophies,What is the number of Champions League titles Liverpool has?,Liverpool have won the European Cup / Champions League 6 time(s).
3,trophies,How many times has Liverpool won the Champions League?,Liverpool have won the European Cup / Champions League 6 time(s).
137,clubs,Manchester United is commonly referred to as what?,Manchester United are nicknamed The Red Devils.
137,clubs,What do fans call Manchester United?,Manchester United are nicknamed The Red Devils.
137,clubs,What is Manchester United's nickname?,Manchester United are nicknamed The Red Devils.
137,clubs,What nickname are Manchester United known by?,Manchester United are nicknamed The Red Devils.
137,clubs,What is the nickname of Manchester United?,Manchester United are nicknamed The Red Devils.
137,clubs,What are Manchester United nicknamed?,Manchester United are nicknamed The Red Devils.
137,clubs,Manchester United's nickname is?,Manchester United are nicknamed The Red Devils.
137,clubs,What is Manchester United commonly called?,Manchester United are nicknamed The Red Devils.
137,clubs,The nickname of Manchester United is?,Manchester United are nicknamed The Red Devils.
137,clubs,What moniker is used for Manchester United?,Manchester United are nicknamed The Red Devils.
137,clubs,What are Manchester United also known as?,Manchester United are nicknamed The Red Devils.
137,clubs,Manchester United are known as?,Manchester United are nicknamed The Red Devils.
137,clubs,What is the alias of Manchester United?,Manchester United are nicknamed The Red Devils.
137,clubs,What do people call Manchester United?,Manchester United are nicknamed The Red Devils.
137,clubs,The nickname for Manchester United is?,Manchester United are nicknamed The Red Devils.
137,clubs,What is Manchester United's moniker?,Manchester United are nicknamed The Red Devils.
137,clubs,By what nickname is Manchester United known?,Manchester United are nicknamed The Red Devils.
137,clubs,What is the common name for Manchester United?,Manchester United are nicknamed The Red Devils.
137,clubs,What are Manchester United popularly called?,Manchester United are nicknamed The Red Devils.
137,clubs,Manchester United's alias is?,Manchester United are nicknamed The Red Devils.
157,players,For which country did Vinicius Junior play international football?,Vinicius Junior is from Brazil.
157,players,Which country does Vinicius Junior come from?,Vinicius Junior is from Brazil.
157,players,What is the nationality of Vinicius Junior?,Vinicius Junior is from Brazil.
157,players,Vinicius Junior is from which country?,Vinicius Junior is from Brazil.
157,players,Which nation does Vinicius Junior represent?,Vinicius Junior is from Brazil.
157,players,What country is Vinicius Junior from?,Vinicius Junior is from Brazil.
157,players,Vinicius Junior's nationality is?,Vinicius Junior is from Brazil.
157,players,Where is Vinicius Junior from?,Vinicius Junior is from Brazil.
157,players,Which country is Vinicius Junior a citizen of?,Vinicius Junior is from Brazil.
157,players,Vinicius Junior plays for which country?,Vinicius Junior is from Brazil.
157,players,What is Vinicius Junior's country of origin?,Vinicius Junior is from Brazil.
157,players,Which country does Vinicius Junior play for?,Vinicius Junior is from Brazil.
157,players,Vinicius Junior represents which nation?,Vinicius Junior is from Brazil.
157,players,What nationality is Vinicius Junior?,Vinicius Junior is from Brazil.
157,players,Which country is Vinicius Junior from?,Vinicius Junior is from Brazil.
157,players,Vinicius Junior's country is?,Vinicius Junior is from Brazil.
157,players,Where does Vinicius Junior come from?,Vinicius Junior is from Brazil.
157,players,What nation is Vinicius Junior from?,Vinicius Junior is from Brazil.
157,players,Which country is Vinicius Junior associated with?,Vinicius Junior is from Brazil.
157,players,Vinicius Junior is a player from which country?,Vinicius Junior is from Brazil.
45,world_cup,Which nation lifted the World Cup trophy in 1998?,France won the 1998 World Cup.
45,world_cup,Which country were the 1998 World Cup champions?,France won the 1998 World Cup.
45,world_cup,Name the team that won the 1998 World Cup.,France won the 1998 World Cup.
45,world_cup,Who won the FIFA World Cup in 1998?,France won the 1998 World Cup.
45,world_cup,Who were the 1998 World Cup winners?,France won the 1998 World Cup.
45,world_cup,Which team was the 1998 World Cup champion?,France won the 1998 World Cup.
45,world_cup,The winner of the 1998 World Cup was?,France won the 1998 World Cup.
45,world_cup,Which country won the 1998 FIFA World Cup?,France won the 1998 World Cup.
45,world_cup,1998 World Cup winning team?,France won the 1998 World Cup.
45,world_cup,Name the 1998 World Cup winner.,France won the 1998 World Cup.
45,world_cup,Who was the 1998 World Cup champion?,France won the 1998 World Cup.
45,world_cup,Which nation won the 1998 World Cup?,France won the 1998 World Cup.
45,world_cup,Who lifted the 1998 World Cup?,France won the 1998 World Cup.
45,world_cup,The 1998 World Cup was won by which country?,France won the 1998 World Cup.
45,world_cup,Which team won the 1998 FIFA World Cup?,France won the 1998 World Cup.
45,world_cup,1998 FIFA World Cup champion?,France won the 1998 World Cup.
45,world_cup,Name the 1998 FIFA World Cup winning nation.,France won the 1998 World Cup.
45,world_cup,Who won the 1998 World Cup final?,France won the 1998 World Cup.
45,world_cup,Which country was the 1998 World Cup winner?,France won the 1998 World Cup.
45,world_cup,The 1998 World Cup champions were?,France won the 1998 World Cup.
197,managers,Which coach led the team when Arsenal went unbeaten in the 2003-04 Premier League season?,Arsene Wenger was the manager when that happened.
197,managers,Who was the manager when Arsenal went unbeaten in the 2003-04 Premier League season?,Arsene Wenger was the manager when that happened.
197,managers,Name the manager in charge when Arsenal went unbeaten in the 2003-04 Premier League season.,Arsene Wenger was the manager when that happened.
197,managers,Who was the head coach when Arsenal went unbeaten in the 2003-04 Premier League season?,Arsene Wenger was the manager when that happened.
197,managers,Which manager guided Arsenal to an unbeaten 2003-04 Premier League season?,Arsene Wenger was the manager when that happened.
197,managers,Who managed Arsenal during their unbeaten 2003-04 season?,Arsene Wenger was the manager when that happened.
197,managers,Arsenal's 2003-04 unbeaten season manager was?,Arsene Wenger was the manager when that happened.
197,managers,Who was Arsenal's manager for their 2003-04 unbeaten season?,Arsene Wenger was the manager when that happened.
197,managers,The coach who led Arsenal to the 2003-04 unbeaten season was?,Arsene Wenger was the manager when that happened.
197,managers,Name the Arsenal manager for the 2003-04 unbeaten season.,Arsene Wenger was the manager when that happened.
197,managers,Who was in charge of Arsenal when they went unbeaten in 2003-04?,Arsene Wenger was the manager when that happened.
197,managers,Which coach was at Arsenal for their 2003-04 unbeaten run?,Arsene Wenger was the manager when that happened.
197,managers,Manager of Arsenal's 2003-04 unbeaten team?,Arsene Wenger was the manager when that happened.
197,managers,Who was the Arsenal coach in their 2003-04 unbeaten triumph?,Arsene Wenger was the manager when that happened.
197,managers,Arsenal went unbeaten in the 2003-04 Premier League under which manager?,Arsene Wenger was the manager when that happened.
197,managers,Which manager was in charge for Arsenal's 2003-04 unbeaten season?,Arsene Wenger was the manager when that happened.
197,managers,Name the coach of Arsenal's 2003-04 unbeaten team.,Arsene Wenger was the manager when that happened.
197,managers,Who was the manager of Arsenal in 2003-04?,Arsene Wenger was the manager when that happened.
197,managers,Who was Arsenal's coach when they went unbeaten in 2003-04?,Arsene Wenger was the manager when that happened.
197,managers,The manager of Arsenal's 2003-04 unbeaten season was?,Arsene Wenger was the manager when that happened.
122,clubs,What is the name of Manchester City's home stadium?,Manchester City play at the Etihad Stadium.
122,clubs,Where does Manchester City play its home games?,Manchester City play at the Etihad Stadium.
122,clubs,Which stadium is home to Manchester City?,Manchester City play at the Etihad Stadium.
122,clubs,Name the ground of Manchester City.,Manchester City play at the Etihad Stadium.
122,clubs,What stadium do Manchester City play in?,Manchester City play at the Etihad Stadium.
122,clubs,Manchester City's home ground is called?,Manchester City play at the Etihad Stadium.
122,clubs,The home stadium of Manchester City is?,Manchester City play at the Etihad Stadium.
122,clubs,What is the name of the stadium where Manchester City plays?,Manchester City play at the Etihad Stadium.
122,clubs,Which ground does Manchester City use for home matches?,Manchester City play at the Etihad Stadium.
122,clubs,Name the home venue of Manchester City.,Manchester City play at the Etihad Stadium.
122,clubs,What is Manchester City's stadium called?,Manchester City play at the Etihad Stadium.
122,clubs,Where do Manchester City play their home fixtures?,Manchester City play at the Etihad Stadium.
122,clubs,The stadium of Manchester City is known as?,Manchester City play at the Etihad Stadium.
122,clubs,Manchester City's home field is?,Manchester City play at the Etihad Stadium.
122,clubs,What is the home of Manchester City?,Manchester City play at the Etihad Stadium.
122,clubs,Which stadium does Manchester City call home?,Manchester City play at the Etihad Stadium.
122,clubs,Name Manchester City's stadium.,Manchester City play at the Etihad Stadium.
122,clubs,The home ground for Manchester City is?,Manchester City play at the Etihad Stadium.
122,clubs,Where is Manchester City's home stadium?,Manchester City play at the Etihad Stadium.
122,clubs,What stadium is Manchester City's home?,Manchester City play at the Etihad Stadium.
138,clubs,What nickname are Newcastle United known by?,Newcastle United are nicknamed The Magpies.
138,clubs,What is Newcastle United's nickname?,Newcastle United are nicknamed The Magpies.
138,clubs,Newcastle United is commonly referred to as what?,Newcastle United are nicknamed The Magpies.
138,clubs,What do fans call Newcastle United?,Newcastle United are nicknamed The Magpies.
138,clubs,What is the nickname of Newcastle United?,Newcastle United are nicknamed The Magpies.
138,clubs,What are Newcastle United nicknamed?,Newcastle United are nicknamed The Magpies.
138,clubs,Newcastle United's nickname is?,Newcastle United are nicknamed The Magpies.
138,clubs,What is Newcastle United commonly called?,Newcastle United are nicknamed The Magpies.
138,clubs,The nickname of Newcastle United is?,Newcastle United are nicknamed The Magpies.
138,clubs,What moniker is used for Newcastle United?,Newcastle United are nicknamed The Magpies.
138,clubs,What are Newcastle United also known as?,Newcastle United are nicknamed The Magpies.
138,clubs,Newcastle United are known as?,Newcastle United are nicknamed The Magpies.
138,clubs,What is the alias of Newcastle United?,Newcastle United are nicknamed The Magpies.
138,clubs,What do people call Newcastle United?,Newcastle United are nicknamed The Magpies.
138,clubs,The nickname for Newcastle United is?,Newcastle United are nicknamed The Magpies.
138,clubs,What is Newcastle United's moniker?,Newcastle United are nicknamed The Magpies.
138,clubs,By what nickname is Newcastle United known?,Newcastle United are nicknamed The Magpies.
138,clubs,What is the common name for Newcastle United?,Newcastle United are nicknamed The Magpies.
138,clubs,What are Newcastle United popularly called?,Newcastle United are nicknamed The Magpies.
138,clubs,Newcastle United's alias is?,Newcastle United are nicknamed The Magpies.
111,awards,How many times did Franz Beckenbauer win the Ballon d'Or?,Franz Beckenbauer has won the Ballon d'Or 2 time(s).
111,awards,Tell me the number of Ballon d'Or trophies Franz Beckenbauer has.,Franz Beckenbauer has won the Ballon d'Or 2 time(s).
111,awards,What is the Ballon d'Or count of Franz Beckenbauer?,Franz Beckenbauer has won the Ballon d'Or 2 time(s).
111,awards,How many Ballon d'Or awards has Franz Beckenbauer won?,Franz Beckenbauer has won the Ballon d'Or 2 time(s).
111,awards,What is Franz Beckenbauer's Ballon d'Or tally?,Franz Beckenbauer has won the Ballon d'Or 2 time(s).
111,awards,Number of Ballon d'Or awards won by Franz Beckenbauer?,Franz Beckenbauer has won the Ballon d'Or 2 time(s).
111,awards,Franz Beckenbauer has won how many Ballon d'Or awards?,Franz Beckenbauer has won the Ballon d'Or 2 time(s).
111,awards,How many Ballon d'Ors does Franz Beckenbauer have?,Franz Beckenbauer has won the Ballon d'Or 2 time(s).
111,awards,Franz Beckenbauer's Ballon d'Or wins count?,Franz Beckenbauer has won the Ballon d'Or 2 time(s).
111,awards,The number of Ballon d'Or awards for Franz Beckenbauer is?,Franz Beckenbauer has won the Ballon d'Or 2 time(s).
111,awards,How many Ballon d'Or trophies has Franz Beckenbauer won?,Franz Beckenbauer has won the Ballon d'Or 2 time(s).
111,awards,What is the total Ballon d'Or count for Franz Beckenbauer?,Franz Beckenbauer has won the Ballon d'Or 2 time(s).
111,awards,How many Ballon d'Or awards did Franz Beckenbauer win?,Franz Beckenbauer has won the Ballon d'Or 2 time(s).
111,awards,Franz Beckenbauer Ballon d'Or total?,Franz Beckenbauer has won the Ballon d'Or 2 time(s).
111,awards,Count of Franz Beckenbauer's Ballon d'Or awards?,Franz Beckenbauer has won the Ballon d'Or 2 time(s).
111,awards,How many Ballon d'Ors has Franz Beckenbauer won?,Franz Beckenbauer has won the Ballon d'Or 2 time(s).
111,awards,Franz Beckenbauer has won the Ballon d'Or how many times?,Franz Beckenbauer has won the Ballon d'Or 2 time(s).
111,awards,Number of Ballon d'Or trophies for Franz Beckenbauer?,Franz Beckenbauer has won the Ballon d'Or 2 time(s).
111,awards,What is the number of Ballon d'Or awards Franz Beckenbauer has?,Franz Beckenbauer has won the Ballon d'Or 2 time(s).
111,awards,How many times has Franz Beckenbauer won the Ballon d'Or?,Franz Beckenbauer has won the Ballon d'Or 2 time(s).
239,records,Who received the very first Ballon d'Or award?,Stanley Matthews won the first Ballon d'Or in 1956.
239,records,Who won the first ever Ballon d'Or?,Stanley Matthews won the first Ballon d'Or in 1956.
239,records,Name the inaugural Ballon d'Or recipient.,Stanley Matthews won the first Ballon d'Or in 1956.
239,records,Which player was the first Ballon d'Or winner in 1956?,Stanley Matthews won the first Ballon d'Or in 1956.
239,records,Who was the first winner of the Ballon d'Or?,Stanley Matthews won the first Ballon d'Or in 1956.
239,records,The first Ballon d'Or was won by?,Stanley Matthews won the first Ballon d'Or in 1956.
239,records,Who was the inaugural Ballon d'Or winner?,Stanley Matthews won the first Ballon d'Or in 1956.
239,records,First Ballon d'Or recipient?,Stanley Matthews won the first Ballon d'Or in 1956.
239,records,Who claimed the first Ballon d'Or?,Stanley Matthews won the first Ballon d'Or in 1956.
239,records,Name the first Ballon d'Or winner.,Stanley Matthews won the first Ballon d'Or in 1956.
239,records,Who took home the first Ballon d'Or?,Stanley Matthews won the first Ballon d'Or in 1956.
239,records,The first ever Ballon d'Or winner was?,Stanley Matthews won the first Ballon d'Or in 1956.
239,records,Who was awarded the first Ballon d'Or?,Stanley Matthews won the first Ballon d'Or in 1956.
239,records,First winner of the Ballon d'Or?,Stanley Matthews won the first Ballon d'Or in 1956.
239,records,Who won the inaugural Ballon d'Or?,Stanley Matthews won the first Ballon d'Or in 1956.
239,records,Name the winner of the first Ballon d'Or.,Stanley Matthews won the first Ballon d'Or in 1956.
239,records,Who was the recipient of the first Ballon d'Or?,Stanley Matthews won the first Ballon d'Or in 1956.
239,records,The first Ballon d'Or award went to?,Stanley Matthews won the first Ballon d'Or in 1956.
239,records,Who won the first Ballon d'Or award in 1956?,Stanley Matthews won the first Ballon d'Or in 1956.
239,records,First Ballon d'Or winner in history?,Stanley Matthews won the first Ballon d'Or in 1956.
50,world_cup,Name the team that won the 2018 World Cup.,France won the 2018 World Cup.
50,world_cup,Which country were the 2018 World Cup champions?,France won the 2018 World Cup.
50,world_cup,Who won the FIFA World Cup in 2018?,France won the 2018 World Cup.
50,world_cup,Which nation lifted the World Cup trophy in 2018?,France won the 2018 World Cup.
50,world_cup,Who were the 2018 World Cup winners?,France won the 2018 World Cup.
50,world_cup,Which team was the 2018 World Cup champion?,France won the 2018 World Cup.
50,world_cup,The winner of the 2018 World Cup was?,France won the 2018 World Cup.
50,world_cup,Which country won the 2018 FIFA World Cup?,France won the 2018 World Cup.
50,world_cup,2018 World Cup winning team?,France won the 2018 World Cup.
50,world_cup,Name the 2018 World Cup winner.,France won the 2018 World Cup.
50,world_cup,Who was the 2018 World Cup champion?,France won the 2018 World Cup.
50,world_cup,Which nation won the 2018 World Cup?,France won the 2018 World Cup.
50,world_cup,Who lifted the 2018 World Cup?,France won the 2018 World Cup.
50,world_cup,The 2018 World Cup was won by which country?,France won the 2018 World Cup.
50,world_cup,Which team won the 2018 FIFA World Cup?,France won the 2018 World Cup.
50,world_cup,2018 FIFA World Cup champion?,France won the 2018 World Cup.
50,world_cup,Name the 2018 FIFA World Cup winning nation.,France won the 2018 World Cup.
50,world_cup,Who won the 2018 World Cup final?,France won the 2018 World Cup.
50,world_cup,Which country was the 2018 World Cup winner?,France won the 2018 World Cup.
50,world_cup,The 2018 World Cup champions were?,France won the 2018 World Cup.
116,clubs,Where does Real Madrid play its home games?,Real Madrid play at Santiago Bernabeu.
116,clubs,Name the ground of Real Madrid.,Real Madrid play at Santiago Bernabeu.
116,clubs,Which stadium is home to Real Madrid?,Real Madrid play at Santiago Bernabeu.
116,clubs,What is the name of Real Madrid's home stadium?,Real Madrid play at Santiago Bernabeu.
116,clubs,What stadium do Real Madrid play in?,Real Madrid play at Santiago Bernabeu.
116,clubs,Real Madrid's home ground is called?,Real Madrid play at Santiago Bernabeu.
116,clubs,The home stadium of Real Madrid is?,Real Madrid play at Santiago Bernabeu.
116,clubs,What is the name of the stadium where Real Madrid plays?,Real Madrid play at Santiago Bernabeu.
116,clubs,Which ground does Real Madrid use for home matches?,Real Madrid play at Santiago Bernabeu.
116,clubs,Name the home venue of Real Madrid.,Real Madrid play at Santiago Bernabeu.
116,clubs,What is Real Madrid's stadium called?,Real Madrid play at Santiago Bernabeu.
116,clubs,Where do Real Madrid play their home fixtures?,Real Madrid play at Santiago Bernabeu.
116,clubs,The stadium of Real Madrid is known as?,Real Madrid play at Santiago Bernabeu.
116,clubs,Real Madrid's home field is?,Real Madrid play at Santiago Bernabeu.
116,clubs,What is the home of Real Madrid?,Real Madrid play at Santiago Bernabeu.
116,clubs,Which stadium does Real Madrid call home?,Real Madrid play at Santiago Bernabeu.
116,clubs,Name Real Madrid's stadium.,Real Madrid play at Santiago Bernabeu.
116,clubs,The home ground for Real Madrid is?,Real Madrid play at Santiago Bernabeu.
116,clubs,Where is Real Madrid's home stadium?,Real Madrid play at Santiago Bernabeu.
116,clubs,What stadium is Real Madrid's home?,Real Madrid play at Santiago Bernabeu.
247,rules,What is a red card in football?,A red card sends a player off; they must leave the pitch and cannot be replaced.
247,rules,What happens when a player is shown a red card?,A red card sends a player off; they must leave the pitch and cannot be replaced.
247,rules,Why is a player sent off with a red card?,A red card sends a player off; they must leave the pitch and cannot be replaced.
247,rules,What does a red card mean?,A red card sends a player off; they must leave the pitch and cannot be replaced.
247,rules,What is the consequence of a red card?,A red card sends a player off; they must leave the pitch and cannot be replaced.
247,rules,What happens if a player gets a red card?,A red card sends a player off; they must leave the pitch and cannot be replaced.
247,rules,Explain a red card in football.,A red card sends a player off; they must leave the pitch and cannot be replaced.
247,rules,What is the punishment for a red card?,A red card sends a player off; they must leave the pitch and cannot be replaced.
247,rules,What does receiving a red card entail?,A red card sends a player off; they must leave the pitch and cannot be replaced.
247,rules,What is the result of a red card?,A red card sends a player off; they must leave the pitch and cannot be replaced.
247,rules,Describe what a red card is.,A red card sends a player off; they must leave the pitch and cannot be replaced.
247,rules,What is the effect of a red card?,A red card sends a player off; they must leave the pitch and cannot be replaced.
247,rules,What happens when a footballer is shown a red card?,A red card sends a player off; they must leave the pitch and cannot be replaced.
247,rules,What is the meaning of a red card?,A red card sends a player off; they must leave the pitch and cannot be replaced.
247,rules,What is a red card in a match?,A red card sends a player off; they must leave the pitch and cannot be replaced.
247,rules,How does a red card affect a player?,A red card sends a player off; they must leave the pitch and cannot be replaced.
247,rules,What is the outcome of a red card?,A red card sends a player off; they must leave the pitch and cannot be replaced.
247,rules,What is a red card used for?,A red card sends a player off; they must leave the pitch and cannot be replaced.
247,rules,What happens to a player who gets a red card?,A red card sends a player off; they must leave the pitch and cannot be replaced.
247,rules,What is the penalty for a red card?,A red card sends a player off; they must leave the pitch and cannot be replaced.
139,clubs,What do fans call West Ham United?,West Ham United are nicknamed The Hammers.
139,clubs,West Ham United is commonly referred to as what?,West Ham United are nicknamed The Hammers.
139,clubs,What nickname are West Ham United known by?,West Ham United are nicknamed The Hammers.
139,clubs,What is West Ham United's nickname?,West Ham United are nicknamed The Hammers.
139,clubs,What is the nickname of West Ham United?,West Ham United are nicknamed The Hammers.
139,clubs,What are West Ham United nicknamed?,West Ham United are nicknamed The Hammers.
139,clubs,West Ham United's nickname is?,West Ham United are nicknamed The Hammers.
139,clubs,What is West Ham United commonly called?,West Ham United are nicknamed The Hammers.
139,clubs,The nickname of West Ham United is?,West Ham United are nicknamed The Hammers.
139,clubs,What moniker is used for West Ham United?,West Ham United are nicknamed The Hammers.
139,clubs,What are West Ham United also known as?,West Ham United are nicknamed The Hammers.
139,clubs,West Ham United are known as?,West Ham United are nicknamed The Hammers.
139,clubs,What is the alias of West Ham United?,West Ham United are nicknamed The Hammers.
139,clubs,What do people call West Ham United?,West Ham United are nicknamed The Hammers.
139,clubs,The nickname for West Ham United is?,West Ham United are nicknamed The Hammers.
139,clubs,What is West Ham United's moniker?,West Ham United are nicknamed The Hammers.
139,clubs,By what nickname is West Ham United known?,West Ham United are nicknamed The Hammers.
139,clubs,What is the common name for West Ham United?,West Ham United are nicknamed The Hammers.
139,clubs,What are West Ham United popularly called?,West Ham United are nicknamed The Hammers.
139,clubs,West Ham United's alias is?,West Ham United are nicknamed The Hammers.
127,clubs,Where does Juventus play its home games?,Juventus play at the Allianz Stadium.
127,clubs,Name the ground of Juventus.,Juventus play at the Allianz Stadium.
127,clubs,Which stadium is home to Juventus?,Juventus play at the Allianz Stadium.
127,clubs,What is the name of Juventus's home stadium?,Juventus play at the Allianz Stadium.
127,clubs,What stadium do Juventus play in?,Juventus play at the Allianz Stadium.
127,clubs,Juventus's home ground is called?,Juventus play at the Allianz Stadium.
127,clubs,The home stadium of Juventus is?,Juventus play at the Allianz Stadium.
127,clubs,What is the name of the stadium where Juventus plays?,Juventus play at the Allianz Stadium.
127,clubs,Which ground does Juventus use for home matches?,Juventus play at the Allianz Stadium.
127,clubs,Name the home venue of Juventus.,Juventus play at the Allianz Stadium.
127,clubs,What is Juventus's stadium called?,Juventus play at the Allianz Stadium.
127,clubs,Where do Juventus play their home fixtures?,Juventus play at the Allianz Stadium.
127,clubs,The stadium of Juventus is known as?,Juventus play at the Allianz Stadium.
127,clubs,Juventus's home field is?,Juventus play at the Allianz Stadium.
127,clubs,What is the home of Juventus?,Juventus play at the Allianz Stadium.
127,clubs,Which stadium does Juventus call home?,Juventus play at the Allianz Stadium.
127,clubs,Name Juventus's stadium.,Juventus play at the Allianz Stadium.
127,clubs,The home ground for Juventus is?,Juventus play at the Allianz Stadium.
127,clubs,Where is Juventus's home stadium?,Juventus play at the Allianz Stadium.
127,clubs,What stadium is Juventus's home?,Juventus play at the Allianz Stadium.
252,rules,What is a throw-in in football?,A throw-in is awarded to the opponents of the last player to touch the ball when it crosses the touchline.
252,rules,What happens when the ball goes out over the sideline?,A throw-in is awarded to the opponents of the last player to touch the ball when it crosses the touchline.
252,rules,When does a team get a throw-in?,A throw-in is awarded to the opponents of the last player to touch the ball when it crosses the touchline.
252,rules,When is a throw-in awarded?,A throw-in is awarded to the opponents of the last player to touch the ball when it crosses the touchline.
252,rules,How is a throw-in awarded?,A throw-in is awarded to the opponents of the last player to touch the ball when it crosses the touchline.
252,rules,What leads to a throw-in?,A throw-in is awarded to the opponents of the last player to touch the ball when it crosses the touchline.
252,rules,When is a throw-in given?,A throw-in is awarded to the opponents of the last player to touch the ball when it crosses the touchline.
252,rules,What causes a throw-in?,A throw-in is awarded to the opponents of the last player to touch the ball when it crosses the touchline.
252,rules,How is a throw-in awarded in football?,A throw-in is awarded to the opponents of the last player to touch the ball when it crosses the touchline.
252,rules,What is the rule for a throw-in?,A throw-in is awarded to the opponents of the last player to touch the ball when it crosses the touchline.
252,rules,When do you get a throw-in?,A throw-in is awarded to the opponents of the last player to touch the ball when it crosses the touchline.
252,rules,What happens when the ball goes out of play over the touchline?,A throw-in is awarded to the opponents of the last player to touch the ball when it crosses the touchline.
252,rules,How does a throw-in happen?,A throw-in is awarded to the opponents of the last player to touch the ball when it crosses the touchline.
252,rules,What is the condition for a throw-in?,A throw-in is awarded to the opponents of the last player to touch the ball when it crosses the touchline.
252,rules,When is a throw-in given in football?,A throw-in is awarded to the opponents of the last player to touch the ball when it crosses the touchline.
252,rules,What triggers a throw-in?,A throw-in is awarded to the opponents of the last player to touch the ball when it crosses the touchline.
252,rules,How do you get a throw-in?,A throw-in is awarded to the opponents of the last player to touch the ball when it crosses the touchline.
252,rules,What is the rule for awarding a throw-in?,A throw-in is awarded to the opponents of the last player to touch the ball when it crosses the touchline.
252,rules,When does a throw-in occur?,A throw-in is awarded to the opponents of the last player to touch the ball when it crosses the touchline.
252,rules,What leads to a throw-in being awarded?,A throw-in is awarded to the opponents of the last player to touch the ball when it crosses the touchline.
12,trophies,How many Champions League titles has Manchester City won?,Manchester City have won the European Cup / Champions League 1 time(s).
12,trophies,Tell me how many Champions League trophies Manchester City have lifted.,Manchester City have won the European Cup / Champions League 1 time(s).
12,trophies,What is the number of European Cup trophies won by Manchester City?,Manchester City have won the European Cup / Champions League 1 time(s).
12,trophies,How many times did Manchester City win the UEFA Champions League?,Manchester City have won the European Cup / Champions League 1 time(s).
12,trophies,What is Manchester City's Champions League title count?,Manchester City have won the European Cup / Champions League 1 time(s).
12,trophies,Number of Champions League titles won by Manchester City?,Manchester City have won the European Cup / Champions League 1 time(s).
12,trophies,Manchester City has won how many Champions League titles?,Manchester City have won the European Cup / Champions League 1 time(s).
12,trophies,How many Champions League trophies does Manchester City have?,Manchester City have won the European Cup / Champions League 1 time(s).
12,trophies,Manchester City's Champions League wins count?,Manchester City have won the European Cup / Champions League 1 time(s).
12,trophies,The number of Champions League titles for Manchester City is?,Manchester City have won the European Cup / Champions League 1 time(s).
12,trophies,How many European Cup / Champions League titles has Manchester City won?,Manchester City have won the European Cup / Champions League 1 time(s).
12,trophies,What is the total Champions League count for Manchester City?,Manchester City have won the European Cup / Champions League 1 time(s).
12,trophies,How many Champions League awards did Manchester City win?,Manchester City have won the European Cup / Champions League 1 time(s).
12,trophies,Manchester City Champions League total?,Manchester City have won the European Cup / Champions League 1 time(s).
12,trophies,Count of Manchester City's Champions League titles?,Manchester City have won the European Cup / Champions League 1 time(s).
12,trophies,How many Champions League trophies has Manchester City won?,Manchester City have won the European Cup / Champions League 1 time(s).
12,trophies,Manchester City has won the Champions League how many times?,Manchester City have won the European Cup / Champions League 1 time(s).
12,trophies,Number of Champions League trophies for Manchester City?,Manchester City have won the European Cup / Champions League 1 time(s).
12,trophies,What is the number of Champions League titles Manchester City has?,Manchester City have won the European Cup / Champions League 1 time(s).
12,trophies,How many times has Manchester City won the Champions League?,Manchester City have won the European Cup / Champions League 1 time(s).
4,trophies,How many Champions League titles has Barcelona won?,Barcelona have won the European Cup / Champions League 5 time(s).
4,trophies,Tell me how many Champions League trophies Barcelona have lifted.,Barcelona have won the European Cup / Champions League 5 time(s).
4,trophies,What is the number of European Cup trophies won by Barcelona?,Barcelona have won the European Cup / Champions League 5 time(s).
4,trophies,How many times did Barcelona win the UEFA Champions League?,Barcelona have won the European Cup / Champions League 5 time(s).
4,trophies,What is Barcelona's Champions League title count?,Barcelona have won the European Cup / Champions League 5 time(s).
4,trophies,Number of Champions League titles won by Barcelona?,Barcelona have won the European Cup / Champions League 5 time(s).
4,trophies,Barcelona has won how many Champions League titles?,Barcelona have won the European Cup / Champions League 5 time(s).
4,trophies,How many Champions League trophies does Barcelona have?,Barcelona have won the European Cup / Champions League 5 time(s).
4,trophies,Barcelona's Champions League wins count?,Barcelona have won the European Cup / Champions League 5 time(s).
4,trophies,The number of Champions League titles for Barcelona is?,Barcelona have won the European Cup / Champions League 5 time(s).
4,trophies,How many European Cup / Champions League titles has Barcelona won?,Barcelona have won the European Cup / Champions League 5 time(s).
4,trophies,What is the total Champions League count for Barcelona?,Barcelona have won the European Cup / Champions League 5 time(s).
4,trophies,How many Champions League awards did Barcelona win?,Barcelona have won the European Cup / Champions League 5 time(s).
4,trophies,Barcelona Champions League total?,Barcelona have won the European Cup / Champions League 5 time(s).
4,trophies,Count of Barcelona's Champions League titles?,Barcelona have won the European Cup / Champions League 5 time(s).
4,trophies,How many Champions League trophies has Barcelona won?,Barcelona have won the European Cup / Champions League 5 time(s).
4,trophies,Barcelona has won the Champions League how many times?,Barcelona have won the European Cup / Champions League 5 time(s).
4,trophies,Number of Champions League trophies for Barcelona?,Barcelona have won the European Cup / Champions League 5 time(s).
4,trophies,What is the number of Champions League titles Barcelona has?,Barcelona have won the European Cup / Champions League 5 time(s).
4,trophies,How many times has Barcelona won the Champions League?,Barcelona have won the European Cup / Champions League 5 time(s).
97,awards,Who won the Ballon d'Or in 2016?,Cristiano Ronaldo won the 2016 Ballon d'Or.
97,awards,Who took home the Ballon d'Or in 2016?,Cristiano Ronaldo won the 2016 Ballon d'Or.
97,awards,Name the 2016 Ballon d'Or winner.,Cristiano Ronaldo won the 2016 Ballon d'Or.
97,awards,Which player was awarded the 2016 Ballon d'Or?,Cristiano Ronaldo won the 2016 Ballon d'Or.
97,awards,The 2016 Ballon d'Or was won by?,Cristiano Ronaldo won the 2016 Ballon d'Or.
97,awards,Who was the 2016 Ballon d'Or recipient?,Cristiano Ronaldo won the 2016 Ballon d'Or.
97,awards,Which player won the 2016 Ballon d'Or?,Cristiano Ronaldo won the 2016 Ballon d'Or.
97,awards,2016 Ballon d'Or winner?,Cristiano Ronaldo won the 2016 Ballon d'Or.
97,awards,Name the recipient of the 2016 Ballon d'Or.,Cristiano Ronaldo won the 2016 Ballon d'Or.
97,awards,Who was awarded the Ballon d'Or in 2016?,Cristiano Ronaldo won the 2016 Ballon d'Or.
97,awards,The winner of the 2016 Ballon d'Or was?,Cristiano Ronaldo won the 2016 Ballon d'Or.
97,awards,Which footballer won the 2016 Ballon d'Or?,Cristiano Ronaldo won the 2016 Ballon d'Or.
97,awards,2016 Ballon d'Or award winner?,Cristiano Ronaldo won the 2016 Ballon d'Or.
97,awards,Who claimed the 2016 Ballon d'Or?,Cristiano Ronaldo won the 2016 Ballon d'Or.
97,awards,Name the player who won the 2016 Ballon d'Or.,Cristiano Ronaldo won the 2016 Ballon d'Or.
97,awards,Who received the 2016 Ballon d'Or?,Cristiano Ronaldo won the 2016 Ballon d'Or.
97,awards,2016 Ballon d'Or winner is?,Cristiano Ronaldo won the 2016 Ballon d'Or.
97,awards,Which player took the 2016 Ballon d'Or?,Cristiano Ronaldo won the 2016 Ballon d'Or.
97,awards,Who was the winner of the 2016 Ballon d'Or?,Cristiano Ronaldo won the 2016 Ballon d'Or.
97,awards,The 2016 Ballon d'Or recipient was?,Cristiano Ronaldo won the 2016 Ballon d'Or.
200,managers,Name the manager in charge when Argentina won the 2022 World Cup.,Lionel Scaloni was the manager when that happened.
200,managers,Which coach led the team when Argentina won the 2022 World Cup?,Lionel Scaloni was the manager when that happened.
200,managers,Who was the manager when Argentina won the 2022 World Cup?,Lionel Scaloni was the manager when that happened.
200,managers,Who was the head coach when Argentina won the 2022 World Cup?,Lionel Scaloni was the manager when that happened.
200,managers,Which manager guided Argentina to the 2022 World Cup?,Lionel Scaloni was the manager when that happened.
200,managers,Who managed Argentina during their 2022 World Cup win?,Lionel Scaloni was the manager when that happened.
200,managers,Argentina's 2022 World Cup winning manager was?,Lionel Scaloni was the manager when that happened.
200,managers,Who was Argentina's manager for their 2022 World Cup title?,Lionel Scaloni was the manager when that happened.
200,managers,The coach who led Argentina to the 2022 World Cup was?,Lionel Scaloni was the manager when that happened.
200,managers,Name the Argentina manager for the 2022 World Cup victory.,Lionel Scaloni was the manager when that happened.
200,managers,Who was in charge of Argentina when they won the 2022 World Cup?,Lionel Scaloni was the manager when that happened.
200,managers,Which coach was at Argentina for their 2022 World Cup win?,Lionel Scaloni was the manager when that happened.
200,managers,Manager of Argentina's 2022 World Cup winning team?,Lionel Scaloni was the manager when that happened.
200,managers,Who was the Argentina coach in their 2022 World Cup triumph?,Lionel Scaloni was the manager when that happened.
200,managers,Argentina won the 2022 World Cup under which manager?,Lionel Scaloni was the manager when that happened.
200,managers,Which manager was in charge for Argentina's 2022 World Cup title?,Lionel Scaloni was the manager when that happened.
200,managers,Name the coach of Argentina's 2022 World Cup champions.,Lionel Scaloni was the manager when that happened.
200,managers,Who was the manager of Argentina in 2022?,Lionel Scaloni was the manager when that happened.
200,managers,Who was Argentina's coach when they won the World Cup in 2022?,Lionel Scaloni was the manager when that happened.
200,managers,The manager of Argentina's 2022 World Cup win was?,Lionel Scaloni was the manager when that happened.
215,records,Who has the most UCL goals ever?,Cristiano Ronaldo is the Champions League's all-time top scorer with 140 goals.
215,records,Which player has scored the most goals in Champions League history?,Cristiano Ronaldo is the Champions League's all-time top scorer with 140 goals.
215,records,Who is the all-time top scorer in the Champions League?,Cristiano Ronaldo is the Champions League's all-time top scorer with 140 goals.
215,records,Name the Champions League record goalscorer.,Cristiano Ronaldo is the Champions League's all-time top scorer with 140 goals.
215,records,Who has scored the most Champions League goals?,Cristiano Ronaldo is the Champions League's all-time top scorer with 140 goals.
215,records,The all-time top scorer in the UEFA Champions League is?,Cristiano Ronaldo is the Champions League's all-time top scorer with 140 goals.
215,records,Who is the leading goalscorer in Champions League history?,Cristiano Ronaldo is the Champions League's all-time top scorer with 140 goals.
215,records,Most goals in Champions League history by which player?,Cristiano Ronaldo is the Champions League's all-time top scorer with 140 goals.
215,records,Who holds the record for most Champions League goals?,Cristiano Ronaldo is the Champions League's all-time top scorer with 140 goals.
215,records,Which player has the most goals in the Champions League?,Cristiano Ronaldo is the Champions League's all-time top scorer with 140 goals.
215,records,Champions League all-time top scorer?,Cristiano Ronaldo is the Champions League's all-time top scorer with 140 goals.
215,records,Who is the highest goalscorer in Champions League history?,Cristiano Ronaldo is the Champions League's all-time top scorer with 140 goals.
215,records,Name the player with the most Champions League goals.,Cristiano Ronaldo is the Champions League's all-time top scorer with 140 goals.
215,records,Who has the record for most goals in the UEFA Champions League?,Cristiano Ronaldo is the Champions League's all-time top scorer with 140 goals.
215,records,Which footballer is the top scorer in Champions League history?,Cristiano Ronaldo is the Champions League's all-time top scorer with 140 goals.
215,records,Who has scored the highest number of Champions League goals?,Cristiano Ronaldo is the Champions League's all-time top scorer with 140 goals.
215,records,Champions League record goalscorer?,Cristiano Ronaldo is the Champions League's all-time top scorer with 140 goals.
215,records,Who is the top goalscorer in the Champions League?,Cristiano Ronaldo is the Champions League's all-time top scorer with 140 goals.
215,records,The player with the most Champions League goals is?,Cristiano Ronaldo is the Champions League's all-time top scorer with 140 goals.
215,records,Who has the most goals in Champions League?,Cristiano Ronaldo is the Champions League's all-time top scorer with 140 goals.
228,records,Which club finished the 2003-04 Premier League season without losing?,Arsenal's 2003-04 'Invincibles' went a whole Premier League season unbeaten.
228,records,Which team went unbeaten through an entire Premier League season?,Arsenal's 2003-04 'Invincibles' went a whole Premier League season unbeaten.
228,records,Who are the Invincibles of English football?,Arsenal's 2003-04 'Invincibles' went a whole Premier League season unbeaten.
228,records,Name the only Premier League team to go a whole season unbeaten.,Arsenal's 2003-04 'Invincibles' went a whole Premier League season unbeaten.
228,records,Which team completed an unbeaten Premier League season?,Arsenal's 2003-04 'Invincibles' went a whole Premier League season unbeaten.
228,records,The team that went unbeaten in the 2003-04 Premier League was?,Arsenal's 2003-04 'Invincibles' went a whole Premier League season unbeaten.
228,records,Which club had an unbeaten Premier League season?,Arsenal's 2003-04 'Invincibles' went a whole Premier League season unbeaten.
228,records,Who went undefeated in a Premier League season?,Arsenal's 2003-04 'Invincibles' went a whole Premier League season unbeaten.
228,records,Which team is known as the Invincibles?,Arsenal's 2003-04 'Invincibles' went a whole Premier League season unbeaten.
228,records,The Premier League team that went a season unbeaten is?,Arsenal's 2003-04 'Invincibles' went a whole Premier League season unbeaten.
228,records,Which team went a whole Premier League season without losing?,Arsenal's 2003-04 'Invincibles' went a whole Premier League season unbeaten.
228,records,Name the team that went unbeaten in the 2003-04 Premier League.,Arsenal's 2003-04 'Invincibles' went a whole Premier League season unbeaten.
228,records,Who were the 'Invincibles' in the Premier League?,Arsenal's 2003-04 'Invincibles' went a whole Premier League season unbeaten.
228,records,Which club went undefeated in the 2003-04 Premier League?,Arsenal's 2003-04 'Invincibles' went a whole Premier League season unbeaten.
228,records,The only team to go unbeaten in a Premier League season is?,Arsenal's 2003-04 'Invincibles' went a whole Premier League season unbeaten.
228,records,Which team had an unbeaten Premier League campaign?,Arsenal's 2003-04 'Invincibles' went a whole Premier League season unbeaten.
228,records,Who are the Premier League Invincibles?,Arsenal's 2003-04 'Invincibles' went a whole Premier League season unbeaten.
228,records,Which team completed a full Premier League season unbeaten?,Arsenal's 2003-04 'Invincibles' went a whole Premier League season unbeaten.
228,records,Name the club that went a whole Premier League season unbeaten.,Arsenal's 2003-04 'Invincibles' went a whole Premier League season unbeaten.
228,records,Which team is the only one to go unbeaten in a Premier League season?,Arsenal's 2003-04 'Invincibles' went a whole Premier League season unbeaten.
250,rules,How do you get a corner in football?,"A corner kick is awarded when the ball goes over the goal line, last touched by a defending player."
250,rules,When does a team get a corner?,"A corner kick is awarded when the ball goes over the goal line, last touched by a defending player."
250,rules,When is a corner kick awarded?,"A corner kick is awarded when the ball goes over the goal line, last touched by a defending player."
250,rules,What is a corner kick in football?,"A corner kick is awarded when the ball goes over the goal line, last touched by a defending player."
250,rules,How is a corner kick awarded?,"A corner kick is awarded when the ball goes over the goal line, last touched by a defending player."
250,rules,What leads to a corner kick?,"A corner kick is awarded when the ball goes over the goal line, last touched by a defending player."
250,rules,When is a corner given?,"A corner kick is awarded when the ball goes over the goal line, last touched by a defending player."
250,rules,What causes a corner kick?,"A corner kick is awarded when the ball goes over the goal line, last touched by a defending player."
250,rules,How is a corner awarded in football?,"A corner kick is awarded when the ball goes over the goal line, last touched by a defending player."
250,rules,What is the rule for a corner kick?,"A corner kick is awarded when the ball goes over the goal line, last touched by a defending player."
250,rules,When do you get a corner kick?,"A corner kick is awarded when the ball goes over the goal line, last touched by a defending player."
250,rules,What happens when the ball goes over the goal line last touched by a defender?,"A corner kick is awarded when the ball goes over the goal line, last touched by a defending player."
250,rules,How does a corner kick happen?,"A corner kick is awarded when the ball goes over the goal line, last touched by a defending player."
250,rules,What is the condition for a corner kick?,"A corner kick is awarded when the ball goes over the goal line, last touched by a defending player."
250,rules,When is a corner kick given in football?,"A corner kick is awarded when the ball goes over the goal line, last touched by a defending player."
250,rules,What triggers a corner kick?,"A corner kick is awarded when the ball goes over the goal line, last touched by a defending player."
250,rules,How do you get a corner kick?,"A corner kick is awarded when the ball goes over the goal line, last touched by a defending player."
250,rules,What is the rule for awarding a corner?,"A corner kick is awarded when the ball goes over the goal line, last touched by a defending player."
250,rules,When does a corner kick occur?,"A corner kick is awarded when the ball goes over the goal line, last touched by a defending player."
250,rules,What leads to a corner being awarded?,"A corner kick is awarded when the ball goes over the goal line, last touched by a defending player."
37,world_cup,What is the World Cup trophy count of Spain?,Spain have won the FIFA World Cup 1 time(s).
37,world_cup,How many times has Spain been crowned world champion?,Spain have won the FIFA World Cup 1 time(s).
37,world_cup,How many World Cups has Spain won?,Spain have won the FIFA World Cup 1 time(s).
37,world_cup,Number of FIFA World Cup titles won by Spain?,Spain have won the FIFA World Cup 1 time(s).
37,world_cup,Spain has won how many World Cups?,Spain have won the FIFA World Cup 1 time(s).
37,world_cup,What is Spain's World Cup title count?,Spain have won the FIFA World Cup 1 time(s).
37,world_cup,How many World Cup trophies does Spain have?,Spain have won the FIFA World Cup 1 time(s).
37,world_cup,Spain's World Cup wins count?,Spain have won the FIFA World Cup 1 time(s).
37,world_cup,The number of World Cup titles for Spain is?,Spain have won the FIFA World Cup 1 time(s).
37,world_cup,How many times did Spain win the World Cup?,Spain have won the FIFA World Cup 1 time(s).
37,world_cup,What is the total World Cup count for Spain?,Spain have won the FIFA World Cup 1 time(s).
37,world_cup,How many World Cup awards did Spain win?,Spain have won the FIFA World Cup 1 time(s).
37,world_cup,Spain World Cup total?,Spain have won the FIFA World Cup 1 time(s).
37,world_cup,Count of Spain's World Cup titles?,Spain have won the FIFA World Cup 1 time(s).
37,world_cup,How many World Cup trophies has Spain won?,Spain have won the FIFA World Cup 1 time(s).
37,world_cup,Spain has won the World Cup how many times?,Spain have won the FIFA World Cup 1 time(s).
37,world_cup,Number of World Cup trophies for Spain?,Spain have won the FIFA World Cup 1 time(s).
37,world_cup,What is the number of World Cup titles Spain has?,Spain have won the FIFA World Cup 1 time(s).
37,world_cup,How many times has Spain won the World Cup?,Spain have won the FIFA World Cup 1 time(s).
37,world_cup,Spain's FIFA World Cup trophy count?,Spain have won the FIFA World Cup 1 time(s).
207,managers,Who was the head coach when Real Madrid won three Champions Leagues in a row from 2016 to 2018?,Zinedine Zidane was the manager when that happened.
207,managers,Which coach led the team when Real Madrid won three Champions Leagues in a row from 2016 to 2018?,Zinedine Zidane was the manager when that happened.
207,managers,Who was the manager when Real Madrid won three Champions Leagues in a row from 2016 to 2018?,Zinedine Zidane was the manager when that happened.
207,managers,Name the manager in charge when Real Madrid won three Champions Leagues in a row from 2016 to 2018.,Zinedine Zidane was the manager when that happened.
207,managers,Which manager guided Real Madrid to three consecutive Champions Leagues from 2016 to 2018?,Zinedine Zidane was the manager when that happened.
207,managers,Who managed Real Madrid during their three-peat Champions League wins?,Zinedine Zidane was the manager when that happened.
207,managers,Real Madrid's three consecutive Champions League wins manager was?,Zinedine Zidane was the manager when that happened.
207,managers,Who was Real Madrid's manager for their three Champions League titles in a row?,Zinedine Zidane was the manager when that happened.
207,managers,The coach who led Real Madrid to three straight Champions Leagues was?,Zinedine Zidane was the manager when that happened.
207,managers,Name the Real Madrid manager for the 2016-2018 Champions League three-peat.,Zinedine Zidane was the manager when that happened.
207,managers,Who was in charge of Real Madrid when they won three Champions Leagues in a row?,Zinedine Zidane was the manager when that happened.
207,managers,Which coach was at Real Madrid for their three-peat Champions League win?,Zinedine Zidane was the manager when that happened.
207,managers,Manager of Real Madrid's three consecutive Champions League titles?,Zinedine Zidane was the manager when that happened.
207,managers,Who was the Real Madrid coach in their three-peat Champions League triumph?,Zinedine Zidane was the manager when that happened.
207,managers,Real Madrid won three Champions Leagues in a row under which manager?,Zinedine Zidane was the manager when that happened.
207,managers,Which manager was in charge for Real Madrid's three consecutive Champions League titles?,Zinedine Zidane was the manager when that happened.
207,managers,Name the coach of Real Madrid's three-peat Champions League champions.,Zinedine Zidane was the manager when that happened.
207,managers,Who was the manager of Real Madrid from 2016 to 2018?,Zinedine Zidane was the manager when that happened.
207,managers,Who was Real Madrid's coach when they won three Champions Leagues in a row?,Zinedine Zidane was the manager when that happened.
207,managers,The manager of Real Madrid's 2016-2018 Champions League wins was?,Zinedine Zidane was the manager when that happened.
251,rules,How do you get a goal kick in football?,A goal kick is awarded when the whole ball crosses the goal line last touched by an attacker.
251,rules,When is a goal kick awarded?,A goal kick is awarded when the whole ball crosses the goal line last touched by an attacker.
251,rules,When does a team get a goal kick?,A goal kick is awarded when the whole ball crosses the goal line last touched by an attacker.
251,rules,What is a goal kick in football?,A goal kick is awarded when the whole ball crosses the goal line last touched by an attacker.
251,rules,How is a goal kick awarded?,A goal kick is awarded when the whole ball crosses the goal line last touched by an attacker.
251,rules,What leads to a goal kick?,A goal kick is awarded when the whole ball crosses the goal line last touched by an attacker.
251,rules,When is a goal kick given?,A goal kick is awarded when the whole ball crosses the goal line last touched by an attacker.
251,rules,What causes a goal kick?,A goal kick is awarded when the whole ball crosses the goal line last touched by an attacker.
251,rules,How is a goal kick awarded in football?,A goal kick is awarded when the whole ball crosses the goal line last touched by an attacker.
251,rules,What is the rule for a goal kick?,A goal kick is awarded when the whole ball crosses the goal line last touched by an attacker.
251,rules,When do you get a goal kick?,A goal kick is awarded when the whole ball crosses the goal line last touched by an attacker.
251,rules,What happens when the ball goes over the goal line last touched by an attacker?,A goal kick is awarded when the whole ball crosses the goal line last touched by an attacker.
251,rules,How does a goal kick happen?,A goal kick is awarded when the whole ball crosses the goal line last touched by an attacker.
251,rules,What is the condition for a goal kick?,A goal kick is awarded when the whole ball crosses the goal line last touched by an attacker.
251,rules,When is a goal kick given in football?,A goal kick is awarded when the whole ball crosses the goal line last touched by an attacker.
251,rules,What triggers a goal kick?,A goal kick is awarded when the whole ball crosses the goal line last touched by an attacker.
251,rules,How do you get a goal kick?,A goal kick is awarded when the whole ball crosses the goal line last touched by an attacker.
251,rules,What is the rule for awarding a goal kick?,A goal kick is awarded when the whole ball crosses the goal line last touched by an attacker.
251,rules,When does a goal kick occur?,A goal kick is awarded when the whole ball crosses the goal line last touched by an attacker.
251,rules,What leads to a goal kick being awarded?,A goal kick is awarded when the whole ball crosses the goal line last touched by an attacker.
233,records,Name the record Copa America champion.,"Argentina have won the most Copa America titles, with 16."
233,records,Which country has won the most Copa America titles?,"Argentina have won the most Copa America titles, with 16."
233,records,Who is the most successful team in Copa America history?,"Argentina have won the most Copa America titles, with 16."
233,records,Which nation has the most South American championship trophies?,"Argentina have won the most Copa America titles, with 16."
233,records,Which team has the most Copa America trophies?,"Argentina have won the most Copa America titles, with 16."
233,records,The most successful club in Copa America history is?,"Argentina have won the most Copa America titles, with 16."
233,records,Which country has won the most Copa America titles?,"Argentina have won the most Copa America titles, with 16."
233,records,Most Copa America titles won by which country?,"Argentina have won the most Copa America titles, with 16."
233,records,Who is the most decorated team in the Copa America?,"Argentina have won the most Copa America titles, with 16."
233,records,Which nation has the most Copa America wins?,"Argentina have won the most Copa America titles, with 16."
233,records,Name the most successful team in Copa America history.,"Argentina have won the most Copa America titles, with 16."
233,records,Which country holds the record for most Copa America titles?,"Argentina have won the most Copa America titles, with 16."
233,records,The country with the most Copa America trophies is?,"Argentina have won the most Copa America titles, with 16."
233,records,Who has the most Copa America trophies?,"Argentina have won the most Copa America titles, with 16."
233,records,Which team is the most successful in Copa America history?,"Argentina have won the most Copa America titles, with 16."
233,records,Most successful country in the Copa America?,"Argentina have won the most Copa America titles, with 16."
233,records,Which country has won the most Copa America championships?,"Argentina have won the most Copa America titles, with 16."
233,records,Name the team with the most Copa America wins.,"Argentina have won the most Copa America titles, with 16."
233,records,Which country is the record Copa America champion?,"Argentina have won the most Copa America titles, with 16."
233,records,The team with the most Copa America titles is?,"Argentina have won the most Copa America titles, with 16."
212,records,Which club won most champions league trophy?,"Real Madrid have won the most Champions League titles, with 15."
212,records,Which club has won the most Champions League trophies?,"Real Madrid have won the most Champions League titles, with 15."
212,records,Name the club with the highest number of Champions League titles.,"Real Madrid have won the most Champions League titles, with 15."
212,records,Which club have the most champion league trophy?,"Real Madrid have won the most Champions League titles, with 15."
212,records,Who has won the most Champions League titles?,"Real Madrid have won the most Champions League titles, with 15."
212,records,The most successful club in Champions League history is?,"Real Madrid have won the most Champions League titles, with 15."
212,records,Which team has won the most Champions League titles?,"Real Madrid have won the most Champions League titles, with 15."
212,records,Most Champions League titles won by which club?,"Real Madrid have won the most Champions League titles, with 15."
212,records,Who is the most decorated team in the Champions League?,"Real Madrid have won the most Champions League titles, with 15."
212,records,Which club has the most Champions League wins?,"Real Madrid have won the most Champions League titles, with 15."
212,records,Name the most successful team in Champions League history.,"Real Madrid have won the most Champions League titles, with 15."
212,records,Which team holds the record for most Champions League titles?,"Real Madrid have won the most Champions League titles, with 15."
212,records,The club with the most Champions League trophies is?,"Real Madrid have won the most Champions League titles, with 15."
212,records,Who has the most Champions League trophies?,"Real Madrid have won the most Champions League titles, with 15."
212,records,Which team is the most successful in Champions League history?,"Real Madrid have won the most Champions League titles, with 15."
212,records,Most successful club in the Champions League?,"Real Madrid have won the most Champions League titles, with 15."
212,records,Which club has won the most Champions League championships?,"Real Madrid have won the most Champions League titles, with 15."
212,records,Name the team with the most Champions League wins.,"Real Madrid have won the most Champions League titles, with 15."
212,records,Which club is the record Champions League champion?,"Real Madrid have won the most Champions League titles, with 15."
212,records,The team with the most Champions League titles is?,"Real Madrid have won the most Champions League titles, with 15."
209,managers,Who was the head coach when Inter Milan won the treble in 2010?,Jose Mourinho was the manager when that happened.
209,managers,Which coach led the team when Inter Milan won the treble in 2010?,Jose Mourinho was the manager when that happened.
209,managers,Who was the manager when Inter Milan won the treble in 2010?,Jose Mourinho was the manager when that happened.
209,managers,Name the manager in charge when Inter Milan won the treble in 2010.,Jose Mourinho was the manager when that happened.
209,managers,Which manager guided Inter Milan to the treble in 2010?,Jose Mourinho was the manager when that happened.
209,managers,Who managed Inter Milan during their 2010 treble win?,Jose Mourinho was the manager when that happened.
209,managers,Inter Milan's 2010 treble winning manager was?,Jose Mourinho was the manager when that happened.
209,managers,Who was Inter Milan's manager for their 2010 treble?,Jose Mourinho was the manager when that happened.
209,managers,The coach who led Inter Milan to the 2010 treble was?,Jose Mourinho was the manager when that happened.
209,managers,Name the Inter Milan manager for the 2010 treble victory.,Jose Mourinho was the manager when that happened.
209,managers,Who was in charge of Inter Milan when they won the 2010 treble?,Jose Mourinho was the manager when that happened.
209,managers,Which coach was at Inter Milan for their 2010 treble win?,Jose Mourinho was the manager when that happened.
209,managers,Manager of Inter Milan's 2010 treble winning team?,Jose Mourinho was the manager when that happened.
209,managers,Who was the Inter Milan coach in their 2010 treble triumph?,Jose Mourinho was the manager when that happened.
209,managers,Inter Milan won the treble in 2010 under which manager?,Jose Mourinho was the manager when that happened.
209,managers,Which manager was in charge for Inter Milan's 2010 treble title?,Jose Mourinho was the manager when that happened.
209,managers,Name the coach of Inter Milan's 2010 treble champions.,Jose Mourinho was the manager when that happened.
209,managers,Who was the manager of Inter Milan in 2010?,Jose Mourinho was the manager when that happened.
209,managers,Who was Inter Milan's coach when they won the treble in 2010?,Jose Mourinho was the manager when that happened.
209,managers,The manager of Inter Milan's 2009-10 treble win was?,Jose Mourinho was the manager when that happened.
162,players,For which country did Zlatan Ibrahimovic play international football?,Zlatan Ibrahimovic is from Sweden.
162,players,Which country does Zlatan Ibrahimovic come from?,Zlatan Ibrahimovic is from Sweden.
162,players,What is the nationality of Zlatan Ibrahimovic?,Zlatan Ibrahimovic is from Sweden.
162,players,Zlatan Ibrahimovic is from which country?,Zlatan Ibrahimovic is from Sweden.
162,players,Which nation does Zlatan Ibrahimovic represent?,Zlatan Ibrahimovic is from Sweden.
162,players,What country is Zlatan Ibrahimovic from?,Zlatan Ibrahimovic is from Sweden.
162,players,Zlatan Ibrahimovic's nationality is?,Zlatan Ibrahimovic is from Sweden.
162,players,Where is Zlatan Ibrahimovic from?,Zlatan Ibrahimovic is from Sweden.
162,players,Which country is Zlatan Ibrahimovic a citizen of?,Zlatan Ibrahimovic is from Sweden.
162,players,Zlatan Ibrahimovic plays for which country?,Zlatan Ibrahimovic is from Sweden.
162,players,What is Zlatan Ibrahimovic's country of origin?,Zlatan Ibrahimovic is from Sweden.
162,players,Which country does Zlatan Ibrahimovic play for?,Zlatan Ibrahimovic is from Sweden.
162,players,Zlatan Ibrahimovic represents which nation?,Zlatan Ibrahimovic is from Sweden.
162,players,What nationality is Zlatan Ibrahimovic?,Zlatan Ibrahimovic is from Sweden.
162,players,Which country is Zlatan Ibrahimovic from?,Zlatan Ibrahimovic is from Sweden.
162,players,Zlatan Ibrahimovic's country is?,Zlatan Ibrahimovic is from Sweden.
162,players,Where does Zlatan Ibrahimovic come from?,Zlatan Ibrahimovic is from Sweden.
162,players,What nation is Zlatan Ibrahimovic from?,Zlatan Ibrahimovic is from Sweden.
162,players,Which country is Zlatan Ibrahimovic associated with?,Zlatan Ibrahimovic is from Sweden.
162,players,Zlatan Ibrahimovic is a player from which country?,Zlatan Ibrahimovic is from Sweden.
85,league,Which team topped the Premier League table in 2021-22?,Manchester City won the Premier League in 2021-22.
85,league,Name the team that won the English league title in 2021-22.,Manchester City won the Premier League in 2021-22.
85,league,Which club were the 2021-22 Premier League champions?,Manchester City won the Premier League in 2021-22.
85,league,Who won the Premier League in the 2021-22 season?,Manchester City won the Premier League in 2021-22.
85,league,Who were the 2021-22 Premier League winners?,Manchester City won the Premier League in 2021-22.
85,league,Which team won the 2021-22 Premier League?,Manchester City won the Premier League in 2021-22.
85,league,The 2021-22 Premier League champions were?,Manchester City won the Premier League in 2021-22.
85,league,Which club won the 2021-22 Premier League title?,Manchester City won the Premier League in 2021-22.
85,league,Who claimed the 2021-22 Premier League title?,Manchester City won the Premier League in 2021-22.
85,league,2021-22 Premier League winning team?,Manchester City won the Premier League in 2021-22.
85,league,Name the 2021-22 Premier League winner.,Manchester City won the Premier League in 2021-22.
85,league,Which team were the 2021-22 English league champions?,Manchester City won the Premier League in 2021-22.
85,league,Who won the English Premier League in 2021-22?,Manchester City won the Premier League in 2021-22.
85,league,The winner of the 2021-22 Premier League was?,Manchester City won the Premier League in 2021-22.
85,league,Which club topped the 2021-22 Premier League?,Manchester City won the Premier League in 2021-22.
85,league,Who were the champions of the 2021-22 Premier League?,Manchester City won the Premier League in 2021-22.
85,league,2021-22 Premier League title winner?,Manchester City won the Premier League in 2021-22.
85,league,Which team won the 2021-22 English Premier League?,Manchester City won the Premier League in 2021-22.
85,league,Who won the 2021-22 Premier League season?,Manchester City won the Premier League in 2021-22.
85,league,Premier League 2021-22 champions?,Manchester City won the Premier League in 2021-22.
135,clubs,What nickname are Liverpool known by?,Liverpool are nicknamed The Reds.
135,clubs,Liverpool is commonly referred to as what?,Liverpool are nicknamed The Reds.
135,clubs,What do fans call Liverpool?,Liverpool are nicknamed The Reds.
135,clubs,What is Liverpool's nickname?,Liverpool are nicknamed The Reds.
135,clubs,What is the nickname of Liverpool?,Liverpool are nicknamed The Reds.
135,clubs,What are Liverpool nicknamed?,Liverpool are nicknamed The Reds.
135,clubs,Liverpool's nickname is?,Liverpool are nicknamed The Reds.
135,clubs,What is Liverpool commonly called?,Liverpool are nicknamed The Reds.
135,clubs,The nickname of Liverpool is?,Liverpool are nicknamed The Reds.
135,clubs,What moniker is used for Liverpool?,Liverpool are nicknamed The Reds.
135,clubs,What are Liverpool also known as?,Liverpool are nicknamed The Reds.
135,clubs,Liverpool are known as?,Liverpool are nicknamed The Reds.
135,clubs,What is the alias of Liverpool?,Liverpool are nicknamed The Reds.
135,clubs,What do people call Liverpool?,Liverpool are nicknamed The Reds.
135,clubs,The nickname for Liverpool is?,Liverpool are nicknamed The Reds.
135,clubs,What is Liverpool's moniker?,Liverpool are nicknamed The Reds.
135,clubs,By what nickname is Liverpool known?,Liverpool are nicknamed The Reds.
135,clubs,What is the common name for Liverpool?,Liverpool are nicknamed The Reds.
135,clubs,What are Liverpool popularly called?,Liverpool are nicknamed The Reds.
135,clubs,Liverpool's alias is?,Liverpool are nicknamed The Reds.
146,players,Lionel Messi is from which country?,Lionel Messi is from Argentina.
146,players,Which country does Lionel Messi come from?,Lionel Messi is from Argentina.
146,players,For which country did Lionel Messi play international football?,Lionel Messi is from Argentina.
146,players,What is the nationality of Lionel Messi?,Lionel Messi is from Argentina.
146,players,Which nation does Lionel Messi represent?,Lionel Messi is from Argentina.
146,players,What country is Lionel Messi from?,Lionel Messi is from Argentina.
146,players,Lionel Messi's nationality is?,Lionel Messi is from Argentina.
146,players,Where is Lionel Messi from?,Lionel Messi is from Argentina.
146,players,Which country is Lionel Messi a citizen of?,Lionel Messi is from Argentina.
146,players,Lionel Messi plays for which country?,Lionel Messi is from Argentina.
146,players,What is Lionel Messi's country of origin?,Lionel Messi is from Argentina.
146,players,Which country does Lionel Messi play for?,Lionel Messi is from Argentina.
146,players,Lionel Messi represents which nation?,Lionel Messi is from Argentina.
146,players,What nationality is Lionel Messi?,Lionel Messi is from Argentina.
146,players,Which country is Lionel Messi from?,Lionel Messi is from Argentina.
146,players,Lionel Messi's country is?,Lionel Messi is from Argentina.
146,players,Where does Lionel Messi come from?,Lionel Messi is from Argentina.
146,players,What nation is Lionel Messi from?,Lionel Messi is from Argentina.
146,players,Which country is Lionel Messi associated with?,Lionel Messi is from Argentina.
146,players,Lionel Messi is a player from which country?,Lionel Messi is from Argentina.
248,rules,What happens if a player receives two yellow cards?,A second yellow card in the same match results in a red card and dismissal.
248,rules,What is the result of getting a second yellow card?,A second yellow card in the same match results in a red card and dismissal.
248,rules,Do two yellow cards equal a red card?,A second yellow card in the same match results in a red card and dismissal.
248,rules,Is a player sent off after two yellow cards?,A second yellow card in the same match results in a red card and dismissal.
248,rules,What happens when a player gets a second yellow card?,A second yellow card in the same match results in a red card and dismissal.
248,rules,What is the consequence of two yellow cards?,A second yellow card in the same match results in a red card and dismissal.
248,rules,What happens after a player receives two yellow cards in a match?,A second yellow card in the same match results in a red card and dismissal.
248,rules,What does a second yellow card lead to?,A second yellow card in the same match results in a red card and dismissal.
248,rules,What is the outcome of receiving two yellow cards?,A second yellow card in the same match results in a red card and dismissal.
248,rules,What happens if a player is shown a second yellow card?,A second yellow card in the same match results in a red card and dismissal.
248,rules,What is the penalty for two yellow cards in one match?,A second yellow card in the same match results in a red card and dismissal.
248,rules,What happens when a player is booked twice?,A second yellow card in the same match results in a red card and dismissal.
248,rules,What is the result of a second yellow card?,A second yellow card in the same match results in a red card and dismissal.
248,rules,What does a second yellow card mean?,A second yellow card in the same match results in a red card and dismissal.
248,rules,What is the effect of two yellow cards?,A second yellow card in the same match results in a red card and dismissal.
248,rules,What happens if a player gets booked for a second time?,A second yellow card in the same match results in a red card and dismissal.
248,rules,What is the punishment for a second yellow card?,A second yellow card in the same match results in a red card and dismissal.
248,rules,What happens when a player gets two yellow cards?,A second yellow card in the same match results in a red card and dismissal.
248,rules,What is the consequence of a second yellow card?,A second yellow card in the same match results in a red card and dismissal.
248,rules,What happens if a player receives a second yellow card in a match?,A second yellow card in the same match results in a red card and dismissal.
256,rules,Which technology tells if the whole ball crossed the line?,Goal-line technology uses cameras or sensors to tell the referee instantly if the whole ball crossed the goal line.
256,rules,How does goal-line technology work?,Goal-line technology uses cameras or sensors to tell the referee instantly if the whole ball crossed the goal line.
256,rules,What is the purpose of goal line technology?,Goal-line technology uses cameras or sensors to tell the referee instantly if the whole ball crossed the goal line.
256,rules,What is goal line technology?,Goal-line technology uses cameras or sensors to tell the referee instantly if the whole ball crossed the goal line.
256,rules,How does goal line technology function?,Goal-line technology uses cameras or sensors to tell the referee instantly if the whole ball crossed the goal line.
256,rules,What is the role of goal-line technology?,Goal-line technology uses cameras or sensors to tell the referee instantly if the whole ball crossed the goal line.
256,rules,Explain goal-line technology.,Goal-line technology uses cameras or sensors to tell the referee instantly if the whole ball crossed the goal line.
256,rules,What does goal-line technology do?,Goal-line technology uses cameras or sensors to tell the referee instantly if the whole ball crossed the goal line.
256,rules,How is goal-line technology used?,Goal-line technology uses cameras or sensors to tell the referee instantly if the whole ball crossed the goal line.
256,rules,What is the function of goal-line technology?,Goal-line technology uses cameras or sensors to tell the referee instantly if the whole ball crossed the goal line.
256,rules,Describe how goal-line technology works.,Goal-line technology uses cameras or sensors to tell the referee instantly if the whole ball crossed the goal line.
256,rules,What is the aim of goal-line technology?,Goal-line technology uses cameras or sensors to tell the referee instantly if the whole ball crossed the goal line.
256,rules,How does the goal-line technology system work?,Goal-line technology uses cameras or sensors to tell the referee instantly if the whole ball crossed the goal line.
256,rules,What is goal-line technology used for?,Goal-line technology uses cameras or sensors to tell the referee instantly if the whole ball crossed the goal line.
256,rules,Explain the concept of goal-line technology.,Goal-line technology uses cameras or sensors to tell the referee instantly if the whole ball crossed the goal line.
256,rules,What is the principle behind goal-line technology?,Goal-line technology uses cameras or sensors to tell the referee instantly if the whole ball crossed the goal line.
256,rules,How does the goal line technology system operate?,Goal-line technology uses cameras or sensors to tell the referee instantly if the whole ball crossed the goal line.
256,rules,What is the definition of goal-line technology?,Goal-line technology uses cameras or sensors to tell the referee instantly if the whole ball crossed the goal line.
256,rules,What is the main purpose of goal-line technology?,Goal-line technology uses cameras or sensors to tell the referee instantly if the whole ball crossed the goal line.
256,rules,How is goal-line technology implemented?,Goal-line technology uses cameras or sensors to tell the referee instantly if the whole ball crossed the goal line.
175,players,Which position is Paolo Maldini best known for?,Paolo Maldini plays as a defender.
175,players,What position does Paolo Maldini play?,Paolo Maldini plays as a defender.
175,players,Which role did Paolo Maldini have on the pitch?,Paolo Maldini plays as a defender.
175,players,Paolo Maldini plays as what type of player?,Paolo Maldini plays as a defender.
175,players,What is Paolo Maldini's position?,Paolo Maldini plays as a defender.
175,players,Paolo Maldini's playing position is?,Paolo Maldini plays as a defender.
175,players,Where does Paolo Maldini play on the pitch?,Paolo Maldini plays as a defender.
175,players,What role does Paolo Maldini play?,Paolo Maldini plays as a defender.
175,players,Paolo Maldini is a?,Paolo Maldini plays as a defender.
175,players,What position is Paolo Maldini known for?,Paolo Maldini plays as a defender.
175,players,Paolo Maldini's role in the team is?,Paolo Maldini plays as a defender.
175,players,What type of player is Paolo Maldini?,Paolo Maldini plays as a defender.
175,players,Paolo Maldini plays in which position?,Paolo Maldini plays as a defender.
175,players,What is the playing position of Paolo Maldini?,Paolo Maldini plays as a defender.
175,players,Paolo Maldini is best known for playing as a?,Paolo Maldini plays as a defender.
175,players,What position does Paolo Maldini occupy?,Paolo Maldini plays as a defender.
175,players,Paolo Maldini's position on the field is?,Paolo Maldini plays as a defender.
175,players,What is Paolo Maldini's role?,Paolo Maldini plays as a defender.
175,players,Paolo Maldini is a player in which position?,Paolo Maldini plays as a defender.
175,players,What position did Paolo Maldini play?,Paolo Maldini plays as a defender.
266,rules,What counts as a handball offence?,"Handball is when a player deliberately touches the ball with their hand or arm, or makes their body unnaturally bigger with the arm."
266,rules,When is handball a foul?,"Handball is when a player deliberately touches the ball with their hand or arm, or makes their body unnaturally bigger with the arm."
266,rules,What is handball in football?,"Handball is when a player deliberately touches the ball with their hand or arm, or makes their body unnaturally bigger with the arm."
266,rules,When does a referee give a handball?,"Handball is when a player deliberately touches the ball with their hand or arm, or makes their body unnaturally bigger with the arm."
266,rules,What is considered a handball?,"Handball is when a player deliberately touches the ball with their hand or arm, or makes their body unnaturally bigger with the arm."
266,rules,What is the rule for handball?,"Handball is when a player deliberately touches the ball with their hand or arm, or makes their body unnaturally bigger with the arm."
266,rules,How is a handball committed?,"Handball is when a player deliberately touches the ball with their hand or arm, or makes their body unnaturally bigger with the arm."
266,rules,What constitutes a handball offence?,"Handball is when a player deliberately touches the ball with their hand or arm, or makes their body unnaturally bigger with the arm."
266,rules,When is a handball given?,"Handball is when a player deliberately touches the ball with their hand or arm, or makes their body unnaturally bigger with the arm."
266,rules,What is the definition of handball?,"Handball is when a player deliberately touches the ball with their hand or arm, or makes their body unnaturally bigger with the arm."
266,rules,When is a handball called?,"Handball is when a player deliberately touches the ball with their hand or arm, or makes their body unnaturally bigger with the arm."
266,rules,What is a handball in football?,"Handball is when a player deliberately touches the ball with their hand or arm, or makes their body unnaturally bigger with the arm."
266,rules,How is handball defined in football?,"Handball is when a player deliberately touches the ball with their hand or arm, or makes their body unnaturally bigger with the arm."
266,rules,What actions are considered handball?,"Handball is when a player deliberately touches the ball with their hand or arm, or makes their body unnaturally bigger with the arm."
266,rules,When does handball occur?,"Handball is when a player deliberately touches the ball with their hand or arm, or makes their body unnaturally bigger with the arm."
266,rules,What is the handball rule?,"Handball is when a player deliberately touches the ball with their hand or arm, or makes their body unnaturally bigger with the arm."
266,rules,What is an example of a handball?,"Handball is when a player deliberately touches the ball with their hand or arm, or makes their body unnaturally bigger with the arm."
266,rules,What is meant by handball?,"Handball is when a player deliberately touches the ball with their hand or arm, or makes their body unnaturally bigger with the arm."
266,rules,When is handball penalized?,"Handball is when a player deliberately touches the ball with their hand or arm, or makes their body unnaturally bigger with the arm."
266,rules,What is a handball violation?,"Handball is when a player deliberately touches the ball with their hand or arm, or makes their body unnaturally bigger with the arm."
96,awards,Name the 2015 Ballon d'Or winner.,Lionel Messi won the 2015 Ballon d'Or.
96,awards,Who won the Ballon d'Or in 2015?,Lionel Messi won the 2015 Ballon d'Or.
96,awards,Who took home the Ballon d'Or in 2015?,Lionel Messi won the 2015 Ballon d'Or.
96,awards,Which player was awarded the 2015 Ballon d'Or?,Lionel Messi won the 2015 Ballon d'Or.
96,awards,The 2015 Ballon d'Or was won by?,Lionel Messi won the 2015 Ballon d'Or.
96,awards,Who was the 2015 Ballon d'Or recipient?,Lionel Messi won the 2015 Ballon d'Or.
96,awards,Which player won the 2015 Ballon d'Or?,Lionel Messi won the 2015 Ballon d'Or.
96,awards,2015 Ballon d'Or winner?,Lionel Messi won the 2015 Ballon d'Or.
96,awards,Name the recipient of the 2015 Ballon d'Or.,Lionel Messi won the 2015 Ballon d'Or.
96,awards,Who was awarded the Ballon d'Or in 2015?,Lionel Messi won the 2015 Ballon d'Or.
96,awards,The winner of the 2015 Ballon d'Or was?,Lionel Messi won the 2015 Ballon d'Or.
96,awards,Which footballer won the 2015 Ballon d'Or?,Lionel Messi won the 2015 Ballon d'Or.
96,awards,2015 Ballon d'Or award winner?,Lionel Messi won the 2015 Ballon d'Or.
96,awards,Who claimed the 2015 Ballon d'Or?,Lionel Messi won the 2015 Ballon d'Or.
96,awards,Name the player who won the 2015 Ballon d'Or.,Lionel Messi won the 2015 Ballon d'Or.
96,awards,Who received the 2015 Ballon d'Or?,Lionel Messi won the 2015 Ballon d'Or.
96,awards,2015 Ballon d'Or winner is?,Lionel Messi won the 2015 Ballon d'Or.
96,awards,Which player took the 2015 Ballon d'Or?,Lionel Messi won the 2015 Ballon d'Or.
96,awards,Who was the winner of the 2015 Ballon d'Or?,Lionel Messi won the 2015 Ballon d'Or.
96,awards,The 2015 Ballon d'Or recipient was?,Lionel Messi won the 2015 Ballon d'Or.
13,trophies,What is the number of European Cup trophies won by Paris Saint-Germain?,Paris Saint-Germain have won the European Cup / Champions League 1 time(s).
13,trophies,How many Champions League titles has Paris Saint-Germain won?,Paris Saint-Germain have won the European Cup / Champions League 1 time(s).
13,trophies,How many times did Paris Saint-Germain win the UEFA Champions League?,Paris Saint-Germain have won the European Cup / Champions League 1 time(s).
13,trophies,Tell me how many Champions League trophies Paris Saint-Germain have lifted.,Paris Saint-Germain have won the European Cup / Champions League 1 time(s).
13,trophies,What is Paris Saint-Germain's Champions League title count?,Paris Saint-Germain have won the European Cup / Champions League 1 time(s).
13,trophies,Number of Champions League titles won by Paris Saint-Germain?,Paris Saint-Germain have won the European Cup / Champions League 1 time(s).
13,trophies,Paris Saint-Germain has won how many Champions League titles?,Paris Saint-Germain have won the European Cup / Champions League 1 time(s).
13,trophies,How many Champions League trophies does Paris Saint-Germain have?,Paris Saint-Germain have won the European Cup / Champions League 1 time(s).
13,trophies,Paris Saint-Germain's Champions League wins count?,Paris Saint-Germain have won the European Cup / Champions League 1 time(s).
13,trophies,The number of Champions League titles for Paris Saint-Germain is?,Paris Saint-Germain have won the European Cup / Champions League 1 time(s).
13,trophies,How many European Cup / Champions League titles has Paris Saint-Germain won?,Paris Saint-Germain have won the European Cup / Champions League 1 time(s).
13,trophies,What is the total Champions League count for Paris Saint-Germain?,Paris Saint-Germain have won the European Cup / Champions League 1 time(s).
13,trophies,How many Champions League awards did Paris Saint-Germain win?,Paris Saint-Germain have won the European Cup / Champions League 1 time(s).
13,trophies,Paris Saint-Germain Champions League total?,Paris Saint-Germain have won the European Cup / Champions League 1 time(s).
13,trophies,Count of Paris Saint-Germain's Champions League titles?,Paris Saint-Germain have won the European Cup / Champions League 1 time(s).
13,trophies,How many Champions League trophies has Paris Saint-Germain won?,Paris Saint-Germain have won the European Cup / Champions League 1 time(s).
13,trophies,Paris Saint-Germain has won the Champions League how many times?,Paris Saint-Germain have won the European Cup / Champions League 1 time(s).
13,trophies,Number of Champions League trophies for Paris Saint-Germain?,Paris Saint-Germain have won the European Cup / Champions League 1 time(s).
13,trophies,What is the number of Champions League titles Paris Saint-Germain has?,Paris Saint-Germain have won the European Cup / Champions League 1 time(s).
13,trophies,How many times has Paris Saint-Germain won the Champions League?,Paris Saint-Germain have won the European Cup / Champions League 1 time(s).
201,managers,Who was the manager when France won the 2018 World Cup?,Didier Deschamps was the manager when that happened.
201,managers,Which coach led the team when France won the 2018 World Cup?,Didier Deschamps was the manager when that happened.
201,managers,Name the manager in charge when France won the 2018 World Cup.,Didier Deschamps was the manager when that happened.
201,managers,Who was the head coach when France won the 2018 World Cup?,Didier Deschamps was the manager when that happened.
201,managers,Which manager guided France to the 2018 World Cup?,Didier Deschamps was the manager when that happened.
201,managers,Who managed France during their 2018 World Cup win?,Didier Deschamps was the manager when that happened.
201,managers,France's 2018 World Cup winning manager was?,Didier Deschamps was the manager when that happened.
201,managers,Who was France's manager for their 2018 World Cup title?,Didier Deschamps was the manager when that happened.
201,managers,The coach who led France to the 2018 World Cup was?,Didier Deschamps was the manager when that happened.
201,managers,Name the France manager for the 2018 World Cup victory.,Didier Deschamps was the manager when that happened.
201,managers,Who was in charge of France when they won the 2018 World Cup?,Didier Deschamps was the manager when that happened.
201,managers,Which coach was at France for their 2018 World Cup win?,Didier Deschamps was the manager when that happened.
201,managers,Manager of France's 2018 World Cup winning team?,Didier Deschamps was the manager when that happened.
201,managers,Who was the France coach in their 2018 World Cup triumph?,Didier Deschamps was the manager when that happened.
201,managers,France won the 2018 World Cup under which manager?,Didier Deschamps was the manager when that happened.
201,managers,Which manager was in charge for France's 2018 World Cup title?,Didier Deschamps was the manager when that happened.
201,managers,Name the coach of France's 2018 World Cup champions.,Didier Deschamps was the manager when that happened.
201,managers,Who was the manager of France in 2018?,Didier Deschamps was the manager when that happened.
201,managers,Who was France's coach when they won the World Cup in 2018?,Didier Deschamps was the manager when that happened.
201,managers,The manager of France's 2018 World Cup win was?,Didier Deschamps was the manager when that happened.
115,awards,What is the Ballon d'Or count of Zinedine Zidane?,Zinedine Zidane has won the Ballon d'Or 1 time(s).
115,awards,How many times did Zinedine Zidane win the Ballon d'Or?,Zinedine Zidane has won the Ballon d'Or 1 time(s).
115,awards,Tell me the number of Ballon d'Or trophies Zinedine Zidane has.,Zinedine Zidane has won the Ballon d'Or 1 time(s).
115,awards,How many Ballon d'Or awards has Zinedine Zidane won?,Zinedine Zidane has won the Ballon d'Or 1 time(s).
115,awards,What is Zinedine Zidane's Ballon d'Or tally?,Zinedine Zidane has won the Ballon d'Or 1 time(s).
115,awards,Number of Ballon d'Or awards won by Zinedine Zidane?,Zinedine Zidane has won the Ballon d'Or 1 time(s).
115,awards,Zinedine Zidane has won how many Ballon d'Or awards?,Zinedine Zidane has won the Ballon d'Or 1 time(s).
115,awards,How many Ballon d'Ors does Zinedine Zidane have?,Zinedine Zidane has won the Ballon d'Or 1 time(s).
115,awards,Zinedine Zidane's Ballon d'Or wins count?,Zinedine Zidane has won the Ballon d'Or 1 time(s).
115,awards,The number of Ballon d'Or awards for Zinedine Zidane is?,Zinedine Zidane has won the Ballon d'Or 1 time(s).
115,awards,How many Ballon d'Or trophies has Zinedine Zidane won?,Zinedine Zidane has won the Ballon d'Or 1 time(s).
115,awards,What is the total Ballon d'Or count for Zinedine Zidane?,Zinedine Zidane has won the Ballon d'Or 1 time(s).
115,awards,How many Ballon d'Or awards did Zinedine Zidane win?,Zinedine Zidane has won the Ballon d'Or 1 time(s).
115,awards,Zinedine Zidane Ballon d'Or total?,Zinedine Zidane has won the Ballon d'Or 1 time(s).
115,awards,Count of Zinedine Zidane's Ballon d'Or awards?,Zinedine Zidane has won the Ballon d'Or 1 time(s).
115,awards,How many Ballon d'Ors has Zinedine Zidane won?,Zinedine Zidane has won the Ballon d'Or 1 time(s).
115,awards,Zinedine Zidane has won the Ballon d'Or how many times?,Zinedine Zidane has won the Ballon d'Or 1 time(s).
115,awards,Number of Ballon d'Or trophies for Zinedine Zidane?,Zinedine Zidane has won the Ballon d'Or 1 time(s).
115,awards,What is the number of Ballon d'Or awards Zinedine Zidane has?,Zinedine Zidane has won the Ballon d'Or 1 time(s).
115,awards,How many times has Zinedine Zidane won the Ballon d'Or?,Zinedine Zidane has won the Ballon d'Or 1 time(s).
73,euros,Who won the UEFA European Championship in 2024?,Spain won Euro 2024.
73,euros,Which country won Euro 2024?,Spain won Euro 2024.
73,euros,Name the winner of the 2024 Euros.,Spain won Euro 2024.
73,euros,Which team were the Euro 2024 champions?,Spain won Euro 2024.
73,euros,Who were the Euro 2024 winners?,Spain won Euro 2024.
73,euros,Which team won the 2024 European Championship?,Spain won Euro 2024.
73,euros,The 2024 Euro champions were?,Spain won Euro 2024.
73,euros,Who claimed the Euro 2024 title?,Spain won Euro 2024.
73,euros,2024 European Championship winning team?,Spain won Euro 2024.
73,euros,Name the 2024 Euro winner.,Spain won Euro 2024.
73,euros,Which country were the 2024 European champions?,Spain won Euro 2024.
73,euros,Who won the 2024 European Football Championship?,Spain won Euro 2024.
73,euros,The winner of Euro 2024 was?,Spain won Euro 2024.
73,euros,Which nation won Euro 2024?,Spain won Euro 2024.
73,euros,2024 Euros champion?,Spain won Euro 2024.
73,euros,Who lifted the Euro 2024 trophy?,Spain won Euro 2024.
73,euros,Which team won the UEFA Euro 2024?,Spain won Euro 2024.
73,euros,Name the 2024 European Championship winner.,Spain won Euro 2024.
73,euros,Who were the champions of Euro 2024?,Spain won Euro 2024.
73,euros,Which country won the 2024 Euros?,Spain won Euro 2024.
144,clubs,What do fans call Juventus?,Juventus are nicknamed The Old Lady (Bianconeri).
144,clubs,What is Juventus's nickname?,Juventus are nicknamed The Old Lady (Bianconeri).
144,clubs,Juventus is commonly referred to as what?,Juventus are nicknamed The Old Lady (Bianconeri).
144,clubs,What nickname are Juventus known by?,Juventus are nicknamed The Old Lady (Bianconeri).
144,clubs,What is the nickname of Juventus?,Juventus are nicknamed The Old Lady (Bianconeri).
144,clubs,What are Juventus nicknamed?,Juventus are nicknamed The Old Lady (Bianconeri).
144,clubs,Juventus's nickname is?,Juventus are nicknamed The Old Lady (Bianconeri).
144,clubs,What is Juventus commonly called?,Juventus are nicknamed The Old Lady (Bianconeri).
144,clubs,The nickname of Juventus is?,Juventus are nicknamed The Old Lady (Bianconeri).
144,clubs,What moniker is used for Juventus?,Juventus are nicknamed The Old Lady (Bianconeri).
144,clubs,What are Juventus also known as?,Juventus are nicknamed The Old Lady (Bianconeri).
144,clubs,Juventus are known as?,Juventus are nicknamed The Old Lady (Bianconeri).
144,clubs,What is the alias of Juventus?,Juventus are nicknamed The Old Lady (Bianconeri).
144,clubs,What do people call Juventus?,Juventus are nicknamed The Old Lady (Bianconeri).
144,clubs,The nickname for Juventus is?,Juventus are nicknamed The Old Lady (Bianconeri).
144,clubs,What is Juventus's moniker?,Juventus are nicknamed The Old Lady (Bianconeri).
144,clubs,By what nickname is Juventus known?,Juventus are nicknamed The Old Lady (Bianconeri).
144,clubs,What is the common name for Juventus?,Juventus are nicknamed The Old Lady (Bianconeri).
144,clubs,What are Juventus popularly called?,Juventus are nicknamed The Old Lady (Bianconeri).
144,clubs,Juventus's alias is?,Juventus are nicknamed The Old Lady (Bianconeri).
236,records,Which team has the most English FA Cup trophies?,"Arsenal have won the most FA Cup trophies, with 14."
236,records,Name the record FA Cup champion.,"Arsenal have won the most FA Cup trophies, with 14."
236,records,Who is the most successful team in FA Cup history?,"Arsenal have won the most FA Cup trophies, with 14."
236,records,Which club has won the most FA Cup titles?,"Arsenal have won the most FA Cup trophies, with 14."
236,records,Which team has won the most FA Cup trophies?,"Arsenal have won the most FA Cup trophies, with 14."
236,records,The most successful club in FA Cup history is?,"Arsenal have won the most FA Cup trophies, with 14."
236,records,Which club has won the most FA Cup trophies?,"Arsenal have won the most FA Cup trophies, with 14."
236,records,Most FA Cup titles won by which club?,"Arsenal have won the most FA Cup trophies, with 14."
236,records,Who is the most decorated team in the FA Cup?,"Arsenal have won the most FA Cup trophies, with 14."
236,records,Which club has the most FA Cup wins?,"Arsenal have won the most FA Cup trophies, with 14."
236,records,Name the most successful team in FA Cup history.,"Arsenal have won the most FA Cup trophies, with 14."
236,records,Which team holds the record for most FA Cup titles?,"Arsenal have won the most FA Cup trophies, with 14."
236,records,The club with the most FA Cup trophies is?,"Arsenal have won the most FA Cup trophies, with 14."
236,records,Who has the most FA Cup trophies?,"Arsenal have won the most FA Cup trophies, with 14."
236,records,Which team is the most successful in FA Cup history?,"Arsenal have won the most FA Cup trophies, with 14."
236,records,Most successful club in the FA Cup?,"Arsenal have won the most FA Cup trophies, with 14."
236,records,Which club has won the most FA Cup championships?,"Arsenal have won the most FA Cup trophies, with 14."
236,records,Name the team with the most FA Cup wins.,"Arsenal have won the most FA Cup trophies, with 14."
236,records,Which club is the record FA Cup champion?,"Arsenal have won the most FA Cup trophies, with 14."
236,records,The team with the most FA Cup titles is?,"Arsenal have won the most FA Cup trophies, with 14."
28,trophies,Who were the 2024 Champions League winners?,Real Madrid won the Champions League final in 2024.
28,trophies,Name the team that lifted the UEFA Champions League in 2024.,Real Madrid won the Champions League final in 2024.
28,trophies,Which team became European champions in 2024?,Real Madrid won the Champions League final in 2024.
28,trophies,Which club won the Champions League in 2024?,Real Madrid won the Champions League final in 2024.
28,trophies,Who won the Champions League in 2024?,Real Madrid won the Champions League final in 2024.
28,trophies,2024 Champions League winning team?,Real Madrid won the Champions League final in 2024.
28,trophies,Name the 2024 Champions League winner.,Real Madrid won the Champions League final in 2024.
28,trophies,Which team won the 2024 UEFA Champions League?,Real Madrid won the Champions League final in 2024.
28,trophies,The 2024 Champions League champions were?,Real Madrid won the Champions League final in 2024.
28,trophies,Who claimed the 2024 Champions League title?,Real Madrid won the Champions League final in 2024.
28,trophies,Which club lifted the 2024 Champions League trophy?,Real Madrid won the Champions League final in 2024.
28,trophies,2024 European Cup winner?,Real Madrid won the Champions League final in 2024.
28,trophies,Who won the 2024 European Cup?,Real Madrid won the Champions League final in 2024.
28,trophies,Name the winner of the 2024 Champions League final.,Real Madrid won the Champions League final in 2024.
28,trophies,Which team was the 2024 Champions League champion?,Real Madrid won the Champions League final in 2024.
28,trophies,The winner of the 2024 Champions League was?,Real Madrid won the Champions League final in 2024.
28,trophies,Who were the champions of Europe in 2024?,Real Madrid won the Champions League final in 2024.
28,trophies,Which team won the European Cup in 2024?,Real Madrid won the Champions League final in 2024.
28,trophies,2024 UEFA Champions League winner?,Real Madrid won the Champions League final in 2024.
28,trophies,Who lifted the 2024 Champions League trophy?,Real Madrid won the Champions League final in 2024.
118,clubs,Name the ground of Manchester United.,Manchester United play at Old Trafford.
118,clubs,Where does Manchester United play its home games?,Manchester United play at Old Trafford.
118,clubs,Which stadium is home to Manchester United?,Manchester United play at Old Trafford.
118,clubs,What is the name of Manchester United's home stadium?,Manchester United play at Old Trafford.
118,clubs,What stadium do Manchester United play in?,Manchester United play at Old Trafford.
118,clubs,Manchester United's home ground is called?,Manchester United play at Old Trafford.
118,clubs,The home stadium of Manchester United is?,Manchester United play at Old Trafford.
118,clubs,What is the name of the stadium where Manchester United plays?,Manchester United play at Old Trafford.
118,clubs,Which ground does Manchester United use for home matches?,Manchester United play at Old Trafford.
118,clubs,Name the home venue of Manchester United.,Manchester United play at Old Trafford.
118,clubs,What is Manchester United's stadium called?,Manchester United play at Old Trafford.
118,clubs,Where do Manchester United play their home fixtures?,Manchester United play at Old Trafford.
118,clubs,The stadium of Manchester United is known as?,Manchester United play at Old Trafford.
118,clubs,Manchester United's home field is?,Manchester United play at Old Trafford.
118,clubs,What is the home of Manchester United?,Manchester United play at Old Trafford.
118,clubs,Which stadium does Manchester United call home?,Manchester United play at Old Trafford.
118,clubs,Name Manchester United's stadium.,Manchester United play at Old Trafford.
118,clubs,The home ground for Manchester United is?,Manchester United play at Old Trafford.
118,clubs,Where is Manchester United's home stadium?,Manchester United play at Old Trafford.
118,clubs,What stadium is Manchester United's home?,Manchester United play at Old Trafford.
1,trophies,Tell me how many Champions League trophies AC Milan have lifted.,AC Milan have won the European Cup / Champions League 7 time(s).
1,trophies,How many Champions League titles has AC Milan won?,AC Milan have won the European Cup / Champions League 7 time(s).
1,trophies,How many times did AC Milan win the UEFA Champions League?,AC Milan have won the European Cup / Champions League 7 time(s).
1,trophies,What is the number of European Cup trophies won by AC Milan?,AC Milan have won the European Cup / Champions League 7 time(s).
1,trophies,What is AC Milan's Champions League title count?,AC Milan have won the European Cup / Champions League 7 time(s).
1,trophies,Number of Champions League titles won by AC Milan?,AC Milan have won the European Cup / Champions League 7 time(s).
1,trophies,AC Milan has won how many Champions League titles?,AC Milan have won the European Cup / Champions League 7 time(s).
1,trophies,How many Champions League trophies does AC Milan have?,AC Milan have won the European Cup / Champions League 7 time(s).
1,trophies,AC Milan's Champions League wins count?,AC Milan have won the European Cup / Champions League 7 time(s).
1,trophies,The number of Champions League titles for AC Milan is?,AC Milan have won the European Cup / Champions League 7 time(s).
1,trophies,How many European Cup / Champions League titles has AC Milan won?,AC Milan have won the European Cup / Champions League 7 time(s).
1,trophies,What is the total Champions League count for AC Milan?,AC Milan have won the European Cup / Champions League 7 time(s).
1,trophies,How many Champions League awards did AC Milan win?,AC Milan have won the European Cup / Champions League 7 time(s).
1,trophies,AC Milan Champions League total?,AC Milan have won the European Cup / Champions League 7 time(s).
1,trophies,Count of AC Milan's Champions League titles?,AC Milan have won the European Cup / Champions League 7 time(s).
1,trophies,How many Champions League trophies has AC Milan won?,AC Milan have won the European Cup / Champions League 7 time(s).
1,trophies,AC Milan has won the Champions League how many times?,AC Milan have won the European Cup / Champions League 7 time(s).
1,trophies,Number of Champions League trophies for AC Milan?,AC Milan have won the European Cup / Champions League 7 time(s).
1,trophies,What is the number of Champions League titles AC Milan has?,AC Milan have won the European Cup / Champions League 7 time(s).
1,trophies,How many times has AC Milan won the Champions League?,AC Milan have won the European Cup / Champions League 7 time(s).
34,world_cup,What is the World Cup trophy count of France?,France have won the FIFA World Cup 2 time(s).
34,world_cup,How many World Cups has France won?,France have won the FIFA World Cup 2 time(s).
34,world_cup,How many times has France been crowned world champion?,France have won the FIFA World Cup 2 time(s).
34,world_cup,Number of FIFA World Cup titles won by France?,France have won the FIFA World Cup 2 time(s).
34,world_cup,France has won how many World Cups?,France have won the FIFA World Cup 2 time(s).
34,world_cup,What is France's World Cup title count?,France have won the FIFA World Cup 2 time(s).
34,world_cup,How many World Cup trophies does France have?,France have won the FIFA World Cup 2 time(s).
34,world_cup,France's World Cup wins count?,France have won the FIFA World Cup 2 time(s).
34,world_cup,The number of World Cup titles for France is?,France have won the FIFA World Cup 2 time(s).
34,world_cup,How many times did France win the World Cup?,France have won the FIFA World Cup 2 time(s).
34,world_cup,What is the total World Cup count for France?,France have won the FIFA World Cup 2 time(s).
34,world_cup,How many World Cup awards did France win?,France have won the FIFA World Cup 2 time(s).
34,world_cup,France World Cup total?,France have won the FIFA World Cup 2 time(s).
34,world_cup,Count of France's World Cup titles?,France have won the FIFA World Cup 2 time(s).
34,world_cup,How many World Cup trophies has France won?,France have won the FIFA World Cup 2 time(s).
34,world_cup,France has won the World Cup how many times?,France have won the FIFA World Cup 2 time(s).
34,world_cup,Number of World Cup trophies for France?,France have won the FIFA World Cup 2 time(s).
34,world_cup,What is the number of World Cup titles France has?,France have won the FIFA World Cup 2 time(s).
34,world_cup,How many times has France won the World Cup?,France have won the FIFA World Cup 2 time(s).
34,world_cup,France's FIFA World Cup trophy count?,France have won the FIFA World Cup 2 time(s).
20,trophies,Which team became European champions in 2016?,Real Madrid won the Champions League final in 2016.
20,trophies,Who were the 2016 Champions League winners?,Real Madrid won the Champions League final in 2016.
20,trophies,Name the team that lifted the UEFA Champions League in 2016.,Real Madrid won the Champions League final in 2016.
20,trophies,Which club won the Champions League in 2016?,Real Madrid won the Champions League final in 2016.
20,trophies,Who won the Champions League in 2016?,Real Madrid won the Champions League final in 2016.
20,trophies,2016 Champions League winning team?,Real Madrid won the Champions League final in 2016.
20,trophies,Name the 2016 Champions League winner.,Real Madrid won the Champions League final in 2016.
20,trophies,Which team won the 2016 UEFA Champions League?,Real Madrid won the Champions League final in 2016.
20,trophies,The 2016 Champions League champions were?,Real Madrid won the Champions League final in 2016.
20,trophies,Who claimed the 2016 Champions League title?,Real Madrid won the Champions League final in 2016.
20,trophies,Which club lifted the 2016 Champions League trophy?,Real Madrid won the Champions League final in 2016.
20,trophies,2016 European Cup winner?,Real Madrid won the Champions League final in 2016.
20,trophies,Who won the 2016 European Cup?,Real Madrid won the Champions League final in 2016.
20,trophies,Name the winner of the 2016 Champions League final.,Real Madrid won the Champions League final in 2016.
20,trophies,Which team was the 2016 Champions League champion?,Real Madrid won the Champions League final in 2016.
20,trophies,The winner of the 2016 Champions League was?,Real Madrid won the Champions League final in 2016.
20,trophies,Who were the champions of Europe in 2016?,Real Madrid won the Champions League final in 2016.
20,trophies,Which team won the European Cup in 2016?,Real Madrid won the Champions League final in 2016.
20,trophies,2016 UEFA Champions League winner?,Real Madrid won the Champions League final in 2016.
20,trophies,Who lifted the 2016 Champions League trophy?,Real Madrid won the Champions League final in 2016.
230,records,Which club has won the most La Liga titles?,Real Madrid have won the most La Liga titles.
230,records,Which team has the most Spanish league championships?,Real Madrid have won the most La Liga titles.
230,records,Name the record La Liga champion.,Real Madrid have won the most La Liga titles.
230,records,Who is the most successful team in Spanish league history?,Real Madrid have won the most La Liga titles.
230,records,Which team has won the most La Liga titles?,Real Madrid have won the most La Liga titles.
230,records,The most successful club in La Liga history is?,Real Madrid have won the most La Liga titles.
230,records,Which club has won the most Spanish league titles?,Real Madrid have won the most La Liga titles.
230,records,Most La Liga titles won by which club?,Real Madrid have won the most La Liga titles.
230,records,Who is the most decorated team in La Liga?,Real Madrid have won the most La Liga titles.
230,records,Which club has the most La Liga wins?,Real Madrid have won the most La Liga titles.
230,records,Name the most successful team in La Liga history.,Real Madrid have won the most La Liga titles.
230,records,Which team holds the record for most La Liga titles?,Real Madrid have won the most La Liga titles.
230,records,The club with the most La Liga trophies is?,Real Madrid have won the most La Liga titles.
230,records,Who has the most La Liga trophies?,Real Madrid have won the most La Liga titles.
230,records,Which team is the most successful in La Liga history?,Real Madrid have won the most La Liga titles.
230,records,Most successful club in La Liga?,Real Madrid have won the most La Liga titles.
230,records,Which club has won the most La Liga championships?,Real Madrid have won the most La Liga titles.
230,records,Name the team with the most La Liga wins.,Real Madrid have won the most La Liga titles.
230,records,Which club is the record La Liga champion?,Real Madrid have won the most La Liga titles.
230,records,The team with the most La Liga titles is?,Real Madrid have won the most La Liga titles.
62,world_cup,Where was the 2010 FIFA World Cup held?,The 2010 World Cup was hosted by South Africa.
62,world_cup,Name the host nation of the 2010 World Cup.,The 2010 World Cup was hosted by South Africa.
62,world_cup,Which country hosted the World Cup in 2010?,The 2010 World Cup was hosted by South Africa.
62,world_cup,Who were the hosts of the 2010 World Cup?,The 2010 World Cup was hosted by South Africa.
62,world_cup,Which nation was the host of the 2010 World Cup?,The 2010 World Cup was hosted by South Africa.
62,world_cup,Tell me the host country of the 2010 World Cup.,The 2010 World Cup was hosted by South Africa.
62,world_cup,What country hosted the 2010 World Cup?,The 2010 World Cup was hosted by South Africa.
62,world_cup,The 2010 World Cup was held in which country?,The 2010 World Cup was hosted by South Africa.
62,world_cup,Which country was the host for the 2010 World Cup?,The 2010 World Cup was hosted by South Africa.
62,world_cup,Host nation of the 2010 FIFA World Cup?,The 2010 World Cup was hosted by South Africa.
62,world_cup,Can you name the host of the 2010 World Cup?,The 2010 World Cup was hosted by South Africa.
62,world_cup,The host nation for the 2010 World Cup was?,The 2010 World Cup was hosted by South Africa.
62,world_cup,Which nation hosted the 2010 FIFA World Cup?,The 2010 World Cup was hosted by South Africa.
62,world_cup,2010 World Cup host country?,The 2010 World Cup was hosted by South Africa.
62,world_cup,Name the country that hosted the 2010 World Cup.,The 2010 World Cup was hosted by South Africa.
62,world_cup,Who was the host of the 2010 World Cup?,The 2010 World Cup was hosted by South Africa.
62,world_cup,Which country held the 2010 World Cup?,The 2010 World Cup was hosted by South Africa.
62,world_cup,The 2010 World Cup host was which nation?,The 2010 World Cup was hosted by South Africa.
62,world_cup,Name the 2010 World Cup host.,The 2010 World Cup was hosted by South Africa.
62,world_cup,Which country was the 2010 World Cup host?,The 2010 World Cup was hosted by South Africa.
0,trophies,Tell me how many Champions League trophies Real Madrid have lifted.,Real Madrid have won the European Cup / Champions League 15 time(s).
0,trophies,How many Champions League titles has Real Madrid won?,Real Madrid have won the European Cup / Champions League 15 time(s).
0,trophies,How many times did Real Madrid win the UEFA Champions League?,Real Madrid have won the European Cup / Champions League 15 time(s).
0,trophies,What is the number of European Cup trophies won by Real Madrid?,Real Madrid have won the European Cup / Champions League 15 time(s).
0,trophies,What is Real Madrid's Champions League title count?,Real Madrid have won the European Cup / Champions League 15 time(s).
0,trophies,Number of Champions League titles won by Real Madrid?,Real Madrid have won the European Cup / Champions League 15 time(s).
0,trophies,Real Madrid has won how many Champions League titles?,Real Madrid have won the European Cup / Champions League 15 time(s).
0,trophies,How many Champions League trophies does Real Madrid have?,Real Madrid have won the European Cup / Champions League 15 time(s).
0,trophies,Real Madrid's Champions League wins count?,Real Madrid have won the European Cup / Champions League 15 time(s).
0,trophies,The number of Champions League titles for Real Madrid is?,Real Madrid have won the European Cup / Champions League 15 time(s).
0,trophies,How many European Cup / Champions League titles has Real Madrid won?,Real Madrid have won the European Cup / Champions League 15 time(s).
0,trophies,What is the total Champions League count for Real Madrid?,Real Madrid have won the European Cup / Champions League 15 time(s).
0,trophies,How many Champions League awards did Real Madrid win?,Real Madrid have won the European Cup / Champions League 15 time(s).
0,trophies,Real Madrid Champions League total?,Real Madrid have won the European Cup / Champions League 15 time(s).
0,trophies,Count of Real Madrid's Champions League titles?,Real Madrid have won the European Cup / Champions League 15 time(s).
0,trophies,How many Champions League trophies has Real Madrid won?,Real Madrid have won the European Cup / Champions League 15 time(s).
0,trophies,Real Madrid has won the Champions League how many times?,Real Madrid have won the European Cup / Champions League 15 time(s).
0,trophies,Number of Champions League trophies for Real Madrid?,Real Madrid have won the European Cup / Champions League 15 time(s).
0,trophies,What is the number of Champions League titles Real Madrid has?,Real Madrid have won the European Cup / Champions League 15 time(s).
0,trophies,How many times has Real Madrid won the Champions League?,Real Madrid have won the European Cup / Champions League 15 time(s).
24,trophies,Which team became European champions in 2020?,Bayern Munich won the Champions League final in 2020.
24,trophies,Who were the 2020 Champions League winners?,Bayern Munich won the Champions League final in 2020.
24,trophies,Name the team that lifted the UEFA Champions League in 2020.,Bayern Munich won the Champions League final in 2020.
24,trophies,Which club won the Champions League in 2020?,Bayern Munich won the Champions League final in 2020.
24,trophies,Who won the Champions League in 2020?,Bayern Munich won the Champions League final in 2020.
24,trophies,2020 Champions League winning team?,Bayern Munich won the Champions League final in 2020.
24,trophies,Name the 2020 Champions League winner.,Bayern Munich won the Champions League final in 2020.
24,trophies,Which team won the 2020 UEFA Champions League?,Bayern Munich won the Champions League final in 2020.
24,trophies,The 2020 Champions League champions were?,Bayern Munich won the Champions League final in 2020.
24,trophies,Who claimed the 2020 Champions League title?,Bayern Munich won the Champions League final in 2020.
24,trophies,Which club lifted the 2020 Champions League trophy?,Bayern Munich won the Champions League final in 2020.
24,trophies,2020 European Cup winner?,Bayern Munich won the Champions League final in 2020.
24,trophies,Who won the 2020 European Cup?,Bayern Munich won the Champions League final in 2020.
24,trophies,Name the winner of the 2020 Champions League final.,Bayern Munich won the Champions League final in 2020.
24,trophies,Which team was the 2020 Champions League champion?,Bayern Munich won the Champions League final in 2020.
24,trophies,The winner of the 2020 Champions League was?,Bayern Munich won the Champions League final in 2020.
24,trophies,Who were the champions of Europe in 2020?,Bayern Munich won the Champions League final in 2020.
24,trophies,Which team won the European Cup in 2020?,Bayern Munich won the Champions League final in 2020.
24,trophies,2020 UEFA Champions League winner?,Bayern Munich won the Champions League final in 2020.
24,trophies,Who lifted the 2020 Champions League trophy?,Bayern Munich won the Champions League final in 2020.
263,rules,When is a direct free kick awarded?,"A direct free kick can be scored from directly, and is given for fouls such as kicking, tripping or handball."
263,rules,What is a direct free kick?,"A direct free kick can be scored from directly, and is given for fouls such as kicking, tripping or handball."
263,rules,How does a direct free kick work?,"A direct free kick can be scored from directly, and is given for fouls such as kicking, tripping or handball."
263,rules,Can a player score directly from a free kick?,"A direct free kick can be scored from directly, and is given for fouls such as kicking, tripping or handball."
263,rules,What is the rule for a direct free kick?,"A direct free kick can be scored from directly, and is given for fouls such as kicking, tripping or handball."
263,rules,Explain a direct free kick.,"A direct free kick can be scored from directly, and is given for fouls such as kicking, tripping or handball."
263,rules,What happens on a direct free kick?,"A direct free kick can be scored from directly, and is given for fouls such as kicking, tripping or handball."
263,rules,How is a direct free kick taken?,"A direct free kick can be scored from directly, and is given for fouls such as kicking, tripping or handball."
263,rules,What is the definition of a direct free kick?,"A direct free kick can be scored from directly, and is given for fouls such as kicking, tripping or handball."
263,rules,When is a direct free kick given?,"A direct free kick can be scored from directly, and is given for fouls such as kicking, tripping or handball."
263,rules,What is a direct free kick in football?,"A direct free kick can be scored from directly, and is given for fouls such as kicking, tripping or handball."
263,rules,Can you score directly from a direct free kick?,"A direct free kick can be scored from directly, and is given for fouls such as kicking, tripping or handball."
263,rules,What are the rules for a direct free kick?,"A direct free kick can be scored from directly, and is given for fouls such as kicking, tripping or handball."
263,rules,How does a direct free kick differ from an indirect one?,"A direct free kick can be scored from directly, and is given for fouls such as kicking, tripping or handball."
263,rules,What is the purpose of a direct free kick?,"A direct free kick can be scored from directly, and is given for fouls such as kicking, tripping or handball."
263,rules,Describe a direct free kick.,"A direct free kick can be scored from directly, and is given for fouls such as kicking, tripping or handball."
263,rules,What is a direct free kick awarded for?,"A direct free kick can be scored from directly, and is given for fouls such as kicking, tripping or handball."
263,rules,What happens during a direct free kick?,"A direct free kick can be scored from directly, and is given for fouls such as kicking, tripping or handball."
263,rules,What is the direct free kick rule?,"A direct free kick can be scored from directly, and is given for fouls such as kicking, tripping or handball."
263,rules,How is a direct free kick signaled?,"A direct free kick can be scored from directly, and is given for fouls such as kicking, tripping or handball."
241,records,Which country is the birthplace of modern football?,England is considered the birthplace of modern football.
241,records,Where did modern football originate?,England is considered the birthplace of modern football.
241,records,Name the country where the rules of modern football were first codified.,England is considered the birthplace of modern football.
241,records,Which nation invented the modern game of football?,England is considered the birthplace of modern football.
241,records,Where was modern football invented?,England is considered the birthplace of modern football.
241,records,Which country is considered the home of modern football?,England is considered the birthplace of modern football.
241,records,The birthplace of modern football is?,England is considered the birthplace of modern football.
241,records,Where were the rules of modern football first established?,England is considered the birthplace of modern football.
241,records,Which country codified the rules of modern football?,England is considered the birthplace of modern football.
241,records,In which country did modern football begin?,England is considered the birthplace of modern football.
241,records,Which country is credited with inventing modern football?,England is considered the birthplace of modern football.
241,records,Where did the modern game of football start?,England is considered the birthplace of modern football.
241,records,Which nation is the home of modern football?,England is considered the birthplace of modern football.
241,records,Where was the modern game of football created?,England is considered the birthplace of modern football.
241,records,Which country first played modern football?,England is considered the birthplace of modern football.
241,records,The country where modern football originated is?,England is considered the birthplace of modern football.
241,records,Where did the rules of modern football originate?,England is considered the birthplace of modern football.
241,records,Which country is the origin of modern football?,England is considered the birthplace of modern football.
241,records,Where was modern football first codified?,England is considered the birthplace of modern football.
241,records,Which nation is credited with the birth of modern football?,England is considered the birthplace of modern football.
147,players,What is the nationality of Cristiano Ronaldo?,Cristiano Ronaldo is from Portugal.
147,players,For which country did Cristiano Ronaldo play international football?,Cristiano Ronaldo is from Portugal.
147,players,Which country does Cristiano Ronaldo come from?,Cristiano Ronaldo is from Portugal.
147,players,Cristiano Ronaldo is from which country?,Cristiano Ronaldo is from Portugal.
147,players,Which nation does Cristiano Ronaldo represent?,Cristiano Ronaldo is from Portugal.
147,players,What country is Cristiano Ronaldo from?,Cristiano Ronaldo is from Portugal.
147,players,Cristiano Ronaldo's nationality is?,Cristiano Ronaldo is from Portugal.
147,players,Where is Cristiano Ronaldo from?,Cristiano Ronaldo is from Portugal.
147,players,Which country is Cristiano Ronaldo a citizen of?,Cristiano Ronaldo is from Portugal.
147,players,Cristiano Ronaldo plays for which country?,Cristiano Ronaldo is from Portugal.
147,players,What is Cristiano Ronaldo's country of origin?,Cristiano Ronaldo is from Portugal.
147,players,Which country does Cristiano Ronaldo play for?,Cristiano Ronaldo is from Portugal.
147,players,Cristiano Ronaldo represents which nation?,Cristiano Ronaldo is from Portugal.
147,players,What nationality is Cristiano Ronaldo?,Cristiano Ronaldo is from Portugal.
147,players,Which country is Cristiano Ronaldo from?,Cristiano Ronaldo is from Portugal.
147,players,Cristiano Ronaldo's country is?,Cristiano Ronaldo is from Portugal.
147,players,Where does Cristiano Ronaldo come from?,Cristiano Ronaldo is from Portugal.
147,players,What nation is Cristiano Ronaldo from?,Cristiano Ronaldo is from Portugal.
147,players,Which country is Cristiano Ronaldo associated with?,Cristiano Ronaldo is from Portugal.
147,players,Cristiano Ronaldo is a player from which country?,Cristiano Ronaldo is from Portugal.
142,clubs,What do fans call AC Milan?,AC Milan are nicknamed Rossoneri.
142,clubs,What is AC Milan's nickname?,AC Milan are nicknamed Rossoneri.
142,clubs,AC Milan is commonly referred to as what?,AC Milan are nicknamed Rossoneri.
142,clubs,What nickname are AC Milan known by?,AC Milan are nicknamed Rossoneri.
142,clubs,What is the nickname of AC Milan?,AC Milan are nicknamed Rossoneri.
142,clubs,What are AC Milan nicknamed?,AC Milan are nicknamed Rossoneri.
142,clubs,AC Milan's nickname is?,AC Milan are nicknamed Rossoneri.
142,clubs,What is AC Milan commonly called?,AC Milan are nicknamed Rossoneri.
142,clubs,The nickname of AC Milan is?,AC Milan are nicknamed Rossoneri.
142,clubs,What moniker is used for AC Milan?,AC Milan are nicknamed Rossoneri.
142,clubs,What are AC Milan also known as?,AC Milan are nicknamed Rossoneri.
142,clubs,AC Milan are known as?,AC Milan are nicknamed Rossoneri.
142,clubs,What is the alias of AC Milan?,AC Milan are nicknamed Rossoneri.
142,clubs,What do people call AC Milan?,AC Milan are nicknamed Rossoneri.
142,clubs,The nickname for AC Milan is?,AC Milan are nicknamed Rossoneri.
142,clubs,What is AC Milan's moniker?,AC Milan are nicknamed Rossoneri.
142,clubs,By what nickname is AC Milan known?,AC Milan are nicknamed Rossoneri.
142,clubs,What is the common name for AC Milan?,AC Milan are nicknamed Rossoneri.
142,clubs,What are AC Milan popularly called?,AC Milan are nicknamed Rossoneri.
142,clubs,AC Milan's alias is?,AC Milan are nicknamed Rossoneri.
197,managers,Who was the head coach when Arsenal went unbeaten in the 2003-04 Premier League season?,Arsene Wenger was the manager when that happened.
197,managers,Which coach led the team when Arsenal went unbeaten in the 2003-04 Premier League season?,Arsene Wenger was the manager when that happened.
197,managers,Who was the manager when Arsenal went unbeaten in the 2003-04 Premier League season?,Arsene Wenger was the manager when that happened.
197,managers,Name the manager in charge when Arsenal went unbeaten in the 2003-04 Premier League season.,Arsene Wenger was the manager when that happened.
197,managers,Which manager guided Arsenal to an unbeaten 2003-04 Premier League season?,Arsene Wenger was the manager when that happened.
197,managers,Who managed Arsenal during their unbeaten 2003-04 season?,Arsene Wenger was the manager when that happened.
197,managers,Arsenal's 2003-04 unbeaten season manager was?,Arsene Wenger was the manager when that happened.
197,managers,Who was Arsenal's manager for their 2003-04 unbeaten season?,Arsene Wenger was the manager when that happened.
197,managers,The coach who led Arsenal to the 2003-04 unbeaten season was?,Arsene Wenger was the manager when that happened.
197,managers,Name the Arsenal manager for the 2003-04 unbeaten season.,Arsene Wenger was the manager when that happened.
197,managers,Who was in charge of Arsenal when they went unbeaten in 2003-04?,Arsene Wenger was the manager when that happened.
197,managers,Which coach was at Arsenal for their 2003-04 unbeaten run?,Arsene Wenger was the manager when that happened.
197,managers,Manager of Arsenal's 2003-04 unbeaten team?,Arsene Wenger was the manager when that happened.
197,managers,Who was the Arsenal coach in their 2003-04 unbeaten triumph?,Arsene Wenger was the manager when that happened.
197,managers,Arsenal went unbeaten in the 2003-04 Premier League under which manager?,Arsene Wenger was the manager when that happened.
197,managers,Which manager was in charge for Arsenal's 2003-04 unbeaten season?,Arsene Wenger was the manager when that happened.
197,managers,Name the coach of Arsenal's 2003-04 unbeaten team.,Arsene Wenger was the manager when that happened.
197,managers,Who was the manager of Arsenal in 2003-04?,Arsene Wenger was the manager when that happened.
197,managers,Who was Arsenal's coach when they went unbeaten in 2003-04?,Arsene Wenger was the manager when that happened.
197,managers,The manager of Arsenal's 2003-04 unbeaten season was?,Arsene Wenger was the manager when that happened.
236,records,Name the record FA Cup champion.,"Arsenal have won the most FA Cup trophies, with 14."
236,records,Which team has the most English FA Cup trophies?,"Arsenal have won the most FA Cup trophies, with 14."
236,records,Who is the most successful team in FA Cup history?,"Arsenal have won the most FA Cup trophies, with 14."
236,records,Which club has won the most FA Cup titles?,"Arsenal have won the most FA Cup trophies, with 14."
236,records,Which team has won the most FA Cup trophies?,"Arsenal have won the most FA Cup trophies, with 14."
236,records,The most successful club in FA Cup history is?,"Arsenal have won the most FA Cup trophies, with 14."
236,records,Which club has won the most FA Cup trophies?,"Arsenal have won the most FA Cup trophies, with 14."
236,records,Most FA Cup titles won by which club?,"Arsenal have won the most FA Cup trophies, with 14."
236,records,Who is the most decorated team in the FA Cup?,"Arsenal have won the most FA Cup trophies, with 14."
236,records,Which club has the most FA Cup wins?,"Arsenal have won the most FA Cup trophies, with 14."
236,records,Name the most successful team in FA Cup history.,"Arsenal have won the most FA Cup trophies, with 14."
236,records,Which team holds the record for most FA Cup titles?,"Arsenal have won the most FA Cup trophies, with 14."
236,records,The club with the most FA Cup trophies is?,"Arsenal have won the most FA Cup trophies, with 14."
236,records,Who has the most FA Cup trophies?,"Arsenal have won the most FA Cup trophies, with 14."
236,records,Which team is the most successful in FA Cup history?,"Arsenal have won the most FA Cup trophies, with 14."
236,records,Most successful club in the FA Cup?,"Arsenal have won the most FA Cup trophies, with 14."
236,records,Which club has won the most FA Cup championships?,"Arsenal have won the most FA Cup trophies, with 14."
236,records,Name the team with the most FA Cup wins.,"Arsenal have won the most FA Cup trophies, with 14."
236,records,Which club is the record FA Cup champion?,"Arsenal have won the most FA Cup trophies, with 14."
236,records,The team with the most FA Cup titles is?,"Arsenal have won the most FA Cup trophies, with 14."
29,trophies,Which club won the Champions League in 2025?,Paris Saint-Germain won the Champions League final in 2025.
29,trophies,Who were the 2025 Champions League winners?,Paris Saint-Germain won the Champions League final in 2025.
29,trophies,Name the team that lifted the UEFA Champions League in 2025.,Paris Saint-Germain won the Champions League final in 2025.
29,trophies,Which team became European champions in 2025?,Paris Saint-Germain won the Champions League final in 2025.
29,trophies,Who won the Champions League in 2025?,Paris Saint-Germain won the Champions League final in 2025.
29,trophies,2025 Champions League winning team?,Paris Saint-Germain won the Champions League final in 2025.
29,trophies,Name the 2025 Champions League winner.,Paris Saint-Germain won the Champions League final in 2025.
29,trophies,Which team won the 2025 UEFA Champions League?,Paris Saint-Germain won the Champions League final in 2025.
29,trophies,The 2025 Champions League champions were?,Paris Saint-Germain won the Champions League final in 2025.
29,trophies,Who claimed the 2025 Champions League title?,Paris Saint-Germain won the Champions League final in 2025.
29,trophies,Which club lifted the 2025 Champions League trophy?,Paris Saint-Germain won the Champions League final in 2025.
29,trophies,2025 European Cup winner?,Paris Saint-Germain won the Champions League final in 2025.
29,trophies,Who won the 2025 European Cup?,Paris Saint-Germain won the Champions League final in 2025.
29,trophies,Name the winner of the 2025 Champions League final.,Paris Saint-Germain won the Champions League final in 2025.
29,trophies,Which team was the 2025 Champions League champion?,Paris Saint-Germain won the Champions League final in 2025.
29,trophies,The winner of the 2025 Champions League was?,Paris Saint-Germain won the Champions League final in 2025.
29,trophies,Who were the champions of Europe in 2025?,Paris Saint-Germain won the Champions League final in 2025.
29,trophies,Which team won the European Cup in 2025?,Paris Saint-Germain won the Champions League final in 2025.
29,trophies,2025 UEFA Champions League winner?,Paris Saint-Germain won the Champions League final in 2025.
29,trophies,Who lifted the 2025 Champions League trophy?,Paris Saint-Germain won the Champions League final in 2025.
145,clubs,What do fans call Chelsea?,Chelsea are nicknamed The Blues.
145,clubs,What is Chelsea's nickname?,Chelsea are nicknamed The Blues.
145,clubs,Chelsea is commonly referred to as what?,Chelsea are nicknamed The Blues.
145,clubs,What nickname are Chelsea known by?,Chelsea are nicknamed The Blues.
145,clubs,What is the nickname of Chelsea?,Chelsea are nicknamed The Blues.
145,clubs,What are Chelsea nicknamed?,Chelsea are nicknamed The Blues.
145,clubs,Chelsea's nickname is?,Chelsea are nicknamed The Blues.
145,clubs,What is Chelsea commonly called?,Chelsea are nicknamed The Blues.
145,clubs,The nickname of Chelsea is?,Chelsea are nicknamed The Blues.
145,clubs,What moniker is used for Chelsea?,Chelsea are nicknamed The Blues.
145,clubs,What are Chelsea also known as?,Chelsea are nicknamed The Blues.
145,clubs,Chelsea are known as?,Chelsea are nicknamed The Blues.
145,clubs,What is the alias of Chelsea?,Chelsea are nicknamed The Blues.
145,clubs,What do people call Chelsea?,Chelsea are nicknamed The Blues.
145,clubs,The nickname for Chelsea is?,Chelsea are nicknamed The Blues.
145,clubs,What is Chelsea's moniker?,Chelsea are nicknamed The Blues.
145,clubs,By what nickname is Chelsea known?,Chelsea are nicknamed The Blues.
145,clubs,What is the common name for Chelsea?,Chelsea are nicknamed The Blues.
145,clubs,What are Chelsea popularly called?,Chelsea are nicknamed The Blues.
145,clubs,Chelsea's alias is?,Chelsea are nicknamed The Blues.
244,rules,What happens if a team has fewer than seven players?,A team needs at least 7 players to continue; with fewer the match is abandoned.
244,rules,What is the minimum number of players a team needs to continue a match?,A team needs at least 7 players to continue; with fewer the match is abandoned.
244,rules,What is the smallest number of players allowed on the pitch for a team?,A team needs at least 7 players to continue; with fewer the match is abandoned.
244,rules,How many players must a team have to keep playing?,A team needs at least 7 players to continue; with fewer the match is abandoned.
244,rules,What is the minimum number of players required for a team to continue playing?,A team needs at least 7 players to continue; with fewer the match is abandoned.
244,rules,If a team has fewer than 7 players what happens?,A team needs at least 7 players to continue; with fewer the match is abandoned.
244,rules,What is the minimum player count for a team to avoid abandonment?,A team needs at least 7 players to continue; with fewer the match is abandoned.
244,rules,How many players does a team need to not forfeit the match?,A team needs at least 7 players to continue; with fewer the match is abandoned.
244,rules,The minimum number of players a team can have to continue is?,A team needs at least 7 players to continue; with fewer the match is abandoned.
244,rules,What is the fewest number of players a team can have and still play?,A team needs at least 7 players to continue; with fewer the match is abandoned.
244,rules,If a team drops below 7 players what is the result?,A team needs at least 7 players to continue; with fewer the match is abandoned.
244,rules,What is the rule for the minimum number of players in a team?,A team needs at least 7 players to continue; with fewer the match is abandoned.
244,rules,How many players are required for a match to continue?,A team needs at least 7 players to continue; with fewer the match is abandoned.
244,rules,What is the player threshold for a team to continue a match?,A team needs at least 7 players to continue; with fewer the match is abandoned.
244,rules,What happens when a team has less than 7 players?,A team needs at least 7 players to continue; with fewer the match is abandoned.
244,rules,A team must have at least how many players to continue?,A team needs at least 7 players to continue; with fewer the match is abandoned.
244,rules,What is the minimum number of players for a team to keep playing?,A team needs at least 7 players to continue; with fewer the match is abandoned.
244,rules,How many players are needed for a team to continue a game?,A team needs at least 7 players to continue; with fewer the match is abandoned.
244,rules,What is the minimum players a team needs on the field?,A team needs at least 7 players to continue; with fewer the match is abandoned.
244,rules,What happens if a team cannot field 7 players?,A team needs at least 7 players to continue; with fewer the match is abandoned.
130,clubs,Where does Paris Saint-Germain play its home games?,Paris Saint-Germain play at the Parc des Princes.
130,clubs,Name the ground of Paris Saint-Germain.,Paris Saint-Germain play at the Parc des Princes.
130,clubs,Which stadium is home to Paris Saint-Germain?,Paris Saint-Germain play at the Parc des Princes.
130,clubs,What is the name of Paris Saint-Germain's home stadium?,Paris Saint-Germain play at the Parc des Princes.
130,clubs,What stadium do Paris Saint-Germain play in?,Paris Saint-Germain play at the Parc des Princes.
130,clubs,Paris Saint-Germain's home ground is called?,Paris Saint-Germain play at the Parc des Princes.
130,clubs,The home stadium of Paris Saint-Germain is?,Paris Saint-Germain play at the Parc des Princes.
130,clubs,What is the name of the stadium where Paris Saint-Germain plays?,Paris Saint-Germain play at the Parc des Princes.
130,clubs,Which ground does Paris Saint-Germain use for home matches?,Paris Saint-Germain play at the Parc des Princes.
130,clubs,Name the home venue of Paris Saint-Germain.,Paris Saint-Germain play at the Parc des Princes.
130,clubs,What is Paris Saint-Germain's stadium called?,Paris Saint-Germain play at the Parc des Princes.
130,clubs,Where do Paris Saint-Germain play their home fixtures?,Paris Saint-Germain play at the Parc des Princes.
130,clubs,The stadium of Paris Saint-Germain is known as?,Paris Saint-Germain play at the Parc des Princes.
130,clubs,Paris Saint-Germain's home field is?,Paris Saint-Germain play at the Parc des Princes.
130,clubs,What is the home of Paris Saint-Germain?,Paris Saint-Germain play at the Parc des Princes.
130,clubs,Which stadium does Paris Saint-Germain call home?,Paris Saint-Germain play at the Parc des Princes.
130,clubs,Name Paris Saint-Germain's stadium.,Paris Saint-Germain play at the Parc des Princes.
130,clubs,The home ground for Paris Saint-Germain is?,Paris Saint-Germain play at the Parc des Princes.
130,clubs,Where is Paris Saint-Germain's home stadium?,Paris Saint-Germain play at the Parc des Princes.
130,clubs,What stadium is Paris Saint-Germain's home?,Paris Saint-Germain play at the Parc des Princes.
206,managers,Name the manager in charge when England won the 1966 World Cup.,Alf Ramsey was the manager when that happened.
206,managers,Who was the manager when England won the 1966 World Cup?,Alf Ramsey was the manager when that happened.
206,managers,Which coach led the team when England won the 1966 World Cup?,Alf Ramsey was the manager when that happened.
206,managers,Who was the head coach when England won the 1966 World Cup?,Alf Ramsey was the manager when that happened.
206,managers,Which manager guided England to the 1966 World Cup?,Alf Ramsey was the manager when that happened.
206,managers,Who managed England during their 1966 World Cup win?,Alf Ramsey was the manager when that happened.
206,managers,England's 1966 World Cup winning manager was?,Alf Ramsey was the manager when that happened.
206,managers,Who was England's manager for their 1966 World Cup title?,Alf Ramsey was the manager when that happened.
206,managers,The coach who led England to the 1966 World Cup was?,Alf Ramsey was the manager when that happened.
206,managers,Name the England manager for the 1966 World Cup victory.,Alf Ramsey was the manager when that happened.
206,managers,Who was in charge of England when they won the 1966 World Cup?,Alf Ramsey was the manager when that happened.
206,managers,Which coach was at England for their 1966 World Cup win?,Alf Ramsey was the manager when that happened.
206,managers,Manager of England's 1966 World Cup winning team?,Alf Ramsey was the manager when that happened.
206,managers,Who was the England coach in their 1966 World Cup triumph?,Alf Ramsey was the manager when that happened.
206,managers,England won the 1966 World Cup under which manager?,Alf Ramsey was the manager when that happened.
206,managers,Which manager was in charge for England's 1966 World Cup title?,Alf Ramsey was the manager when that happened.
206,managers,Name the coach of England's 1966 World Cup champions.,Alf Ramsey was the manager when that happened.
206,managers,Who was the manager of England in 1966?,Alf Ramsey was the manager when that happened.
206,managers,Who was England's coach when they won the World Cup in 1966?,Alf Ramsey was the manager when that happened.
206,managers,The manager of England's 1966 World Cup win was?,Alf Ramsey was the manager when that happened.
90,awards,Who won the Ballon d'Or in 2009?,Lionel Messi won the 2009 Ballon d'Or.
90,awards,Which player was awarded the 2009 Ballon d'Or?,Lionel Messi won the 2009 Ballon d'Or.
90,awards,Who took home the Ballon d'Or in 2009?,Lionel Messi won the 2009 Ballon d'Or.
90,awards,Name the 2009 Ballon d'Or winner.,Lionel Messi won the 2009 Ballon d'Or.
90,awards,The 2009 Ballon d'Or was won by?,Lionel Messi won the 2009 Ballon d'Or.
90,awards,Who was the 2009 Ballon d'Or recipient?,Lionel Messi won the 2009 Ballon d'Or.
90,awards,Which player won the 2009 Ballon d'Or?,Lionel Messi won the 2009 Ballon d'Or.
90,awards,2009 Ballon d'Or winner?,Lionel Messi won the 2009 Ballon d'Or.
90,awards,Name the recipient of the 2009 Ballon d'Or.,Lionel Messi won the 2009 Ballon d'Or.
90,awards,Who was awarded the Ballon d'Or in 2009?,Lionel Messi won the 2009 Ballon d'Or.
90,awards,The winner of the 2009 Ballon d'Or was?,Lionel Messi won the 2009 Ballon d'Or.
90,awards,Which footballer won the 2009 Ballon d'Or?,Lionel Messi won the 2009 Ballon d'Or.
90,awards,2009 Ballon d'Or award winner?,Lionel Messi won the 2009 Ballon d'Or.
90,awards,Who claimed the 2009 Ballon d'Or?,Lionel Messi won the 2009 Ballon d'Or.
90,awards,Name the player who won the 2009 Ballon d'Or.,Lionel Messi won the 2009 Ballon d'Or.
90,awards,Who received the 2009 Ballon d'Or?,Lionel Messi won the 2009 Ballon d'Or.
90,awards,2009 Ballon d'Or winner is?,Lionel Messi won the 2009 Ballon d'Or.
90,awards,Which player took the 2009 Ballon d'Or?,Lionel Messi won the 2009 Ballon d'Or.
90,awards,Who was the winner of the 2009 Ballon d'Or?,Lionel Messi won the 2009 Ballon d'Or.
90,awards,The 2009 Ballon d'Or recipient was?,Lionel Messi won the 2009 Ballon d'Or.
168,players,Mohamed Salah plays as what type of player?,Mohamed Salah plays as a right winger.
168,players,Which position is Mohamed Salah best known for?,Mohamed Salah plays as a right winger.
168,players,What position does Mohamed Salah play?,Mohamed Salah plays as a right winger.
168,players,Which role did Mohamed Salah have on the pitch?,Mohamed Salah plays as a right winger.
168,players,What is Mohamed Salah's position?,Mohamed Salah plays as a right winger.
168,players,Mohamed Salah's playing position is?,Mohamed Salah plays as a right winger.
168,players,Where does Mohamed Salah play on the pitch?,Mohamed Salah plays as a right winger.
168,players,What role does Mohamed Salah play?,Mohamed Salah plays as a right winger.
168,players,Mohamed Salah is a?,Mohamed Salah plays as a right winger.
168,players,What position is Mohamed Salah known for?,Mohamed Salah plays as a right winger.
168,players,Mohamed Salah's role in the team is?,Mohamed Salah plays as a right winger.
168,players,What type of player is Mohamed Salah?,Mohamed Salah plays as a right winger.
168,players,Mohamed Salah plays in which position?,Mohamed Salah plays as a right winger.
168,players,What is the playing position of Mohamed Salah?,Mohamed Salah plays as a right winger.
168,players,Mohamed Salah is best known for playing as a?,Mohamed Salah plays as a right winger.
168,players,What position does Mohamed Salah occupy?,Mohamed Salah plays as a right winger.
168,players,Mohamed Salah's position on the field is?,Mohamed Salah plays as a right winger.
168,players,What is Mohamed Salah's role?,Mohamed Salah plays as a right winger.
168,players,Mohamed Salah is a player in which position?,Mohamed Salah plays as a right winger.
168,players,What position did Mohamed Salah play?,Mohamed Salah plays as a right winger.
137,clubs,What is Manchester United's nickname?,Manchester United are nicknamed The Red Devils.
137,clubs,What do fans call Manchester United?,Manchester United are nicknamed The Red Devils.
137,clubs,Manchester United is commonly referred to as what?,Manchester United are nicknamed The Red Devils.
137,clubs,What nickname are Manchester United known by?,Manchester United are nicknamed The Red Devils.
137,clubs,What is the nickname of Manchester United?,Manchester United are nicknamed The Red Devils.
137,clubs,What are Manchester United nicknamed?,Manchester United are nicknamed The Red Devils.
137,clubs,Manchester United's nickname is?,Manchester United are nicknamed The Red Devils.
137,clubs,What is Manchester United commonly called?,Manchester United are nicknamed The Red Devils.
137,clubs,The nickname of Manchester United is?,Manchester United are nicknamed The Red Devils.
137,clubs,What moniker is used for Manchester United?,Manchester United are nicknamed The Red Devils.
137,clubs,What are Manchester United also known as?,Manchester United are nicknamed The Red Devils.
137,clubs,Manchester United are known as?,Manchester United are nicknamed The Red Devils.
137,clubs,What is the alias of Manchester United?,Manchester United are nicknamed The Red Devils.
137,clubs,What do people call Manchester United?,Manchester United are nicknamed The Red Devils.
137,clubs,The nickname for Manchester United is?,Manchester United are nicknamed The Red Devils.
137,clubs,What is Manchester United's moniker?,Manchester United are nicknamed The Red Devils.
137,clubs,By what nickname is Manchester United known?,Manchester United are nicknamed The Red Devils.
137,clubs,What is the common name for Manchester United?,Manchester United are nicknamed The Red Devils.
137,clubs,What are Manchester United popularly called?,Manchester United are nicknamed The Red Devils.
137,clubs,Manchester United's alias is?,Manchester United are nicknamed The Red Devils.
145,clubs,What nickname are Chelsea known by?,Chelsea are nicknamed The Blues.
145,clubs,What is Chelsea's nickname?,Chelsea are nicknamed The Blues.
145,clubs,Chelsea is commonly referred to as what?,Chelsea are nicknamed The Blues.
145,clubs,What do fans call Chelsea?,Chelsea are nicknamed The Blues.
145,clubs,What is the nickname of Chelsea?,Chelsea are nicknamed The Blues.
145,clubs,What are Chelsea nicknamed?,Chelsea are nicknamed The Blues.
145,clubs,Chelsea's nickname is?,Chelsea are nicknamed The Blues.
145,clubs,What is Chelsea commonly called?,Chelsea are nicknamed The Blues.
145,clubs,The nickname of Chelsea is?,Chelsea are nicknamed The Blues.
145,clubs,What moniker is used for Chelsea?,Chelsea are nicknamed The Blues.
145,clubs,What are Chelsea also known as?,Chelsea are nicknamed The Blues.
145,clubs,Chelsea are known as?,Chelsea are nicknamed The Blues.
145,clubs,What is the alias of Chelsea?,Chelsea are nicknamed The Blues.
145,clubs,What do people call Chelsea?,Chelsea are nicknamed The Blues.
145,clubs,The nickname for Chelsea is?,Chelsea are nicknamed The Blues.
145,clubs,What is Chelsea's moniker?,Chelsea are nicknamed The Blues.
145,clubs,By what nickname is Chelsea known?,Chelsea are nicknamed The Blues.
145,clubs,What is the common name for Chelsea?,Chelsea are nicknamed The Blues.
145,clubs,What are Chelsea popularly called?,Chelsea are nicknamed The Blues.
145,clubs,Chelsea's alias is?,Chelsea are nicknamed The Blues.
163,players,Diego Maradona is from which country?,Diego Maradona is from Argentina.
163,players,Which country does Diego Maradona come from?,Diego Maradona is from Argentina.
163,players,For which country did Diego Maradona play international football?,Diego Maradona is from Argentina.
163,players,What is the nationality of Diego Maradona?,Diego Maradona is from Argentina.
163,players,Which nation does Diego Maradona represent?,Diego Maradona is from Argentina.
163,players,What country is Diego Maradona from?,Diego Maradona is from Argentina.
163,players,Diego Maradona's nationality is?,Diego Maradona is from Argentina.
163,players,Where is Diego Maradona from?,Diego Maradona is from Argentina.
163,players,Which country is Diego Maradona a citizen of?,Diego Maradona is from Argentina.
163,players,Diego Maradona plays for which country?,Diego Maradona is from Argentina.
163,players,What is Diego Maradona's country of origin?,Diego Maradona is from Argentina.
163,players,Which country does Diego Maradona play for?,Diego Maradona is from Argentina.
163,players,Diego Maradona represents which nation?,Diego Maradona is from Argentina.
163,players,What nationality is Diego Maradona?,Diego Maradona is from Argentina.
163,players,Which country is Diego Maradona from?,Diego Maradona is from Argentina.
163,players,Diego Maradona's country is?,Diego Maradona is from Argentina.
163,players,Where does Diego Maradona come from?,Diego Maradona is from Argentina.
163,players,What nation is Diego Maradona from?,Diego Maradona is from Argentina.
163,players,Which country is Diego Maradona associated with?,Diego Maradona is from Argentina.
163,players,Diego Maradona is a player from which country?,Diego Maradona is from Argentina.
269,rules,When does a goalkeeper get a clean sheet?,A clean sheet means a team finished a match without conceding a goal.
269,rules,What does keeping a clean sheet mean?,A clean sheet means a team finished a match without conceding a goal.
269,rules,What does clean sheet mean?,A clean sheet means a team finished a match without conceding a goal.
269,rules,What is a clean sheet in football?,A clean sheet means a team finished a match without conceding a goal.
269,rules,What is the definition of a clean sheet?,A clean sheet means a team finished a match without conceding a goal.
269,rules,What does it mean to keep a clean sheet?,A clean sheet means a team finished a match without conceding a goal.
269,rules,When is a clean sheet recorded?,A clean sheet means a team finished a match without conceding a goal.
269,rules,What is a clean sheet?,A clean sheet means a team finished a match without conceding a goal.
269,rules,How is a clean sheet achieved?,A clean sheet means a team finished a match without conceding a goal.
269,rules,What is meant by a clean sheet?,A clean sheet means a team finished a match without conceding a goal.
269,rules,When does a team get a clean sheet?,A clean sheet means a team finished a match without conceding a goal.
269,rules,What is the meaning of a clean sheet?,A clean sheet means a team finished a match without conceding a goal.
269,rules,What is a clean sheet in a football match?,A clean sheet means a team finished a match without conceding a goal.
269,rules,What does a clean sheet signify?,A clean sheet means a team finished a match without conceding a goal.
269,rules,When is a clean sheet awarded?,A clean sheet means a team finished a match without conceding a goal.
269,rules,What is a clean sheet for a goalkeeper?,A clean sheet means a team finished a match without conceding a goal.
269,rules,What is the clean sheet rule?,A clean sheet means a team finished a match without conceding a goal.
269,rules,What is a clean sheet in soccer?,A clean sheet means a team finished a match without conceding a goal.
269,rules,When does a goalkeeper record a clean sheet?,A clean sheet means a team finished a match without conceding a goal.
269,rules,What is the term clean sheet?,A clean sheet means a team finished a match without conceding a goal.
92,awards,Who took home the Ballon d'Or in 2011?,Lionel Messi won the 2011 Ballon d'Or.
92,awards,Who won the Ballon d'Or in 2011?,Lionel Messi won the 2011 Ballon d'Or.
92,awards,Which player was awarded the 2011 Ballon d'Or?,Lionel Messi won the 2011 Ballon d'Or.
92,awards,Name the 2011 Ballon d'Or winner.,Lionel Messi won the 2011 Ballon d'Or.
92,awards,The 2011 Ballon d'Or was won by?,Lionel Messi won the 2011 Ballon d'Or.
92,awards,Who was the 2011 Ballon d'Or recipient?,Lionel Messi won the 2011 Ballon d'Or.
92,awards,Which player won the 2011 Ballon d'Or?,Lionel Messi won the 2011 Ballon d'Or.
92,awards,2011 Ballon d'Or winner?,Lionel Messi won the 2011 Ballon d'Or.
92,awards,Name the recipient of the 2011 Ballon d'Or.,Lionel Messi won the 2011 Ballon d'Or.
92,awards,Who was awarded the Ballon d'Or in 2011?,Lionel Messi won the 2011 Ballon d'Or.
92,awards,The winner of the 2011 Ballon d'Or was?,Lionel Messi won the 2011 Ballon d'Or.
92,awards,Which footballer won the 2011 Ballon d'Or?,Lionel Messi won the 2011 Ballon d'Or.
92,awards,2011 Ballon d'Or award winner?,Lionel Messi won the 2011 Ballon d'Or.
92,awards,Who claimed the 2011 Ballon d'Or?,Lionel Messi won the 2011 Ballon d'Or.
92,awards,Name the player who won the 2011 Ballon d'Or.,Lionel Messi won the 2011 Ballon d'Or.
92,awards,Who received the 2011 Ballon d'Or?,Lionel Messi won the 2011 Ballon d'Or.
92,awards,2011 Ballon d'Or winner is?,Lionel Messi won the 2011 Ballon d'Or.
92,awards,Which player took the 2011 Ballon d'Or?,Lionel Messi won the 2011 Ballon d'Or.
92,awards,Who was the winner of the 2011 Ballon d'Or?,Lionel Messi won the 2011 Ballon d'Or.
92,awards,The 2011 Ballon d'Or recipient was?,Lionel Messi won the 2011 Ballon d'Or.
34,world_cup,Number of FIFA World Cup titles won by France?,France have won the FIFA World Cup 2 time(s).
34,world_cup,What is the World Cup trophy count of France?,France have won the FIFA World Cup 2 time(s).
34,world_cup,How many World Cups has France won?,France have won the FIFA World Cup 2 time(s).
34,world_cup,How many times has France been crowned world champion?,France have won the FIFA World Cup 2 time(s).
34,world_cup,France has won how many World Cups?,France have won the FIFA World Cup 2 time(s).
34,world_cup,What is France's World Cup title count?,France have won the FIFA World Cup 2 time(s).
34,world_cup,How many World Cup trophies does France have?,France have won the FIFA World Cup 2 time(s).
34,world_cup,France's World Cup wins count?,France have won the FIFA World Cup 2 time(s).
34,world_cup,The number of World Cup titles for France is?,France have won the FIFA World Cup 2 time(s).
34,world_cup,How many times did France win the World Cup?,France have won the FIFA World Cup 2 time(s).
34,world_cup,What is the total World Cup count for France?,France have won the FIFA World Cup 2 time(s).
34,world_cup,How many World Cup awards did France win?,France have won the FIFA World Cup 2 time(s).
34,world_cup,France World Cup total?,France have won the FIFA World Cup 2 time(s).
34,world_cup,Count of France's World Cup titles?,France have won the FIFA World Cup 2 time(s).
34,world_cup,How many World Cup trophies has France won?,France have won the FIFA World Cup 2 time(s).
34,world_cup,France has won the World Cup how many times?,France have won the FIFA World Cup 2 time(s).
34,world_cup,Number of World Cup trophies for France?,France have won the FIFA World Cup 2 time(s).
34,world_cup,What is the number of World Cup titles France has?,France have won the FIFA World Cup 2 time(s).
34,world_cup,How many times has France won the World Cup?,France have won the FIFA World Cup 2 time(s).
34,world_cup,France's FIFA World Cup trophy count?,France have won the FIFA World Cup 2 time(s).
69,euros,Which team were the Euro 2008 champions?,Spain won Euro 2008.
69,euros,Which country won Euro 2008?,Spain won Euro 2008.
69,euros,Name the winner of the 2008 Euros.,Spain won Euro 2008.
69,euros,Who won the UEFA European Championship in 2008?,Spain won Euro 2008.
69,euros,Who were the Euro 2008 winners?,Spain won Euro 2008.
69,euros,Which team won the 2008 European Championship?,Spain won Euro 2008.
69,euros,The 2008 Euro champions were?,Spain won Euro 2008.
69,euros,Who claimed the Euro 2008 title?,Spain won Euro 2008.
69,euros,2008 European Championship winning team?,Spain won Euro 2008.
69,euros,Name the 2008 Euro winner.,Spain won Euro 2008.
69,euros,Which country were the 2008 European champions?,Spain won Euro 2008.
69,euros,Who won the 2008 European Football Championship?,Spain won Euro 2008.
69,euros,The winner of Euro 2008 was?,Spain won Euro 2008.
69,euros,Which nation won Euro 2008?,Spain won Euro 2008.
69,euros,2008 Euros champion?,Spain won Euro 2008.
69,euros,Who lifted the Euro 2008 trophy?,Spain won Euro 2008.
69,euros,Which team won the UEFA Euro 2008?,Spain won Euro 2008.
69,euros,Name the 2008 European Championship winner.,Spain won Euro 2008.
69,euros,Who were the champions of Euro 2008?,Spain won Euro 2008.
69,euros,Which country won the 2008 Euros?,Spain won Euro 2008.
173,players,Gianluigi Buffon plays as what type of player?,Gianluigi Buffon plays as a goalkeeper.
173,players,Which position is Gianluigi Buffon best known for?,Gianluigi Buffon plays as a goalkeeper.
173,players,What position does Gianluigi Buffon play?,Gianluigi Buffon plays as a goalkeeper.
173,players,Which role did Gianluigi Buffon have on the pitch?,Gianluigi Buffon plays as a goalkeeper.
173,players,What is Gianluigi Buffon's position?,Gianluigi Buffon plays as a goalkeeper.
173,players,Gianluigi Buffon's playing position is?,Gianluigi Buffon plays as a goalkeeper.
173,players,Where does Gianluigi Buffon play on the pitch?,Gianluigi Buffon plays as a goalkeeper.
173,players,What role does Gianluigi Buffon play?,Gianluigi Buffon plays as a goalkeeper.
173,players,Gianluigi Buffon is a?,Gianluigi Buffon plays as a goalkeeper.
173,players,What position is Gianluigi Buffon known for?,Gianluigi Buffon plays as a goalkeeper.
173,players,Gianluigi Buffon's role in the team is?,Gianluigi Buffon plays as a goalkeeper.
173,players,What type of player is Gianluigi Buffon?,Gianluigi Buffon plays as a goalkeeper.
173,players,Gianluigi Buffon plays in which position?,Gianluigi Buffon plays as a goalkeeper.
173,players,What is the playing position of Gianluigi Buffon?,Gianluigi Buffon plays as a goalkeeper.
173,players,Gianluigi Buffon is best known for playing as a?,Gianluigi Buffon plays as a goalkeeper.
173,players,What position does Gianluigi Buffon occupy?,Gianluigi Buffon plays as a goalkeeper.
173,players,Gianluigi Buffon's position on the field is?,Gianluigi Buffon plays as a goalkeeper.
173,players,What is Gianluigi Buffon's role?,Gianluigi Buffon plays as a goalkeeper.
173,players,Gianluigi Buffon is a player in which position?,Gianluigi Buffon plays as a goalkeeper.
173,players,What position did Gianluigi Buffon play?,Gianluigi Buffon plays as a goalkeeper.
206,managers,Who was the manager when England won the 1966 World Cup?,Alf Ramsey was the manager when that happened.
206,managers,Which coach led the team when England won the 1966 World Cup?,Alf Ramsey was the manager when that happened.
206,managers,Name the manager in charge when England won the 1966 World Cup.,Alf Ramsey was the manager when that happened.
206,managers,Who was the head coach when England won the 1966 World Cup?,Alf Ramsey was the manager when that happened.
206,managers,Which manager guided England to the 1966 World Cup?,Alf Ramsey was the manager when that happened.
206,managers,Who managed England during their 1966 World Cup win?,Alf Ramsey was the manager when that happened.
206,managers,England's 1966 World Cup winning manager was?,Alf Ramsey was the manager when that happened.
206,managers,Who was England's manager for their 1966 World Cup title?,Alf Ramsey was the manager when that happened.
206,managers,The coach who led England to the 1966 World Cup was?,Alf Ramsey was the manager when that happened.
206,managers,Name the England manager for the 1966 World Cup victory.,Alf Ramsey was the manager when that happened.
206,managers,Who was in charge of England when they won the 1966 World Cup?,Alf Ramsey was the manager when that happened.
206,managers,Which coach was at England for their 1966 World Cup win?,Alf Ramsey was the manager when that happened.
206,managers,Manager of England's 1966 World Cup winning team?,Alf Ramsey was the manager when that happened.
206,managers,Who was the England coach in their 1966 World Cup triumph?,Alf Ramsey was the manager when that happened.
206,managers,England won the 1966 World Cup under which manager?,Alf Ramsey was the manager when that happened.
206,managers,Which manager was in charge for England's 1966 World Cup title?,Alf Ramsey was the manager when that happened.
206,managers,Name the coach of England's 1966 World Cup champions.,Alf Ramsey was the manager when that happened.
206,managers,Who was the manager of England in 1966?,Alf Ramsey was the manager when that happened.
206,managers,Who was England's coach when they won the World Cup in 1966?,Alf Ramsey was the manager when that happened.
206,managers,The manager of England's 1966 World Cup win was?,Alf Ramsey was the manager when that happened.
81,league,Who won the Premier League in the 2017-18 season?,Manchester City won the Premier League in 2017-18.
81,league,Which team topped the Premier League table in 2017-18?,Manchester City won the Premier League in 2017-18.
81,league,Which club were the 2017-18 Premier League champions?,Manchester City won the Premier League in 2017-18.
81,league,Name the team that won the English league title in 2017-18.,Manchester City won the Premier League in 2017-18.
81,league,Who were the 2017-18 Premier League winners?,Manchester City won the Premier League in 2017-18.
81,league,Which team won the 2017-18 Premier League?,Manchester City won the Premier League in 2017-18.
81,league,The 2017-18 Premier League champions were?,Manchester City won the Premier League in 2017-18.
81,league,Which club won the 2017-18 Premier League title?,Manchester City won the Premier League in 2017-18.
81,league,Who claimed the 2017-18 Premier League title?,Manchester City won the Premier League in 2017-18.
81,league,2017-18 Premier League winning team?,Manchester City won the Premier League in 2017-18.
81,league,Name the 2017-18 Premier League winner.,Manchester City won the Premier League in 2017-18.
81,league,Which team were the 2017-18 English league champions?,Manchester City won the Premier League in 2017-18.
81,league,Who won the English Premier League in 2017-18?,Manchester City won the Premier League in 2017-18.
81,league,The winner of the 2017-18 Premier League was?,Manchester City won the Premier League in 2017-18.
81,league,Which club topped the 2017-18 Premier League?,Manchester City won the Premier League in 2017-18.
81,league,Who were the champions of the 2017-18 Premier League?,Manchester City won the Premier League in 2017-18.
81,league,2017-18 Premier League title winner?,Manchester City won the Premier League in 2017-18.
81,league,Which team won the 2017-18 English Premier League?,Manchester City won the Premier League in 2017-18.
81,league,Who won the 2017-18 Premier League season?,Manchester City won the Premier League in 2017-18.
81,league,Premier League 2017-18 champions?,Manchester City won the Premier League in 2017-18.
22,trophies,Who were the 2018 Champions League winners?,Real Madrid won the Champions League final in 2018.
22,trophies,Name the team that lifted the UEFA Champions League in 2018.,Real Madrid won the Champions League final in 2018.
22,trophies,Which team became European champions in 2018?,Real Madrid won the Champions League final in 2018.
22,trophies,Which club won the Champions League in 2018?,Real Madrid won the Champions League final in 2018.
22,trophies,Who won the Champions League in 2018?,Real Madrid won the Champions League final in 2018.
22,trophies,2018 Champions League winning team?,Real Madrid won the Champions League final in 2018.
22,trophies,Name the 2018 Champions League winner.,Real Madrid won the Champions League final in 2018.
22,trophies,Which team won the 2018 UEFA Champions League?,Real Madrid won the Champions League final in 2018.
22,trophies,The 2018 Champions League champions were?,Real Madrid won the Champions League final in 2018.
22,trophies,Who claimed the 2018 Champions League title?,Real Madrid won the Champions League final in 2018.
22,trophies,Which club lifted the 2018 Champions League trophy?,Real Madrid won the Champions League final in 2018.
22,trophies,2018 European Cup winner?,Real Madrid won the Champions League final in 2018.
22,trophies,Who won the 2018 European Cup?,Real Madrid won the Champions League final in 2018.
22,trophies,Name the winner of the 2018 Champions League final.,Real Madrid won the Champions League final in 2018.
22,trophies,Which team was the 2018 Champions League champion?,Real Madrid won the Champions League final in 2018.
22,trophies,The winner of the 2018 Champions League was?,Real Madrid won the Champions League final in 2018.
22,trophies,Who were the champions of Europe in 2018?,Real Madrid won the Champions League final in 2018.
22,trophies,Which team won the European Cup in 2018?,Real Madrid won the Champions League final in 2018.
22,trophies,2018 UEFA Champions League winner?,Real Madrid won the Champions League final in 2018.
22,trophies,Who lifted the 2018 Champions League trophy?,Real Madrid won the Champions League final in 2018.
40,world_cup,Which nation lifted the World Cup trophy in 1978?,Argentina won the 1978 World Cup.
40,world_cup,Which country were the 1978 World Cup champions?,Argentina won the 1978 World Cup.
40,world_cup,Name the team that won the 1978 World Cup.,Argentina won the 1978 World Cup.
40,world_cup,Who won the FIFA World Cup in 1978?,Argentina won the 1978 World Cup.
40,world_cup,Who were the 1978 World Cup winners?,Argentina won the 1978 World Cup.
40,world_cup,Which team was the 1978 World Cup champion?,Argentina won the 1978 World Cup.
40,world_cup,The winner of the 1978 World Cup was?,Argentina won the 1978 World Cup.
40,world_cup,Which country won the 1978 FIFA World Cup?,Argentina won the 1978 World Cup.
40,world_cup,1978 World Cup winning team?,Argentina won the 1978 World Cup.
40,world_cup,Name the 1978 World Cup winner.,Argentina won the 1978 World Cup.
40,world_cup,Who was the 1978 World Cup champion?,Argentina won the 1978 World Cup.
40,world_cup,Which nation won the 1978 World Cup?,Argentina won the 1978 World Cup.
40,world_cup,Who lifted the 1978 World Cup?,Argentina won the 1978 World Cup.
40,world_cup,The 1978 World Cup was won by which country?,Argentina won the 1978 World Cup.
40,world_cup,Which team won the 1978 FIFA World Cup?,Argentina won the 1978 World Cup.
40,world_cup,1978 FIFA World Cup champion?,Argentina won the 1978 World Cup.
40,world_cup,Name the 1978 FIFA World Cup winning nation.,Argentina won the 1978 World Cup.
40,world_cup,Who won the 1978 World Cup final?,Argentina won the 1978 World Cup.
40,world_cup,Which country was the 1978 World Cup winner?,Argentina won the 1978 World Cup.
40,world_cup,The 1978 World Cup champions were?,Argentina won the 1978 World Cup.
237,records,Which player has scored the most goals in the Euros?,Cristiano Ronaldo is the European Championship's top scorer with 14 goals.
237,records,Name the record goalscorer of the UEFA European Championship.,Cristiano Ronaldo is the European Championship's top scorer with 14 goals.
237,records,Who is the all-time top scorer at the European Championship?,Cristiano Ronaldo is the European Championship's top scorer with 14 goals.
237,records,Who has the highest number of Euro goals ever?,Cristiano Ronaldo is the European Championship's top scorer with 14 goals.
237,records,Who has scored the most goals in European Championship history?,Cristiano Ronaldo is the European Championship's top scorer with 14 goals.
237,records,The all-time top scorer in the UEFA European Championship is?,Cristiano Ronaldo is the European Championship's top scorer with 14 goals.
237,records,Who is the leading goalscorer in European Championship history?,Cristiano Ronaldo is the European Championship's top scorer with 14 goals.
237,records,Most goals in European Championship history by which player?,Cristiano Ronaldo is the European Championship's top scorer with 14 goals.
237,records,Who holds the record for most European Championship goals?,Cristiano Ronaldo is the European Championship's top scorer with 14 goals.
237,records,Which player has the most goals in the Euros?,Cristiano Ronaldo is the European Championship's top scorer with 14 goals.
237,records,European Championship all-time top scorer?,Cristiano Ronaldo is the European Championship's top scorer with 14 goals.
237,records,Who is the highest goalscorer in European Championship history?,Cristiano Ronaldo is the European Championship's top scorer with 14 goals.
237,records,Name the player with the most European Championship goals.,Cristiano Ronaldo is the European Championship's top scorer with 14 goals.
237,records,Who has the record for most goals in the UEFA European Championship?,Cristiano Ronaldo is the European Championship's top scorer with 14 goals.
237,records,Which footballer is the top scorer in European Championship history?,Cristiano Ronaldo is the European Championship's top scorer with 14 goals.
237,records,Who has scored the highest number of European Championship goals?,Cristiano Ronaldo is the European Championship's top scorer with 14 goals.
237,records,European Championship record goalscorer?,Cristiano Ronaldo is the European Championship's top scorer with 14 goals.
237,records,Who is the top goalscorer in the European Championship?,Cristiano Ronaldo is the European Championship's top scorer with 14 goals.
237,records,The player with the most European Championship goals is?,Cristiano Ronaldo is the European Championship's top scorer with 14 goals.
237,records,Who has the most goals in European Championship?,Cristiano Ronaldo is the European Championship's top scorer with 14 goals.
256,rules,What is the purpose of goal line technology?,Goal-line technology uses cameras or sensors to tell the referee instantly if the whole ball crossed the goal line.
256,rules,How does goal-line technology work?,Goal-line technology uses cameras or sensors to tell the referee instantly if the whole ball crossed the goal line.
256,rules,Which technology tells if the whole ball crossed the line?,Goal-line technology uses cameras or sensors to tell the referee instantly if the whole ball crossed the goal line.
256,rules,What is goal line technology?,Goal-line technology uses cameras or sensors to tell the referee instantly if the whole ball crossed the goal line.
256,rules,How does goal line technology function?,Goal-line technology uses cameras or sensors to tell the referee instantly if the whole ball crossed the goal line.
256,rules,What is the role of goal-line technology?,Goal-line technology uses cameras or sensors to tell the referee instantly if the whole ball crossed the goal line.
256,rules,Explain goal-line technology.,Goal-line technology uses cameras or sensors to tell the referee instantly if the whole ball crossed the goal line.
256,rules,What does goal-line technology do?,Goal-line technology uses cameras or sensors to tell the referee instantly if the whole ball crossed the goal line.
256,rules,How is goal-line technology used?,Goal-line technology uses cameras or sensors to tell the referee instantly if the whole ball crossed the goal line.
256,rules,What is the function of goal-line technology?,Goal-line technology uses cameras or sensors to tell the referee instantly if the whole ball crossed the goal line.
256,rules,Describe how goal-line technology works.,Goal-line technology uses cameras or sensors to tell the referee instantly if the whole ball crossed the goal line.
256,rules,What is the aim of goal-line technology?,Goal-line technology uses cameras or sensors to tell the referee instantly if the whole ball crossed the goal line.
256,rules,How does the goal-line technology system work?,Goal-line technology uses cameras or sensors to tell the referee instantly if the whole ball crossed the goal line.
256,rules,What is goal-line technology used for?,Goal-line technology uses cameras or sensors to tell the referee instantly if the whole ball crossed the goal line.
256,rules,Explain the concept of goal-line technology.,Goal-line technology uses cameras or sensors to tell the referee instantly if the whole ball crossed the goal line.
256,rules,What is the principle behind goal-line technology?,Goal-line technology uses cameras or sensors to tell the referee instantly if the whole ball crossed the goal line.
256,rules,How does the goal line technology system operate?,Goal-line technology uses cameras or sensors to tell the referee instantly if the whole ball crossed the goal line.
256,rules,What is the definition of goal-line technology?,Goal-line technology uses cameras or sensors to tell the referee instantly if the whole ball crossed the goal line.
256,rules,What is the main purpose of goal-line technology?,Goal-line technology uses cameras or sensors to tell the referee instantly if the whole ball crossed the goal line.
256,rules,How is goal-line technology implemented?,Goal-line technology uses cameras or sensors to tell the referee instantly if the whole ball crossed the goal line.
73,euros,Which country won Euro 2024?,Spain won Euro 2024.
73,euros,Who won the UEFA European Championship in 2024?,Spain won Euro 2024.
73,euros,Name the winner of the 2024 Euros.,Spain won Euro 2024.
73,euros,Which team were the Euro 2024 champions?,Spain won Euro 2024.
73,euros,Who were the Euro 2024 winners?,Spain won Euro 2024.
73,euros,Which team won the 2024 European Championship?,Spain won Euro 2024.
73,euros,The 2024 Euro champions were?,Spain won Euro 2024.
73,euros,Who claimed the Euro 2024 title?,Spain won Euro 2024.
73,euros,2024 European Championship winning team?,Spain won Euro 2024.
73,euros,Name the 2024 Euro winner.,Spain won Euro 2024.
73,euros,Which country were the 2024 European champions?,Spain won Euro 2024.
73,euros,Who won the 2024 European Football Championship?,Spain won Euro 2024.
73,euros,The winner of Euro 2024 was?,Spain won Euro 2024.
73,euros,Which nation won Euro 2024?,Spain won Euro 2024.
73,euros,2024 Euros champion?,Spain won Euro 2024.
73,euros,Who lifted the Euro 2024 trophy?,Spain won Euro 2024.
73,euros,Which team won the UEFA Euro 2024?,Spain won Euro 2024.
73,euros,Name the 2024 European Championship winner.,Spain won Euro 2024.
73,euros,Who were the champions of Euro 2024?,Spain won Euro 2024.
73,euros,Which country won the 2024 Euros?,Spain won Euro 2024.
243,rules,What is the duration of a football game?,"A standard match lasts 90 minutes, in two halves of 45 minutes, plus stoppage time."
243,rules,How long is a standard football match?,"A standard match lasts 90 minutes, in two halves of 45 minutes, plus stoppage time."
243,rules,How many minutes does a football match last?,"A standard match lasts 90 minutes, in two halves of 45 minutes, plus stoppage time."
243,rules,How long is each half in a football match?,"A standard match lasts 90 minutes, in two halves of 45 minutes, plus stoppage time."
243,rules,What is the length of a football game?,"A standard match lasts 90 minutes, in two halves of 45 minutes, plus stoppage time."
243,rules,How long does a football match last?,"A standard match lasts 90 minutes, in two halves of 45 minutes, plus stoppage time."
243,rules,What is the standard duration of a football match?,"A standard match lasts 90 minutes, in two halves of 45 minutes, plus stoppage time."
243,rules,How many minutes are in a football match?,"A standard match lasts 90 minutes, in two halves of 45 minutes, plus stoppage time."
243,rules,What is the time duration of a football match?,"A standard match lasts 90 minutes, in two halves of 45 minutes, plus stoppage time."
243,rules,How long is a football game?,"A standard match lasts 90 minutes, in two halves of 45 minutes, plus stoppage time."
243,rules,What is the length of a standard football match?,"A standard match lasts 90 minutes, in two halves of 45 minutes, plus stoppage time."
243,rules,How many minutes long is a football match?,"A standard match lasts 90 minutes, in two halves of 45 minutes, plus stoppage time."
243,rules,What is the duration of a standard football game?,"A standard match lasts 90 minutes, in two halves of 45 minutes, plus stoppage time."
243,rules,How long is a regulation football match?,"A standard match lasts 90 minutes, in two halves of 45 minutes, plus stoppage time."
243,rules,What is the playing time of a football match?,"A standard match lasts 90 minutes, in two halves of 45 minutes, plus stoppage time."
243,rules,How long do football matches last?,"A standard match lasts 90 minutes, in two halves of 45 minutes, plus stoppage time."
243,rules,What is the total time of a football match?,"A standard match lasts 90 minutes, in two halves of 45 minutes, plus stoppage time."
243,rules,How many minutes is a football game?,"A standard match lasts 90 minutes, in two halves of 45 minutes, plus stoppage time."
243,rules,What is the duration of a football match?,"A standard match lasts 90 minutes, in two halves of 45 minutes, plus stoppage time."
243,rules,How long is a football match?,"A standard match lasts 90 minutes, in two halves of 45 minutes, plus stoppage time."
32,world_cup,What is the World Cup trophy count of Italy?,Italy have won the FIFA World Cup 4 time(s).
32,world_cup,How many times has Italy been crowned world champion?,Italy have won the FIFA World Cup 4 time(s).
32,world_cup,How many World Cups has Italy won?,Italy have won the FIFA World Cup 4 time(s).
32,world_cup,Number of FIFA World Cup titles won by Italy?,Italy have won the FIFA World Cup 4 time(s).
32,world_cup,Italy has won how many World Cups?,Italy have won the FIFA World Cup 4 time(s).
32,world_cup,What is Italy's World Cup title count?,Italy have won the FIFA World Cup 4 time(s).
32,world_cup,How many World Cup trophies does Italy have?,Italy have won the FIFA World Cup 4 time(s).
32,world_cup,Italy's World Cup wins count?,Italy have won the FIFA World Cup 4 time(s).
32,world_cup,The number of World Cup titles for Italy is?,Italy have won the FIFA World Cup 4 time(s).
32,world_cup,How many times did Italy win the World Cup?,Italy have won the FIFA World Cup 4 time(s).
32,world_cup,What is the total World Cup count for Italy?,Italy have won the FIFA World Cup 4 time(s).
32,world_cup,How many World Cup awards did Italy win?,Italy have won the FIFA World Cup 4 time(s).
32,world_cup,Italy World Cup total?,Italy have won the FIFA World Cup 4 time(s).
32,world_cup,Count of Italy's World Cup titles?,Italy have won the FIFA World Cup 4 time(s).
32,world_cup,How many World Cup trophies has Italy won?,Italy have won the FIFA World Cup 4 time(s).
32,world_cup,Italy has won the World Cup how many times?,Italy have won the FIFA World Cup 4 time(s).
32,world_cup,Number of World Cup trophies for Italy?,Italy have won the FIFA World Cup 4 time(s).
32,world_cup,What is the number of World Cup titles Italy has?,Italy have won the FIFA World Cup 4 time(s).
32,world_cup,How many times has Italy won the World Cup?,Italy have won the FIFA World Cup 4 time(s).
32,world_cup,Italy's FIFA World Cup trophy count?,Italy have won the FIFA World Cup 4 time(s).
182,players,Which role did Dani Alves have on the pitch?,Dani Alves plays as a right-back.
182,players,Which position is Dani Alves best known for?,Dani Alves plays as a right-back.
182,players,What position does Dani Alves play?,Dani Alves plays as a right-back.
182,players,Dani Alves plays as what type of player?,Dani Alves plays as a right-back.
182,players,What is Dani Alves's position?,Dani Alves plays as a right-back.
182,players,Dani Alves's playing position is?,Dani Alves plays as a right-back.
182,players,Where does Dani Alves play on the pitch?,Dani Alves plays as a right-back.
182,players,What role does Dani Alves play?,Dani Alves plays as a right-back.
182,players,Dani Alves is a?,Dani Alves plays as a right-back.
182,players,What position is Dani Alves known for?,Dani Alves plays as a right-back.
182,players,Dani Alves's role in the team is?,Dani Alves plays as a right-back.
182,players,What type of player is Dani Alves?,Dani Alves plays as a right-back.
182,players,Dani Alves plays in which position?,Dani Alves plays as a right-back.
182,players,What is the playing position of Dani Alves?,Dani Alves plays as a right-back.
182,players,Dani Alves is best known for playing as a?,Dani Alves plays as a right-back.
182,players,What position does Dani Alves occupy?,Dani Alves plays as a right-back.
182,players,Dani Alves's position on the field is?,Dani Alves plays as a right-back.
182,players,What is Dani Alves's role?,Dani Alves plays as a right-back.
182,players,Dani Alves is a player in which position?,Dani Alves plays as a right-back.
182,players,What position did Dani Alves play?,Dani Alves plays as a right-back.
99,awards,Who took home the Ballon d'Or in 2018?,Luka Modric won the 2018 Ballon d'Or.
99,awards,Who won the Ballon d'Or in 2018?,Luka Modric won the 2018 Ballon d'Or.
99,awards,Which player was awarded the 2018 Ballon d'Or?,Luka Modric won the 2018 Ballon d'Or.
99,awards,Name the 2018 Ballon d'Or winner.,Luka Modric won the 2018 Ballon d'Or.
99,awards,The 2018 Ballon d'Or was won by?,Luka Modric won the 2018 Ballon d'Or.
99,awards,Who was the 2018 Ballon d'Or recipient?,Luka Modric won the 2018 Ballon d'Or.
99,awards,Which player won the 2018 Ballon d'Or?,Luka Modric won the 2018 Ballon d'Or.
99,awards,2018 Ballon d'Or winner?,Luka Modric won the 2018 Ballon d'Or.
99,awards,Name the recipient of the 2018 Ballon d'Or.,Luka Modric won the 2018 Ballon d'Or.
99,awards,Who was awarded the Ballon d'Or in 2018?,Luka Modric won the 2018 Ballon d'Or.
99,awards,The winner of the 2018 Ballon d'Or was?,Luka Modric won the 2018 Ballon d'Or.
99,awards,Which footballer won the 2018 Ballon d'Or?,Luka Modric won the 2018 Ballon d'Or.
99,awards,2018 Ballon d'Or award winner?,Luka Modric won the 2018 Ballon d'Or.
99,awards,Who claimed the 2018 Ballon d'Or?,Luka Modric won the 2018 Ballon d'Or.
99,awards,Name the player who won the 2018 Ballon d'Or.,Luka Modric won the 2018 Ballon d'Or.
99,awards,Who received the 2018 Ballon d'Or?,Luka Modric won the 2018 Ballon d'Or.
99,awards,2018 Ballon d'Or winner is?,Luka Modric won the 2018 Ballon d'Or.
99,awards,Which player took the 2018 Ballon d'Or?,Luka Modric won the 2018 Ballon d'Or.
99,awards,Who was the winner of the 2018 Ballon d'Or?,Luka Modric won the 2018 Ballon d'Or.
99,awards,The 2018 Ballon d'Or recipient was?,Luka Modric won the 2018 Ballon d'Or.
14,trophies,Which team became European champions in 2010?,Inter Milan won the Champions League final in 2010.
14,trophies,Who were the 2010 Champions League winners?,Inter Milan won the Champions League final in 2010.
14,trophies,Name the team that lifted the UEFA Champions League in 2010.,Inter Milan won the Champions League final in 2010.
14,trophies,Which club won the Champions League in 2010?,Inter Milan won the Champions League final in 2010.
14,trophies,Who won the Champions League in 2010?,Inter Milan won the Champions League final in 2010.
14,trophies,2010 Champions League winning team?,Inter Milan won the Champions League final in 2010.
14,trophies,Name the 2010 Champions League winner.,Inter Milan won the Champions League final in 2010.
14,trophies,Which team won the 2010 UEFA Champions League?,Inter Milan won the Champions League final in 2010.
14,trophies,The 2010 Champions League champions were?,Inter Milan won the Champions League final in 2010.
14,trophies,Who claimed the 2010 Champions League title?,Inter Milan won the Champions League final in 2010.
14,trophies,Which club lifted the 2010 Champions League trophy?,Inter Milan won the Champions League final in 2010.
14,trophies,2010 European Cup winner?,Inter Milan won the Champions League final in 2010.
14,trophies,Who won the 2010 European Cup?,Inter Milan won the Champions League final in 2010.
14,trophies,Name the winner of the 2010 Champions League final.,Inter Milan won the Champions League final in 2010.
14,trophies,Which team was the 2010 Champions League champion?,Inter Milan won the Champions League final in 2010.
14,trophies,The winner of the 2010 Champions League was?,Inter Milan won the Champions League final in 2010.
14,trophies,Who were the champions of Europe in 2010?,Inter Milan won the Champions League final in 2010.
14,trophies,Which team won the European Cup in 2010?,Inter Milan won the Champions League final in 2010.
14,trophies,2010 UEFA Champions League winner?,Inter Milan won the Champions League final in 2010.
14,trophies,Who lifted the 2010 Champions League trophy?,Inter Milan won the Champions League final in 2010.
164,players,Which country does Pele come from?,Pele is from Brazil.
164,players,Pele is from which country?,Pele is from Brazil.
164,players,For which country did Pele play international football?,Pele is from Brazil.
164,players,What is the nationality of Pele?,Pele is from Brazil.
164,players,Which nation does Pele represent?,Pele is from Brazil.
164,players,What country is Pele from?,Pele is from Brazil.
164,players,Pele's nationality is?,Pele is from Brazil.
164,players,Where is Pele from?,Pele is from Brazil.
164,players,Which country is Pele a citizen of?,Pele is from Brazil.
164,players,Pele plays for which country?,Pele is from Brazil.
164,players,What is Pele's country of origin?,Pele is from Brazil.
164,players,Which country does Pele play for?,Pele is from Brazil.
164,players,Pele represents which nation?,Pele is from Brazil.
164,players,What nationality is Pele?,Pele is from Brazil.
164,players,Which country is Pele from?,Pele is from Brazil.
164,players,Pele's country is?,Pele is from Brazil.
164,players,Where does Pele come from?,Pele is from Brazil.
164,players,What nation is Pele from?,Pele is from Brazil.
164,players,Which country is Pele associated with?,Pele is from Brazil.
164,players,Pele is a player from which country?,Pele is from Brazil.
233,records,Which country has won the most Copa America titles?,"Argentina have won the most Copa America titles, with 16."
233,records,Name the record Copa America champion.,"Argentina have won the most Copa America titles, with 16."
233,records,Who is the most successful team in Copa America history?,"Argentina have won the most Copa America titles, with 16."
233,records,Which nation has the most South American championship trophies?,"Argentina have won the most Copa America titles, with 16."
233,records,Which team has the most Copa America trophies?,"Argentina have won the most Copa America titles, with 16."
233,records,The most successful club in Copa America history is?,"Argentina have won the most Copa America titles, with 16."
233,records,Which country has won the most Copa America titles?,"Argentina have won the most Copa America titles, with 16."
233,records,Most Copa America titles won by which country?,"Argentina have won the most Copa America titles, with 16."
233,records,Who is the most decorated team in the Copa America?,"Argentina have won the most Copa America titles, with 16."
233,records,Which nation has the most Copa America wins?,"Argentina have won the most Copa America titles, with 16."
233,records,Name the most successful team in Copa America history.,"Argentina have won the most Copa America titles, with 16."
233,records,Which country holds the record for most Copa America titles?,"Argentina have won the most Copa America titles, with 16."
233,records,The country with the most Copa America trophies is?,"Argentina have won the most Copa America titles, with 16."
233,records,Who has the most Copa America trophies?,"Argentina have won the most Copa America titles, with 16."
233,records,Which team is the most successful in Copa America history?,"Argentina have won the most Copa America titles, with 16."
233,records,Most successful country in the Copa America?,"Argentina have won the most Copa America titles, with 16."
233,records,Which country has won the most Copa America championships?,"Argentina have won the most Copa America titles, with 16."
233,records,Name the team with the most Copa America wins.,"Argentina have won the most Copa America titles, with 16."
233,records,Which country is the record Copa America champion?,"Argentina have won the most Copa America titles, with 16."
233,records,The team with the most Copa America titles is?,"Argentina have won the most Copa America titles, with 16."
2,trophies,What is the number of European Cup trophies won by Bayern Munich?,Bayern Munich have won the European Cup / Champions League 6 time(s).
2,trophies,How many Champions League titles has Bayern Munich won?,Bayern Munich have won the European Cup / Champions League 6 time(s).
2,trophies,How many times did Bayern Munich win the UEFA Champions League?,Bayern Munich have won the European Cup / Champions League 6 time(s).
2,trophies,Tell me how many Champions League trophies Bayern Munich have lifted.,Bayern Munich have won the European Cup / Champions League 6 time(s).
2,trophies,What is Bayern Munich's Champions League title count?,Bayern Munich have won the European Cup / Champions League 6 time(s).
2,trophies,Number of Champions League titles won by Bayern Munich?,Bayern Munich have won the European Cup / Champions League 6 time(s).
2,trophies,Bayern Munich has won how many Champions League titles?,Bayern Munich have won the European Cup / Champions League 6 time(s).
2,trophies,How many Champions League trophies does Bayern Munich have?,Bayern Munich have won the European Cup / Champions League 6 time(s).
2,trophies,Bayern Munich's Champions League wins count?,Bayern Munich have won the European Cup / Champions League 6 time(s).
2,trophies,The number of Champions League titles for Bayern Munich is?,Bayern Munich have won the European Cup / Champions League 6 time(s).
2,trophies,How many European Cup / Champions League titles has Bayern Munich won?,Bayern Munich have won the European Cup / Champions League 6 time(s).
2,trophies,What is the total Champions League count for Bayern Munich?,Bayern Munich have won the European Cup / Champions League 6 time(s).
2,trophies,How many Champions League awards did Bayern Munich win?,Bayern Munich have won the European Cup / Champions League 6 time(s).
2,trophies,Bayern Munich Champions League total?,Bayern Munich have won the European Cup / Champions League 6 time(s).
2,trophies,Count of Bayern Munich's Champions League titles?,Bayern Munich have won the European Cup / Champions League 6 time(s).
2,trophies,How many Champions League trophies has Bayern Munich won?,Bayern Munich have won the European Cup / Champions League 6 time(s).
2,trophies,Bayern Munich has won the Champions League how many times?,Bayern Munich have won the European Cup / Champions League 6 time(s).
2,trophies,Number of Champions League trophies for Bayern Munich?,Bayern Munich have won the European Cup / Champions League 6 time(s).
2,trophies,What is the number of Champions League titles Bayern Munich has?,Bayern Munich have won the European Cup / Champions League 6 time(s).
2,trophies,How many times has Bayern Munich won the Champions League?,Bayern Munich have won the European Cup / Champions League 6 time(s).
102,awards,Which player was awarded the 2022 Ballon d'Or?,Karim Benzema won the 2022 Ballon d'Or.
102,awards,Who won the Ballon d'Or in 2022?,Karim Benzema won the 2022 Ballon d'Or.
102,awards,Who took home the Ballon d'Or in 2022?,Karim Benzema won the 2022 Ballon d'Or.
102,awards,Name the 2022 Ballon d'Or winner.,Karim Benzema won the 2022 Ballon d'Or.
102,awards,The 2022 Ballon d'Or was won by?,Karim Benzema won the 2022 Ballon d'Or.
102,awards,Who was the 2022 Ballon d'Or recipient?,Karim Benzema won the 2022 Ballon d'Or.
102,awards,Which player won the 2022 Ballon d'Or?,Karim Benzema won the 2022 Ballon d'Or.
102,awards,2022 Ballon d'Or winner?,Karim Benzema won the 2022 Ballon d'Or.
102,awards,Name the recipient of the 2022 Ballon d'Or.,Karim Benzema won the 2022 Ballon d'Or.
102,awards,Who was awarded the Ballon d'Or in 2022?,Karim Benzema won the 2022 Ballon d'Or.
102,awards,The winner of the 2022 Ballon d'Or was?,Karim Benzema won the 2022 Ballon d'Or.
102,awards,Which footballer won the 2022 Ballon d'Or?,Karim Benzema won the 2022 Ballon d'Or.
102,awards,2022 Ballon d'Or award winner?,Karim Benzema won the 2022 Ballon d'Or.
102,awards,Who claimed the 2022 Ballon d'Or?,Karim Benzema won the 2022 Ballon d'Or.
102,awards,Name the player who won the 2022 Ballon d'Or.,Karim Benzema won the 2022 Ballon d'Or.
102,awards,Who received the 2022 Ballon d'Or?,Karim Benzema won the 2022 Ballon d'Or.
102,awards,2022 Ballon d'Or winner is?,Karim Benzema won the 2022 Ballon d'Or.
102,awards,Which player took the 2022 Ballon d'Or?,Karim Benzema won the 2022 Ballon d'Or.
102,awards,Who was the winner of the 2022 Ballon d'Or?,Karim Benzema won the 2022 Ballon d'Or.
102,awards,The 2022 Ballon d'Or recipient was?,Karim Benzema won the 2022 Ballon d'Or.
103,awards,Who won the Ballon d'Or in 2023?,Lionel Messi won the 2023 Ballon d'Or.
103,awards,Who took home the Ballon d'Or in 2023?,Lionel Messi won the 2023 Ballon d'Or.
103,awards,Name the 2023 Ballon d'Or winner.,Lionel Messi won the 2023 Ballon d'Or.
103,awards,Which player was awarded the 2023 Ballon d'Or?,Lionel Messi won the 2023 Ballon d'Or.
103,awards,The 2023 Ballon d'Or was won by?,Lionel Messi won the 2023 Ballon d'Or.
103,awards,Who was the 2023 Ballon d'Or recipient?,Lionel Messi won the 2023 Ballon d'Or.
103,awards,Which player won the 2023 Ballon d'Or?,Lionel Messi won the 2023 Ballon d'Or.
103,awards,2023 Ballon d'Or winner?,Lionel Messi won the 2023 Ballon d'Or.
103,awards,Name the recipient of the 2023 Ballon d'Or.,Lionel Messi won the 2023 Ballon d'Or.
103,awards,Who was awarded the Ballon d'Or in 2023?,Lionel Messi won the 2023 Ballon d'Or.
103,awards,The winner of the 2023 Ballon d'Or was?,Lionel Messi won the 2023 Ballon d'Or.
103,awards,Which footballer won the 2023 Ballon d'Or?,Lionel Messi won the 2023 Ballon d'Or.
103,awards,2023 Ballon d'Or award winner?,Lionel Messi won the 2023 Ballon d'Or.
103,awards,Who claimed the 2023 Ballon d'Or?,Lionel Messi won the 2023 Ballon d'Or.
103,awards,Name the player who won the 2023 Ballon d'Or.,Lionel Messi won the 2023 Ballon d'Or.
103,awards,Who received the 2023 Ballon d'Or?,Lionel Messi won the 2023 Ballon d'Or.
103,awards,2023 Ballon d'Or winner is?,Lionel Messi won the 2023 Ballon d'Or.
103,awards,Which player took the 2023 Ballon d'Or?,Lionel Messi won the 2023 Ballon d'Or.
103,awards,Who was the winner of the 2023 Ballon d'Or?,Lionel Messi won the 2023 Ballon d'Or.
103,awards,The 2023 Ballon d'Or recipient was?,Lionel Messi won the 2023 Ballon d'Or.
74,league,Name the team that won the English league title in 2010-11.,Manchester United won the Premier League in 2010-11.
74,league,Which team topped the Premier League table in 2010-11?,Manchester United won the Premier League in 2010-11.
74,league,Which club were the 2010-11 Premier League champions?,Manchester United won the Premier League in 2010-11.
74,league,Who won the Premier League in the 2010-11 season?,Manchester United won the Premier League in 2010-11.
74,league,Who were the 2010-11 Premier League winners?,Manchester United won the Premier League in 2010-11.
74,league,Which team won the 2010-11 Premier League?,Manchester United won the Premier League in 2010-11.
74,league,The 2010-11 Premier League champions were?,Manchester United won the Premier League in 2010-11.
74,league,Which club won the 2010-11 Premier League title?,Manchester United won the Premier League in 2010-11.
74,league,Who claimed the 2010-11 Premier League title?,Manchester United won the Premier League in 2010-11.
74,league,2010-11 Premier League winning team?,Manchester United won the Premier League in 2010-11.
74,league,Name the 2010-11 Premier League winner.,Manchester United won the Premier League in 2010-11.
74,league,Which team were the 2010-11 English league champions?,Manchester United won the Premier League in 2010-11.
74,league,Who won the English Premier League in 2010-11?,Manchester United won the Premier League in 2010-11.
74,league,The winner of the 2010-11 Premier League was?,Manchester United won the Premier League in 2010-11.
74,league,Which club topped the 2010-11 Premier League?,Manchester United won the Premier League in 2010-11.
74,league,Who were the champions of the 2010-11 Premier League?,Manchester United won the Premier League in 2010-11.
74,league,2010-11 Premier League title winner?,Manchester United won the Premier League in 2010-11.
74,league,Which team won the 2010-11 English Premier League?,Manchester United won the Premier League in 2010-11.
74,league,Who won the 2010-11 Premier League season?,Manchester United won the Premier League in 2010-11.
74,league,Premier League 2010-11 champions?,Manchester United won the Premier League in 2010-11.
226,records,Name the footballer with the most goals in a single year.,"Lionel Messi scored 91 goals in the calendar year 2012, a world record."
226,records,Who scored 91 goals in 2012?,"Lionel Messi scored 91 goals in the calendar year 2012, a world record."
226,records,Which player holds the record for goals in one calendar year?,"Lionel Messi scored 91 goals in the calendar year 2012, a world record."
226,records,Who scored the most goals in a calendar year?,"Lionel Messi scored 91 goals in the calendar year 2012, a world record."
226,records,Who has the record for most goals in a single year?,"Lionel Messi scored 91 goals in the calendar year 2012, a world record."
226,records,The record for most goals in a calendar year is held by?,"Lionel Messi scored 91 goals in the calendar year 2012, a world record."
226,records,Who scored the most goals in one year?,"Lionel Messi scored 91 goals in the calendar year 2012, a world record."
226,records,Most goals in a single calendar year by which player?,"Lionel Messi scored 91 goals in the calendar year 2012, a world record."
226,records,Who holds the record for most goals in a year?,"Lionel Messi scored 91 goals in the calendar year 2012, a world record."
226,records,Which player has the most goals in a year?,"Lionel Messi scored 91 goals in the calendar year 2012, a world record."
226,records,Most goals in a calendar year?,"Lionel Messi scored 91 goals in the calendar year 2012, a world record."
226,records,Who is the highest goalscorer in a single year?,"Lionel Messi scored 91 goals in the calendar year 2012, a world record."
226,records,Name the player with the most goals in one year.,"Lionel Messi scored 91 goals in the calendar year 2012, a world record."
226,records,Who has the record for most goals in a single calendar year?,"Lionel Messi scored 91 goals in the calendar year 2012, a world record."
226,records,Which footballer scored the most goals in a year?,"Lionel Messi scored 91 goals in the calendar year 2012, a world record."
226,records,Who scored the highest number of goals in a year?,"Lionel Messi scored 91 goals in the calendar year 2012, a world record."
226,records,Record for most goals in a year?,"Lionel Messi scored 91 goals in the calendar year 2012, a world record."
226,records,Who is the top goalscorer in a single year?,"Lionel Messi scored 91 goals in the calendar year 2012, a world record."
226,records,The player with the most goals in a year is?,"Lionel Messi scored 91 goals in the calendar year 2012, a world record."
226,records,Who has the most goals in a single year?,"Lionel Messi scored 91 goals in the calendar year 2012, a world record."
194,players,Which football figure has the nickname Der Bomber?,Gerd Muller is known as Der Bomber.
194,players,Who goes by the nickname Der Bomber?,Gerd Muller is known as Der Bomber.
194,players,Who is known as Der Bomber?,Gerd Muller is known as Der Bomber.
194,players,Which player is nicknamed Der Bomber?,Gerd Muller is known as Der Bomber.
194,players,The nickname Der Bomber belongs to which footballer?,Gerd Muller is known as Der Bomber.
194,players,Who is the footballer called Der Bomber?,Gerd Muller is known as Der Bomber.
194,players,Der Bomber is the moniker of which player?,Gerd Muller is known as Der Bomber.
194,players,Which footballer is known as Der Bomber?,Gerd Muller is known as Der Bomber.
194,players,Who has the nickname Der Bomber?,Gerd Muller is known as Der Bomber.
194,players,Der Bomber nickname belongs to?,Gerd Muller is known as Der Bomber.
194,players,Which player is referred to as Der Bomber?,Gerd Muller is known as Der Bomber.
194,players,Who is the player with the nickname Der Bomber?,Gerd Muller is known as Der Bomber.
194,players,The footballer known as Der Bomber is?,Gerd Muller is known as Der Bomber.
194,players,Which player's nickname is Der Bomber?,Gerd Muller is known as Der Bomber.
194,players,Who is Der Bomber in football?,Gerd Muller is known as Der Bomber.
194,players,Der Bomber is the alias of which footballer?,Gerd Muller is known as Der Bomber.
194,players,Which football star is called Der Bomber?,Gerd Muller is known as Der Bomber.
194,players,Name the player nicknamed Der Bomber.,Gerd Muller is known as Der Bomber.
194,players,The player with the nickname Der Bomber is?,Gerd Muller is known as Der Bomber.
194,players,Who is Der Bomber?,Gerd Muller is known as Der Bomber.
96,awards,Who took home the Ballon d'Or in 2015?,Lionel Messi won the 2015 Ballon d'Or.
96,awards,Who won the Ballon d'Or in 2015?,Lionel Messi won the 2015 Ballon d'Or.
96,awards,Which player was awarded the 2015 Ballon d'Or?,Lionel Messi won the 2015 Ballon d'Or.
96,awards,Name the 2015 Ballon d'Or winner.,Lionel Messi won the 2015 Ballon d'Or.
96,awards,The 2015 Ballon d'Or was won by?,Lionel Messi won the 2015 Ballon d'Or.
96,awards,Who was the 2015 Ballon d'Or recipient?,Lionel Messi won the 2015 Ballon d'Or.
96,awards,Which player won the 2015 Ballon d'Or?,Lionel Messi won the 2015 Ballon d'Or.
96,awards,2015 Ballon d'Or winner?,Lionel Messi won the 2015 Ballon d'Or.
96,awards,Name the recipient of the 2015 Ballon d'Or.,Lionel Messi won the 2015 Ballon d'Or.
96,awards,Who was awarded the Ballon d'Or in 2015?,Lionel Messi won the 2015 Ballon d'Or.
96,awards,The winner of the 2015 Ballon d'Or was?,Lionel Messi won the 2015 Ballon d'Or.
96,awards,Which footballer won the 2015 Ballon d'Or?,Lionel Messi won the 2015 Ballon d'Or.
96,awards,2015 Ballon d'Or award winner?,Lionel Messi won the 2015 Ballon d'Or.
96,awards,Who claimed the 2015 Ballon d'Or?,Lionel Messi won the 2015 Ballon d'Or.
96,awards,Name the player who won the 2015 Ballon d'Or.,Lionel Messi won the 2015 Ballon d'Or.
96,awards,Who received the 2015 Ballon d'Or?,Lionel Messi won the 2015 Ballon d'Or.
96,awards,2015 Ballon d'Or winner is?,Lionel Messi won the 2015 Ballon d'Or.
96,awards,Which player took the 2015 Ballon d'Or?,Lionel Messi won the 2015 Ballon d'Or.
96,awards,Who was the winner of the 2015 Ballon d'Or?,Lionel Messi won the 2015 Ballon d'Or.
96,awards,The 2015 Ballon d'Or recipient was?,Lionel Messi won the 2015 Ballon d'Or.
252,rules,What happens when the ball goes out over the sideline?,A throw-in is awarded to the opponents of the last player to touch the ball when it crosses the touchline.
252,rules,What is a throw-in in football?,A throw-in is awarded to the opponents of the last player to touch the ball when it crosses the touchline.
252,rules,When does a team get a throw-in?,A throw-in is awarded to the opponents of the last player to touch the ball when it crosses the touchline.
252,rules,When is a throw-in awarded?,A throw-in is awarded to the opponents of the last player to touch the ball when it crosses the touchline.
252,rules,How is a throw-in awarded?,A throw-in is awarded to the opponents of the last player to touch the ball when it crosses the touchline.
252,rules,What leads to a throw-in?,A throw-in is awarded to the opponents of the last player to touch the ball when it crosses the touchline.
252,rules,When is a throw-in given?,A throw-in is awarded to the opponents of the last player to touch the ball when it crosses the touchline.
252,rules,What causes a throw-in?,A throw-in is awarded to the opponents of the last player to touch the ball when it crosses the touchline.
252,rules,How is a throw-in awarded in football?,A throw-in is awarded to the opponents of the last player to touch the ball when it crosses the touchline.
252,rules,What is the rule for a throw-in?,A throw-in is awarded to the opponents of the last player to touch the ball when it crosses the touchline.
252,rules,When do you get a throw-in?,A throw-in is awarded to the opponents of the last player to touch the ball when it crosses the touchline.
252,rules,What happens when the ball goes out of play over the touchline?,A throw-in is awarded to the opponents of the last player to touch the ball when it crosses the touchline.
252,rules,How does a throw-in happen?,A throw-in is awarded to the opponents of the last player to touch the ball when it crosses the touchline.
252,rules,What is the condition for a throw-in?,A throw-in is awarded to the opponents of the last player to touch the ball when it crosses the touchline.
252,rules,When is a throw-in given in football?,A throw-in is awarded to the opponents of the last player to touch the ball when it crosses the touchline.
252,rules,What triggers a throw-in?,A throw-in is awarded to the opponents of the last player to touch the ball when it crosses the touchline.
252,rules,How do you get a throw-in?,A throw-in is awarded to the opponents of the last player to touch the ball when it crosses the touchline.
252,rules,What is the rule for awarding a throw-in?,A throw-in is awarded to the opponents of the last player to touch the ball when it crosses the touchline.
252,rules,When does a throw-in occur?,A throw-in is awarded to the opponents of the last player to touch the ball when it crosses the touchline.
252,rules,What leads to a throw-in being awarded?,A throw-in is awarded to the opponents of the last player to touch the ball when it crosses the touchline.
238,records,Which country won the first ever World Cup?,Uruguay won the first World Cup in 1930.
238,records,Who were the first world champions of football?,Uruguay won the first World Cup in 1930.
238,records,Name the first FIFA World Cup champion.,Uruguay won the first World Cup in 1930.
238,records,Who won the inaugural World Cup in 1930?,Uruguay won the first World Cup in 1930.
238,records,Which team won the first World Cup?,Uruguay won the first World Cup in 1930.
238,records,The first World Cup was won by?,Uruguay won the first World Cup in 1930.
238,records,Who was the first World Cup winner?,Uruguay won the first World Cup in 1930.
238,records,First World Cup champion?,Uruguay won the first World Cup in 1930.
238,records,Who claimed the first World Cup?,Uruguay won the first World Cup in 1930.
238,records,Name the first World Cup winner.,Uruguay won the first World Cup in 1930.
238,records,Who took home the first World Cup?,Uruguay won the first World Cup in 1930.
238,records,The first ever World Cup winner was?,Uruguay won the first World Cup in 1930.
238,records,Who was awarded the first World Cup?,Uruguay won the first World Cup in 1930.
238,records,First winner of the World Cup?,Uruguay won the first World Cup in 1930.
238,records,Who won the inaugural FIFA World Cup?,Uruguay won the first World Cup in 1930.
238,records,Name the winner of the first World Cup.,Uruguay won the first World Cup in 1930.
238,records,Who was the recipient of the first World Cup?,Uruguay won the first World Cup in 1930.
238,records,The first World Cup award went to?,Uruguay won the first World Cup in 1930.
238,records,Who won the first World Cup in 1930?,Uruguay won the first World Cup in 1930.
238,records,First World Cup winner in history?,Uruguay won the first World Cup in 1930.
40,world_cup,Who won the FIFA World Cup in 1978?,Argentina won the 1978 World Cup.
40,world_cup,Which country were the 1978 World Cup champions?,Argentina won the 1978 World Cup.
40,world_cup,Name the team that won the 1978 World Cup.,Argentina won the 1978 World Cup.
40,world_cup,Which nation lifted the World Cup trophy in 1978?,Argentina won the 1978 World Cup.
40,world_cup,Who were the 1978 World Cup winners?,Argentina won the 1978 World Cup.
40,world_cup,Which team was the 1978 World Cup champion?,Argentina won the 1978 World Cup.
40,world_cup,The winner of the 1978 World Cup was?,Argentina won the 1978 World Cup.
40,world_cup,Which country won the 1978 FIFA World Cup?,Argentina won the 1978 World Cup.
40,world_cup,1978 World Cup winning team?,Argentina won the 1978 World Cup.
40,world_cup,Name the 1978 World Cup winner.,Argentina won the 1978 World Cup.
40,world_cup,Who was the 1978 World Cup champion?,Argentina won the 1978 World Cup.
40,world_cup,Which nation won the 1978 World Cup?,Argentina won the 1978 World Cup.
40,world_cup,Who lifted the 1978 World Cup?,Argentina won the 1978 World Cup.
40,world_cup,The 1978 World Cup was won by which country?,Argentina won the 1978 World Cup.
40,world_cup,Which team won the 1978 FIFA World Cup?,Argentina won the 1978 World Cup.
40,world_cup,1978 FIFA World Cup champion?,Argentina won the 1978 World Cup.
40,world_cup,Name the 1978 FIFA World Cup winning nation.,Argentina won the 1978 World Cup.
40,world_cup,Who won the 1978 World Cup final?,Argentina won the 1978 World Cup.
40,world_cup,Which country was the 1978 World Cup winner?,Argentina won the 1978 World Cup.
40,world_cup,The 1978 World Cup champions were?,Argentina won the 1978 World Cup.
257,rules,What is extra time in a knockout match?,Extra time is two 15-minute periods played in knockout games that are level after 90 minutes.
257,rules,How many minutes of extra time are played?,Extra time is two 15-minute periods played in knockout games that are level after 90 minutes.
257,rules,How long is extra time in football?,Extra time is two 15-minute periods played in knockout games that are level after 90 minutes.
257,rules,When is extra time played?,Extra time is two 15-minute periods played in knockout games that are level after 90 minutes.
257,rules,What is the duration of extra time?,Extra time is two 15-minute periods played in knockout games that are level after 90 minutes.
257,rules,How many periods are in extra time?,Extra time is two 15-minute periods played in knockout games that are level after 90 minutes.
257,rules,What happens if a knockout game is level after 90 minutes?,Extra time is two 15-minute periods played in knockout games that are level after 90 minutes.
257,rules,What is the length of extra time in a football match?,Extra time is two 15-minute periods played in knockout games that are level after 90 minutes.
257,rules,How long does extra time last in football?,Extra time is two 15-minute periods played in knockout games that are level after 90 minutes.
257,rules,What is extra time?,Extra time is two 15-minute periods played in knockout games that are level after 90 minutes.
257,rules,Explain extra time in football.,Extra time is two 15-minute periods played in knockout games that are level after 90 minutes.
257,rules,What is the rule for extra time?,Extra time is two 15-minute periods played in knockout games that are level after 90 minutes.
257,rules,How is extra time structured?,Extra time is two 15-minute periods played in knockout games that are level after 90 minutes.
257,rules,When is extra time used in football?,Extra time is two 15-minute periods played in knockout games that are level after 90 minutes.
257,rules,What is the purpose of extra time?,Extra time is two 15-minute periods played in knockout games that are level after 90 minutes.
257,rules,How many minutes are in extra time?,Extra time is two 15-minute periods played in knockout games that are level after 90 minutes.
257,rules,What is the definition of extra time?,Extra time is two 15-minute periods played in knockout games that are level after 90 minutes.
257,rules,When does extra time occur?,Extra time is two 15-minute periods played in knockout games that are level after 90 minutes.
257,rules,How long is the extra time period in football?,Extra time is two 15-minute periods played in knockout games that are level after 90 minutes.
257,rules,What is the format of extra time?,Extra time is two 15-minute periods played in knockout games that are level after 90 minutes.
115,awards,How many times did Zinedine Zidane win the Ballon d'Or?,Zinedine Zidane has won the Ballon d'Or 1 time(s).
115,awards,What is the Ballon d'Or count of Zinedine Zidane?,Zinedine Zidane has won the Ballon d'Or 1 time(s).
115,awards,Tell me the number of Ballon d'Or trophies Zinedine Zidane has.,Zinedine Zidane has won the Ballon d'Or 1 time(s).
115,awards,How many Ballon d'Or awards has Zinedine Zidane won?,Zinedine Zidane has won the Ballon d'Or 1 time(s).
115,awards,What is Zinedine Zidane's Ballon d'Or tally?,Zinedine Zidane has won the Ballon d'Or 1 time(s).
115,awards,Number of Ballon d'Or awards won by Zinedine Zidane?,Zinedine Zidane has won the Ballon d'Or 1 time(s).
115,awards,Zinedine Zidane has won how many Ballon d'Or awards?,Zinedine Zidane has won the Ballon d'Or 1 time(s).
115,awards,How many Ballon d'Ors does Zinedine Zidane have?,Zinedine Zidane has won the Ballon d'Or 1 time(s).
115,awards,Zinedine Zidane's Ballon d'Or wins count?,Zinedine Zidane has won the Ballon d'Or 1 time(s).
115,awards,The number of Ballon d'Or awards for Zinedine Zidane is?,Zinedine Zidane has won the Ballon d'Or 1 time(s).
115,awards,How many Ballon d'Or trophies has Zinedine Zidane won?,Zinedine Zidane has won the Ballon d'Or 1 time(s).
115,awards,What is the total Ballon d'Or count for Zinedine Zidane?,Zinedine Zidane has won the Ballon d'Or 1 time(s).
115,awards,How many Ballon d'Or awards did Zinedine Zidane win?,Zinedine Zidane has won the Ballon d'Or 1 time(s).
115,awards,Zinedine Zidane Ballon d'Or total?,Zinedine Zidane has won the Ballon d'Or 1 time(s).
115,awards,Count of Zinedine Zidane's Ballon d'Or awards?,Zinedine Zidane has won the Ballon d'Or 1 time(s).
115,awards,How many Ballon d'Ors has Zinedine Zidane won?,Zinedine Zidane has won the Ballon d'Or 1 time(s).
115,awards,Zinedine Zidane has won the Ballon d'Or how many times?,Zinedine Zidane has won the Ballon d'Or 1 time(s).
115,awards,Number of Ballon d'Or trophies for Zinedine Zidane?,Zinedine Zidane has won the Ballon d'Or 1 time(s).
115,awards,What is the number of Ballon d'Or awards Zinedine Zidane has?,Zinedine Zidane has won the Ballon d'Or 1 time(s).
115,awards,How many times has Zinedine Zidane won the Ballon d'Or?,Zinedine Zidane has won the Ballon d'Or 1 time(s).
214,records,Name the player with the most goals at one World Cup.,"Just Fontaine scored 13 goals at the 1958 World Cup, the record for one tournament."
214,records,Which player holds the record for goals in one World Cup?,"Just Fontaine scored 13 goals at the 1958 World Cup, the record for one tournament."
214,records,Who holds the single edition World Cup scoring record?,"Just Fontaine scored 13 goals at the 1958 World Cup, the record for one tournament."
214,records,Who scored the most goals in a single World Cup tournament?,"Just Fontaine scored 13 goals at the 1958 World Cup, the record for one tournament."
214,records,Who has the record for most goals in a single World Cup?,"Just Fontaine scored 13 goals at the 1958 World Cup, the record for one tournament."
214,records,The record for most goals in one World Cup is held by?,"Just Fontaine scored 13 goals at the 1958 World Cup, the record for one tournament."
214,records,Who scored the most goals in one World Cup?,"Just Fontaine scored 13 goals at the 1958 World Cup, the record for one tournament."
214,records,Most goals in a single World Cup by which player?,"Just Fontaine scored 13 goals at the 1958 World Cup, the record for one tournament."
214,records,Who holds the record for most goals in a World Cup?,"Just Fontaine scored 13 goals at the 1958 World Cup, the record for one tournament."
214,records,Which player has the most goals in a World Cup?,"Just Fontaine scored 13 goals at the 1958 World Cup, the record for one tournament."
214,records,Most goals in a single World Cup?,"Just Fontaine scored 13 goals at the 1958 World Cup, the record for one tournament."
214,records,Who is the highest goalscorer in a single World Cup?,"Just Fontaine scored 13 goals at the 1958 World Cup, the record for one tournament."
214,records,Name the player with the most goals in one World Cup.,"Just Fontaine scored 13 goals at the 1958 World Cup, the record for one tournament."
214,records,Who has the record for most goals in a single World Cup tournament?,"Just Fontaine scored 13 goals at the 1958 World Cup, the record for one tournament."
214,records,Which footballer scored the most goals in a World Cup?,"Just Fontaine scored 13 goals at the 1958 World Cup, the record for one tournament."
214,records,Who scored the highest number of goals in a World Cup?,"Just Fontaine scored 13 goals at the 1958 World Cup, the record for one tournament."
214,records,Record for most goals in a World Cup?,"Just Fontaine scored 13 goals at the 1958 World Cup, the record for one tournament."
214,records,Who is the top goalscorer in a single World Cup?,"Just Fontaine scored 13 goals at the 1958 World Cup, the record for one tournament."
214,records,The player with the most goals in a World Cup is?,"Just Fontaine scored 13 goals at the 1958 World Cup, the record for one tournament."
214,records,Who has the most goals in a single World Cup?,"Just Fontaine scored 13 goals at the 1958 World Cup, the record for one tournament."
218,records,Who is the most successful club in Premier League history?,"Manchester United have won the most Premier League titles, with 13."
218,records,Which club has won the most Premier League titles?,"Manchester United have won the most Premier League titles, with 13."
218,records,Name the team with the highest number of Premier League championships.,"Manchester United have won the most Premier League titles, with 13."
218,records,Which team has the most English Premier League trophies?,"Manchester United have won the most Premier League titles, with 13."
218,records,Who has won the most Premier League titles?,"Manchester United have won the most Premier League titles, with 13."
218,records,The most successful club in Premier League history is?,"Manchester United have won the most Premier League titles, with 13."
218,records,Which team has won the most Premier League titles?,"Manchester United have won the most Premier League titles, with 13."
218,records,Most Premier League titles won by which club?,"Manchester United have won the most Premier League titles, with 13."
218,records,Who is the most decorated team in the Premier League?,"Manchester United have won the most Premier League titles, with 13."
218,records,Which club has the most Premier League wins?,"Manchester United have won the most Premier League titles, with 13."
218,records,Name the most successful team in Premier League history.,"Manchester United have won the most Premier League titles, with 13."
218,records,Which team holds the record for most Premier League titles?,"Manchester United have won the most Premier League titles, with 13."
218,records,The club with the most Premier League trophies is?,"Manchester United have won the most Premier League titles, with 13."
218,records,Who has the most Premier League trophies?,"Manchester United have won the most Premier League titles, with 13."
218,records,Which team is the most successful in Premier League history?,"Manchester United have won the most Premier League titles, with 13."
218,records,Most successful club in the Premier League?,"Manchester United have won the most Premier League titles, with 13."
218,records,Which club has won the most Premier League championships?,"Manchester United have won the most Premier League titles, with 13."
218,records,Name the team with the most Premier League wins.,"Manchester United have won the most Premier League titles, with 13."
218,records,Which club is the record Premier League champion?,"Manchester United have won the most Premier League titles, with 13."
218,records,The team with the most Premier League titles is?,"Manchester United have won the most Premier League titles, with 13."
135,clubs,What do fans call Liverpool?,Liverpool are nicknamed The Reds.
135,clubs,What nickname are Liverpool known by?,Liverpool are nicknamed The Reds.
135,clubs,Liverpool is commonly referred to as what?,Liverpool are nicknamed The Reds.
135,clubs,What is Liverpool's nickname?,Liverpool are nicknamed The Reds.
135,clubs,What is the nickname of Liverpool?,Liverpool are nicknamed The Reds.
135,clubs,What are Liverpool nicknamed?,Liverpool are nicknamed The Reds.
135,clubs,Liverpool's nickname is?,Liverpool are nicknamed The Reds.
135,clubs,What is Liverpool commonly called?,Liverpool are nicknamed The Reds.
135,clubs,The nickname of Liverpool is?,Liverpool are nicknamed The Reds.
135,clubs,What moniker is used for Liverpool?,Liverpool are nicknamed The Reds.
135,clubs,What are Liverpool also known as?,Liverpool are nicknamed The Reds.
135,clubs,Liverpool are known as?,Liverpool are nicknamed The Reds.
135,clubs,What is the alias of Liverpool?,Liverpool are nicknamed The Reds.
135,clubs,What do people call Liverpool?,Liverpool are nicknamed The Reds.
135,clubs,The nickname for Liverpool is?,Liverpool are nicknamed The Reds.
135,clubs,What is Liverpool's moniker?,Liverpool are nicknamed The Reds.
135,clubs,By what nickname is Liverpool known?,Liverpool are nicknamed The Reds.
135,clubs,What is the common name for Liverpool?,Liverpool are nicknamed The Reds.
135,clubs,What are Liverpool popularly called?,Liverpool are nicknamed The Reds.
135,clubs,Liverpool's alias is?,Liverpool are nicknamed The Reds.
71,euros,Which team were the Euro 2016 champions?,Portugal won Euro 2016.
71,euros,Which country won Euro 2016?,Portugal won Euro 2016.
71,euros,Name the winner of the 2016 Euros.,Portugal won Euro 2016.
71,euros,Who won the UEFA European Championship in 2016?,Portugal won Euro 2016.
71,euros,Who were the Euro 2016 winners?,Portugal won Euro 2016.
71,euros,Which team won the 2016 European Championship?,Portugal won Euro 2016.
71,euros,The 2016 Euro champions were?,Portugal won Euro 2016.
71,euros,Who claimed the Euro 2016 title?,Portugal won Euro 2016.
71,euros,2016 European Championship winning team?,Portugal won Euro 2016.
71,euros,Name the 2016 Euro winner.,Portugal won Euro 2016.
71,euros,Which country were the 2016 European champions?,Portugal won Euro 2016.
71,euros,Who won the 2016 European Football Championship?,Portugal won Euro 2016.
71,euros,The winner of Euro 2016 was?,Portugal won Euro 2016.
71,euros,Which nation won Euro 2016?,Portugal won Euro 2016.
71,euros,2016 Euros champion?,Portugal won Euro 2016.
71,euros,Who lifted the Euro 2016 trophy?,Portugal won Euro 2016.
71,euros,Which team won the UEFA Euro 2016?,Portugal won Euro 2016.
71,euros,Name the 2016 European Championship winner.,Portugal won Euro 2016.
71,euros,Who were the champions of Euro 2016?,Portugal won Euro 2016.
71,euros,Which country won the 2016 Euros?,Portugal won Euro 2016.
246,rules,What does a yellow card mean?,A yellow card is a caution given by the referee for unsporting behaviour or a serious foul.
246,rules,What happens when a player gets a yellow card?,A yellow card is a caution given by the referee for unsporting behaviour or a serious foul.
246,rules,Why does a referee show a yellow card?,A yellow card is a caution given by the referee for unsporting behaviour or a serious foul.
246,rules,What is a yellow card in football?,A yellow card is a caution given by the referee for unsporting behaviour or a serious foul.
246,rules,What is the consequence of a yellow card?,A yellow card is a caution given by the referee for unsporting behaviour or a serious foul.
246,rules,What happens if a player gets a yellow card?,A yellow card is a caution given by the referee for unsporting behaviour or a serious foul.
246,rules,Explain a yellow card in football.,A yellow card is a caution given by the referee for unsporting behaviour or a serious foul.
246,rules,What is the punishment for a yellow card?,A yellow card is a caution given by the referee for unsporting behaviour or a serious foul.
246,rules,What does receiving a yellow card entail?,A yellow card is a caution given by the referee for unsporting behaviour or a serious foul.
246,rules,What is the result of a yellow card?,A yellow card is a caution given by the referee for unsporting behaviour or a serious foul.
246,rules,Describe what a yellow card is.,A yellow card is a caution given by the referee for unsporting behaviour or a serious foul.
246,rules,What is the effect of a yellow card?,A yellow card is a caution given by the referee for unsporting behaviour or a serious foul.
246,rules,What happens when a footballer is shown a yellow card?,A yellow card is a caution given by the referee for unsporting behaviour or a serious foul.
246,rules,What is the meaning of a yellow card?,A yellow card is a caution given by the referee for unsporting behaviour or a serious foul.
246,rules,What is a yellow card in a match?,A yellow card is a caution given by the referee for unsporting behaviour or a serious foul.
246,rules,How does a yellow card affect a player?,A yellow card is a caution given by the referee for unsporting behaviour or a serious foul.
246,rules,What is the outcome of a yellow card?,A yellow card is a caution given by the referee for unsporting behaviour or a serious foul.
246,rules,What is a yellow card used for?,A yellow card is a caution given by the referee for unsporting behaviour or a serious foul.
246,rules,What happens to a player who gets a yellow card?,A yellow card is a caution given by the referee for unsporting behaviour or a serious foul.
246,rules,What is the penalty for a yellow card?,A yellow card is a caution given by the referee for unsporting behaviour or a serious foul.
267,rules,What distance must opponents keep from a free kick?,Opponents must stand at least 10 yards (9.15 metres) from the ball at a free kick.
267,rules,How many yards should the wall be from the ball?,Opponents must stand at least 10 yards (9.15 metres) from the ball at a free kick.
267,rules,What is the minimum distance for the wall at free kicks?,Opponents must stand at least 10 yards (9.15 metres) from the ball at a free kick.
267,rules,How far must the defensive wall stand from a free kick?,Opponents must stand at least 10 yards (9.15 metres) from the ball at a free kick.
267,rules,What is the required distance for opponents at a free kick?,Opponents must stand at least 10 yards (9.15 metres) from the ball at a free kick.
267,rules,How far away must players be at a free kick?,Opponents must stand at least 10 yards (9.15 metres) from the ball at a free kick.
267,rules,What is the distance for the wall in football?,Opponents must stand at least 10 yards (9.15 metres) from the ball at a free kick.
267,rules,How many metres must opponents be from a free kick?,Opponents must stand at least 10 yards (9.15 metres) from the ball at a free kick.
267,rules,What is the distance rule for a free kick?,Opponents must stand at least 10 yards (9.15 metres) from the ball at a free kick.
267,rules,How far should the wall be from the ball at a free kick?,Opponents must stand at least 10 yards (9.15 metres) from the ball at a free kick.
267,rules,What is the wall distance for a free kick?,Opponents must stand at least 10 yards (9.15 metres) from the ball at a free kick.
267,rules,How far must opponents stand from a free kick?,Opponents must stand at least 10 yards (9.15 metres) from the ball at a free kick.
267,rules,What is the 10-yard rule in football?,Opponents must stand at least 10 yards (9.15 metres) from the ball at a free kick.
267,rules,How far is the wall for a free kick?,Opponents must stand at least 10 yards (9.15 metres) from the ball at a free kick.
267,rules,What is the minimum distance for a wall in football?,Opponents must stand at least 10 yards (9.15 metres) from the ball at a free kick.
267,rules,How far away is the defensive wall at a free kick?,Opponents must stand at least 10 yards (9.15 metres) from the ball at a free kick.
267,rules,What is the distance for a free kick wall?,Opponents must stand at least 10 yards (9.15 metres) from the ball at a free kick.
267,rules,How many yards away is the wall at a free kick?,Opponents must stand at least 10 yards (9.15 metres) from the ball at a free kick.
267,rules,What is the distance opponents must retreat at a free kick?,Opponents must stand at least 10 yards (9.15 metres) from the ball at a free kick.
267,rules,How far must the wall be at a free kick?,Opponents must stand at least 10 yards (9.15 metres) from the ball at a free kick.
164,players,Pele is from which country?,Pele is from Brazil.
164,players,Which country does Pele come from?,Pele is from Brazil.
164,players,For which country did Pele play international football?,Pele is from Brazil.
164,players,What is the nationality of Pele?,Pele is from Brazil.
164,players,Which nation does Pele represent?,Pele is from Brazil.
164,players,What country is Pele from?,Pele is from Brazil.
164,players,Pele's nationality is?,Pele is from Brazil.
164,players,Where is Pele from?,Pele is from Brazil.
164,players,Which country is Pele a citizen of?,Pele is from Brazil.
164,players,Pele plays for which country?,Pele is from Brazil.
164,players,What is Pele's country of origin?,Pele is from Brazil.
164,players,Which country does Pele play for?,Pele is from Brazil.
164,players,Pele represents which nation?,Pele is from Brazil.
164,players,What nationality is Pele?,Pele is from Brazil.
164,players,Which country is Pele from?,Pele is from Brazil.
164,players,Pele's country is?,Pele is from Brazil.
164,players,Where does Pele come from?,Pele is from Brazil.
164,players,What nation is Pele from?,Pele is from Brazil.
164,players,Which country is Pele associated with?,Pele is from Brazil.
164,players,Pele is a player from which country?,Pele is from Brazil.
82,league,Who won the Premier League in the 2018-19 season?,Manchester City won the Premier League in 2018-19.
82,league,Which team topped the Premier League table in 2018-19?,Manchester City won the Premier League in 2018-19.
82,league,Which club were the 2018-19 Premier League champions?,Manchester City won the Premier League in 2018-19.
82,league,Name the team that won the English league title in 2018-19.,Manchester City won the Premier League in 2018-19.
82,league,Who were the 2018-19 Premier League winners?,Manchester City won the Premier League in 2018-19.
82,league,Which team won the 2018-19 Premier League?,Manchester City won the Premier League in 2018-19.
82,league,The 2018-19 Premier League champions were?,Manchester City won the Premier League in 2018-19.
82,league,Which club won the 2018-19 Premier League title?,Manchester City won the Premier League in 2018-19.
82,league,Who claimed the 2018-19 Premier League title?,Manchester City won the Premier League in 2018-19.
82,league,2018-19 Premier League winning team?,Manchester City won the Premier League in 2018-19.
82,league,Name the 2018-19 Premier League winner.,Manchester City won the Premier League in 2018-19.
82,league,Which team were the 2018-19 English league champions?,Manchester City won the Premier League in 2018-19.
82,league,Who won the English Premier League in 2018-19?,Manchester City won the Premier League in 2018-19.
82,league,The winner of the 2018-19 Premier League was?,Manchester City won the Premier League in 2018-19.
82,league,Which club topped the 2018-19 Premier League?,Manchester City won the Premier League in 2018-19.
82,league,Who were the champions of the 2018-19 Premier League?,Manchester City won the Premier League in 2018-19.
82,league,2018-19 Premier League title winner?,Manchester City won the Premier League in 2018-19.
82,league,Which team won the 2018-19 English Premier League?,Manchester City won the Premier League in 2018-19.
82,league,Who won the 2018-19 Premier League season?,Manchester City won the Premier League in 2018-19.
82,league,Premier League 2018-19 champions?,Manchester City won the Premier League in 2018-19.
54,world_cup,Who were the hosts of the 1978 World Cup?,The 1978 World Cup was hosted by Argentina.
54,world_cup,Name the host nation of the 1978 World Cup.,The 1978 World Cup was hosted by Argentina.
54,world_cup,Which country hosted the World Cup in 1978?,The 1978 World Cup was hosted by Argentina.
54,world_cup,Where was the 1978 FIFA World Cup held?,The 1978 World Cup was hosted by Argentina.
54,world_cup,Which nation was the host of the 1978 World Cup?,The 1978 World Cup was hosted by Argentina.
54,world_cup,Tell me the host country of the 1978 World Cup.,The 1978 World Cup was hosted by Argentina.
54,world_cup,What country hosted the 1978 World Cup?,The 1978 World Cup was hosted by Argentina.
54,world_cup,The 1978 World Cup was held in which country?,The 1978 World Cup was hosted by Argentina.
54,world_cup,Which country was the host for the 1978 World Cup?,The 1978 World Cup was hosted by Argentina.
54,world_cup,Host nation of the 1978 FIFA World Cup?,The 1978 World Cup was hosted by Argentina.
54,world_cup,Can you name the host of the 1978 World Cup?,The 1978 World Cup was hosted by Argentina.
54,world_cup,The host nation for the 1978 World Cup was?,The 1978 World Cup was hosted by Argentina.
54,world_cup,Which nation hosted the 1978 FIFA World Cup?,The 1978 World Cup was hosted by Argentina.
54,world_cup,1978 World Cup host country?,The 1978 World Cup was hosted by Argentina.
54,world_cup,Name the country that hosted the 1978 World Cup.,The 1978 World Cup was hosted by Argentina.
54,world_cup,Who was the host of the 1978 World Cup?,The 1978 World Cup was hosted by Argentina.
54,world_cup,Which country held the 1978 World Cup?,The 1978 World Cup was hosted by Argentina.
54,world_cup,The 1978 World Cup host was which nation?,The 1978 World Cup was hosted by Argentina.
54,world_cup,Name the 1978 World Cup host.,The 1978 World Cup was hosted by Argentina.
54,world_cup,Which country was the 1978 World Cup host?,The 1978 World Cup was hosted by Argentina.
45,world_cup,Which country were the 1998 World Cup champions?,France won the 1998 World Cup.
45,world_cup,Name the team that won the 1998 World Cup.,France won the 1998 World Cup.
45,world_cup,Who won the FIFA World Cup in 1998?,France won the 1998 World Cup.
45,world_cup,Which nation lifted the World Cup trophy in 1998?,France won the 1998 World Cup.
45,world_cup,Who were the 1998 World Cup winners?,France won the 1998 World Cup.
45,world_cup,Which team was the 1998 World Cup champion?,France won the 1998 World Cup.
45,world_cup,The winner of the 1998 World Cup was?,France won the 1998 World Cup.
45,world_cup,Which country won the 1998 FIFA World Cup?,France won the 1998 World Cup.
45,world_cup,1998 World Cup winning team?,France won the 1998 World Cup.
45,world_cup,Name the 1998 World Cup winner.,France won the 1998 World Cup.
45,world_cup,Who was the 1998 World Cup champion?,France won the 1998 World Cup.
45,world_cup,Which nation won the 1998 World Cup?,France won the 1998 World Cup.
45,world_cup,Who lifted the 1998 World Cup?,France won the 1998 World Cup.
45,world_cup,The 1998 World Cup was won by which country?,France won the 1998 World Cup.
45,world_cup,Which team won the 1998 FIFA World Cup?,France won the 1998 World Cup.
45,world_cup,1998 FIFA World Cup champion?,France won the 1998 World Cup.
45,world_cup,Name the 1998 FIFA World Cup winning nation.,France won the 1998 World Cup.
45,world_cup,Who won the 1998 World Cup final?,France won the 1998 World Cup.
45,world_cup,Which country was the 1998 World Cup winner?,France won the 1998 World Cup.
45,world_cup,The 1998 World Cup champions were?,France won the 1998 World Cup.
113,awards,Tell me the number of Ballon d'Or trophies Karim Benzema has.,Karim Benzema has won the Ballon d'Or 1 time(s).
113,awards,How many Ballon d'Or awards has Karim Benzema won?,Karim Benzema has won the Ballon d'Or 1 time(s).
113,awards,How many times did Karim Benzema win the Ballon d'Or?,Karim Benzema has won the Ballon d'Or 1 time(s).
113,awards,What is the Ballon d'Or count of Karim Benzema?,Karim Benzema has won the Ballon d'Or 1 time(s).
113,awards,What is Karim Benzema's Ballon d'Or tally?,Karim Benzema has won the Ballon d'Or 1 time(s).
113,awards,Number of Ballon d'Or awards won by Karim Benzema?,Karim Benzema has won the Ballon d'Or 1 time(s).
113,awards,Karim Benzema has won how many Ballon d'Or awards?,Karim Benzema has won the Ballon d'Or 1 time(s).
113,awards,How many Ballon d'Ors does Karim Benzema have?,Karim Benzema has won the Ballon d'Or 1 time(s).
113,awards,Karim Benzema's Ballon d'Or wins count?,Karim Benzema has won the Ballon d'Or 1 time(s).
113,awards,The number of Ballon d'Or awards for Karim Benzema is?,Karim Benzema has won the Ballon d'Or 1 time(s).
113,awards,How many Ballon d'Or trophies has Karim Benzema won?,Karim Benzema has won the Ballon d'Or 1 time(s).
113,awards,What is the total Ballon d'Or count for Karim Benzema?,Karim Benzema has won the Ballon d'Or 1 time(s).
113,awards,How many Ballon d'Or awards did Karim Benzema win?,Karim Benzema has won the Ballon d'Or 1 time(s).
113,awards,Karim Benzema Ballon d'Or total?,Karim Benzema has won the Ballon d'Or 1 time(s).
113,awards,Count of Karim Benzema's Ballon d'Or awards?,Karim Benzema has won the Ballon d'Or 1 time(s).
113,awards,How many Ballon d'Ors has Karim Benzema won?,Karim Benzema has won the Ballon d'Or 1 time(s).
113,awards,Karim Benzema has won the Ballon d'Or how many times?,Karim Benzema has won the Ballon d'Or 1 time(s).
113,awards,Number of Ballon d'Or trophies for Karim Benzema?,Karim Benzema has won the Ballon d'Or 1 time(s).
113,awards,What is the number of Ballon d'Or awards Karim Benzema has?,Karim Benzema has won the Ballon d'Or 1 time(s).
113,awards,How many times has Karim Benzema won the Ballon d'Or?,Karim Benzema has won the Ballon d'Or 1 time(s).
27,trophies,Name the team that lifted the UEFA Champions League in 2023.,Manchester City won the Champions League final in 2023.
27,trophies,Who were the 2023 Champions League winners?,Manchester City won the Champions League final in 2023.
27,trophies,Which team became European champions in 2023?,Manchester City won the Champions League final in 2023.
27,trophies,Which club won the Champions League in 2023?,Manchester City won the Champions League final in 2023.
27,trophies,Who won the Champions League in 2023?,Manchester City won the Champions League final in 2023.
27,trophies,2023 Champions League winning team?,Manchester City won the Champions League final in 2023.
27,trophies,Name the 2023 Champions League winner.,Manchester City won the Champions League final in 2023.
27,trophies,Which team won the 2023 UEFA Champions League?,Manchester City won the Champions League final in 2023.
27,trophies,The 2023 Champions League champions were?,Manchester City won the Champions League final in 2023.
27,trophies,Who claimed the 2023 Champions League title?,Manchester City won the Champions League final in 2023.
27,trophies,Which club lifted the 2023 Champions League trophy?,Manchester City won the Champions League final in 2023.
27,trophies,2023 European Cup winner?,Manchester City won the Champions League final in 2023.
27,trophies,Who won the 2023 European Cup?,Manchester City won the Champions League final in 2023.
27,trophies,Name the winner of the 2023 Champions League final.,Manchester City won the Champions League final in 2023.
27,trophies,Which team was the 2023 Champions League champion?,Manchester City won the Champions League final in 2023.
27,trophies,The winner of the 2023 Champions League was?,Manchester City won the Champions League final in 2023.
27,trophies,Who were the champions of Europe in 2023?,Manchester City won the Champions League final in 2023.
27,trophies,Which team won the European Cup in 2023?,Manchester City won the Champions League final in 2023.
27,trophies,2023 UEFA Champions League winner?,Manchester City won the Champions League final in 2023.
27,trophies,Who lifted the 2023 Champions League trophy?,Manchester City won the Champions League final in 2023.
28,trophies,Name the team that lifted the UEFA Champions League in 2024.,Real Madrid won the Champions League final in 2024.
28,trophies,Who were the 2024 Champions League winners?,Real Madrid won the Champions League final in 2024.
28,trophies,Which team became European champions in 2024?,Real Madrid won the Champions League final in 2024.
28,trophies,Which club won the Champions League in 2024?,Real Madrid won the Champions League final in 2024.
28,trophies,Who won the Champions League in 2024?,Real Madrid won the Champions League final in 2024.
28,trophies,2024 Champions League winning team?,Real Madrid won the Champions League final in 2024.
28,trophies,Name the 2024 Champions League winner.,Real Madrid won the Champions League final in 2024.
28,trophies,Which team won the 2024 UEFA Champions League?,Real Madrid won the Champions League final in 2024.
28,trophies,The 2024 Champions League champions were?,Real Madrid won the Champions League final in 2024.
28,trophies,Who claimed the 2024 Champions League title?,Real Madrid won the Champions League final in 2024.
28,trophies,Which club lifted the 2024 Champions League trophy?,Real Madrid won the Champions League final in 2024.
28,trophies,2024 European Cup winner?,Real Madrid won the Champions League final in 2024.
28,trophies,Who won the 2024 European Cup?,Real Madrid won the Champions League final in 2024.
28,trophies,Name the winner of the 2024 Champions League final.,Real Madrid won the Champions League final in 2024.
28,trophies,Which team was the 2024 Champions League champion?,Real Madrid won the Champions League final in 2024.
28,trophies,The winner of the 2024 Champions League was?,Real Madrid won the Champions League final in 2024.
28,trophies,Who were the champions of Europe in 2024?,Real Madrid won the Champions League final in 2024.
28,trophies,Which team won the European Cup in 2024?,Real Madrid won the Champions League final in 2024.
28,trophies,2024 UEFA Champions League winner?,Real Madrid won the Champions League final in 2024.
28,trophies,Who lifted the 2024 Champions League trophy?,Real Madrid won the Champions League final in 2024.
216,records,Who is the most decorated Ballon d'Or winner?,"Lionel Messi has won the most Ballon d'Or awards, with 8."
216,records,Name the footballer with the most Ballon d'Or trophies.,"Lionel Messi has won the most Ballon d'Or awards, with 8."
216,records,Who has won the most Ballon d'Or awards?,"Lionel Messi has won the most Ballon d'Or awards, with 8."
216,records,Which player holds the record for Ballon d'Or wins?,"Lionel Messi has won the most Ballon d'Or awards, with 8."
216,records,Who has the most Ballon d'Or trophies?,"Lionel Messi has won the most Ballon d'Or awards, with 8."
216,records,The most decorated Ballon d'Or winner is?,"Lionel Messi has won the most Ballon d'Or awards, with 8."
216,records,Which player has won the most Ballon d'Ors?,"Lionel Messi has won the most Ballon d'Or awards, with 8."
216,records,Most Ballon d'Or awards won by which player?,"Lionel Messi has won the most Ballon d'Or awards, with 8."
216,records,Who is the most successful player in Ballon d'Or history?,"Lionel Messi has won the most Ballon d'Or awards, with 8."
216,records,Which player has the most Ballon d'Or wins?,"Lionel Messi has won the most Ballon d'Or awards, with 8."
216,records,Name the player with the most Ballon d'Or awards.,"Lionel Messi has won the most Ballon d'Or awards, with 8."
216,records,Who holds the record for most Ballon d'Or titles?,"Lionel Messi has won the most Ballon d'Or awards, with 8."
216,records,The player with the most Ballon d'Or trophies is?,"Lionel Messi has won the most Ballon d'Or awards, with 8."
216,records,Who has the most Ballon d'Or awards?,"Lionel Messi has won the most Ballon d'Or awards, with 8."
216,records,Which player is the most successful in Ballon d'Or history?,"Lionel Messi has won the most Ballon d'Or awards, with 8."
216,records,Most successful player in Ballon d'Or history?,"Lionel Messi has won the most Ballon d'Or awards, with 8."
216,records,Which player has won the most Ballon d'Or championships?,"Lionel Messi has won the most Ballon d'Or awards, with 8."
216,records,Name the player with the most Ballon d'Or wins.,"Lionel Messi has won the most Ballon d'Or awards, with 8."
216,records,Which player is the record Ballon d'Or winner?,"Lionel Messi has won the most Ballon d'Or awards, with 8."
216,records,The player with the most Ballon d'Or wins is?,"Lionel Messi has won the most Ballon d'Or awards, with 8."
44,world_cup,Which nation lifted the World Cup trophy in 1994?,Brazil won the 1994 World Cup.
44,world_cup,Which country were the 1994 World Cup champions?,Brazil won the 1994 World Cup.
44,world_cup,Name the team that won the 1994 World Cup.,Brazil won the 1994 World Cup.
44,world_cup,Who won the FIFA World Cup in 1994?,Brazil won the 1994 World Cup.
44,world_cup,Who were the 1994 World Cup winners?,Brazil won the 1994 World Cup.
44,world_cup,Which team was the 1994 World Cup champion?,Brazil won the 1994 World Cup.
44,world_cup,The winner of the 1994 World Cup was?,Brazil won the 1994 World Cup.
44,world_cup,Which country won the 1994 FIFA World Cup?,Brazil won the 1994 World Cup.
44,world_cup,1994 World Cup winning team?,Brazil won the 1994 World Cup.
44,world_cup,Name the 1994 World Cup winner.,Brazil won the 1994 World Cup.
44,world_cup,Who was the 1994 World Cup champion?,Brazil won the 1994 World Cup.
44,world_cup,Which nation won the 1994 World Cup?,Brazil won the 1994 World Cup.
44,world_cup,Who lifted the 1994 World Cup?,Brazil won the 1994 World Cup.
44,world_cup,The 1994 World Cup was won by which country?,Brazil won the 1994 World Cup.
44,world_cup,Which team won the 1994 FIFA World Cup?,Brazil won the 1994 World Cup.
44,world_cup,1994 FIFA World Cup champion?,Brazil won the 1994 World Cup.
44,world_cup,Name the 1994 FIFA World Cup winning nation.,Brazil won the 1994 World Cup.
44,world_cup,Who won the 1994 World Cup final?,Brazil won the 1994 World Cup.
44,world_cup,Which country was the 1994 World Cup winner?,Brazil won the 1994 World Cup.
44,world_cup,The 1994 World Cup champions were?,Brazil won the 1994 World Cup.
228,records,Which team went unbeaten through an entire Premier League season?,Arsenal's 2003-04 'Invincibles' went a whole Premier League season unbeaten.
228,records,Which club finished the 2003-04 Premier League season without losing?,Arsenal's 2003-04 'Invincibles' went a whole Premier League season unbeaten.
228,records,Who are the Invincibles of English football?,Arsenal's 2003-04 'Invincibles' went a whole Premier League season unbeaten.
228,records,Name the only Premier League team to go a whole season unbeaten.,Arsenal's 2003-04 'Invincibles' went a whole Premier League season unbeaten.
228,records,Which team completed an unbeaten Premier League season?,Arsenal's 2003-04 'Invincibles' went a whole Premier League season unbeaten.
228,records,The team that went unbeaten in the 2003-04 Premier League was?,Arsenal's 2003-04 'Invincibles' went a whole Premier League season unbeaten.
228,records,Which club had an unbeaten Premier League season?,Arsenal's 2003-04 'Invincibles' went a whole Premier League season unbeaten.
228,records,Who went undefeated in a Premier League season?,Arsenal's 2003-04 'Invincibles' went a whole Premier League season unbeaten.
228,records,Which team is known as the Invincibles?,Arsenal's 2003-04 'Invincibles' went a whole Premier League season unbeaten.
228,records,The Premier League team that went a season unbeaten is?,Arsenal's 2003-04 'Invincibles' went a whole Premier League season unbeaten.
228,records,Which team went a whole Premier League season without losing?,Arsenal's 2003-04 'Invincibles' went a whole Premier League season unbeaten.
228,records,Name the team that went unbeaten in the 2003-04 Premier League.,Arsenal's 2003-04 'Invincibles' went a whole Premier League season unbeaten.
228,records,Who were the 'Invincibles' in the Premier League?,Arsenal's 2003-04 'Invincibles' went a whole Premier League season unbeaten.
228,records,Which club went undefeated in the 2003-04 Premier League?,Arsenal's 2003-04 'Invincibles' went a whole Premier League season unbeaten.
228,records,The only team to go unbeaten in a Premier League season is?,Arsenal's 2003-04 'Invincibles' went a whole Premier League season unbeaten.
228,records,Which team had an unbeaten Premier League campaign?,Arsenal's 2003-04 'Invincibles' went a whole Premier League season unbeaten.
228,records,Who are the Premier League Invincibles?,Arsenal's 2003-04 'Invincibles' went a whole Premier League season unbeaten.
228,records,Which team completed a full Premier League season unbeaten?,Arsenal's 2003-04 'Invincibles' went a whole Premier League season unbeaten.
228,records,Name the club that went a whole Premier League season unbeaten.,Arsenal's 2003-04 'Invincibles' went a whole Premier League season unbeaten.
228,records,Which team is the only one to go unbeaten in a Premier League season?,Arsenal's 2003-04 'Invincibles' went a whole Premier League season unbeaten.
188,players,El Pibe de Oro is the nickname of which person?,Diego Maradona is known as El Pibe de Oro.
188,players,Who is known as El Pibe de Oro?,Diego Maradona is known as El Pibe de Oro.
188,players,Who goes by the nickname El Pibe de Oro?,Diego Maradona is known as El Pibe de Oro.
188,players,Which football figure has the nickname El Pibe de Oro?,Diego Maradona is known as El Pibe de Oro.
188,players,Which player is nicknamed El Pibe de Oro?,Diego Maradona is known as El Pibe de Oro.
188,players,The nickname El Pibe de Oro belongs to which footballer?,Diego Maradona is known as El Pibe de Oro.
188,players,Who is the footballer called El Pibe de Oro?,Diego Maradona is known as El Pibe de Oro.
188,players,El Pibe de Oro is the moniker of which player?,Diego Maradona is known as El Pibe de Oro.
188,players,Which footballer is known as El Pibe de Oro?,Diego Maradona is known as El Pibe de Oro.
188,players,Who has the nickname El Pibe de Oro?,Diego Maradona is known as El Pibe de Oro.
188,players,El Pibe de Oro nickname belongs to?,Diego Maradona is known as El Pibe de Oro.
188,players,Which player is referred to as El Pibe de Oro?,Diego Maradona is known as El Pibe de Oro.
188,players,Who is the player with the nickname El Pibe de Oro?,Diego Maradona is known as El Pibe de Oro.
188,players,The footballer known as El Pibe de Oro is?,Diego Maradona is known as El Pibe de Oro.
188,players,Which player's nickname is El Pibe de Oro?,Diego Maradona is known as El Pibe de Oro.
188,players,Who is El Pibe de Oro in football?,Diego Maradona is known as El Pibe de Oro.
188,players,El Pibe de Oro is the alias of which footballer?,Diego Maradona is known as El Pibe de Oro.
188,players,Which football star is called El Pibe de Oro?,Diego Maradona is known as El Pibe de Oro.
188,players,Name the player nicknamed El Pibe de Oro.,Diego Maradona is known as El Pibe de Oro.
188,players,The player with the nickname El Pibe de Oro is?,Diego Maradona is known as El Pibe de Oro.
47,world_cup,Who won the FIFA World Cup in 2006?,Italy won the 2006 World Cup.
47,world_cup,Which country were the 2006 World Cup champions?,Italy won the 2006 World Cup.
47,world_cup,Name the team that won the 2006 World Cup.,Italy won the 2006 World Cup.
47,world_cup,Which nation lifted the World Cup trophy in 2006?,Italy won the 2006 World Cup.
47,world_cup,Who were the 2006 World Cup winners?,Italy won the 2006 World Cup.
47,world_cup,Which team was the 2006 World Cup champion?,Italy won the 2006 World Cup.
47,world_cup,The winner of the 2006 World Cup was?,Italy won the 2006 World Cup.
47,world_cup,Which country won the 2006 FIFA World Cup?,Italy won the 2006 World Cup.
47,world_cup,2006 World Cup winning team?,Italy won the 2006 World Cup.
47,world_cup,Name the 2006 World Cup winner.,Italy won the 2006 World Cup.
47,world_cup,Who was the 2006 World Cup champion?,Italy won the 2006 World Cup.
47,world_cup,Which nation won the 2006 World Cup?,Italy won the 2006 World Cup.
47,world_cup,Who lifted the 2006 World Cup?,Italy won the 2006 World Cup.
47,world_cup,The 2006 World Cup was won by which country?,Italy won the 2006 World Cup.
47,world_cup,Which team won the 2006 FIFA World Cup?,Italy won the 2006 World Cup.
47,world_cup,2006 FIFA World Cup champion?,Italy won the 2006 World Cup.
47,world_cup,Name the 2006 FIFA World Cup winning nation.,Italy won the 2006 World Cup.
47,world_cup,Who won the 2006 World Cup final?,Italy won the 2006 World Cup.
47,world_cup,Which country was the 2006 World Cup winner?,Italy won the 2006 World Cup.
47,world_cup,The 2006 World Cup champions were?,Italy won the 2006 World Cup.
176,players,Which position is Andrea Pirlo best known for?,Andrea Pirlo plays as a deep-lying midfielder playmaker.
176,players,What position does Andrea Pirlo play?,Andrea Pirlo plays as a deep-lying midfielder playmaker.
176,players,Which role did Andrea Pirlo have on the pitch?,Andrea Pirlo plays as a deep-lying midfielder playmaker.
176,players,Andrea Pirlo plays as what type of player?,Andrea Pirlo plays as a deep-lying midfielder playmaker.
176,players,What is Andrea Pirlo's position?,Andrea Pirlo plays as a deep-lying midfielder playmaker.
176,players,Andrea Pirlo's playing position is?,Andrea Pirlo plays as a deep-lying midfielder playmaker.
176,players,Where does Andrea Pirlo play on the pitch?,Andrea Pirlo plays as a deep-lying midfielder playmaker.
176,players,What role does Andrea Pirlo play?,Andrea Pirlo plays as a deep-lying midfielder playmaker.
176,players,Andrea Pirlo is a?,Andrea Pirlo plays as a deep-lying midfielder playmaker.
176,players,What position is Andrea Pirlo known for?,Andrea Pirlo plays as a deep-lying midfielder playmaker.
176,players,Andrea Pirlo's role in the team is?,Andrea Pirlo plays as a deep-lying midfielder playmaker.
176,players,What type of player is Andrea Pirlo?,Andrea Pirlo plays as a deep-lying midfielder playmaker.
176,players,Andrea Pirlo plays in which position?,Andrea Pirlo plays as a deep-lying midfielder playmaker.
176,players,What is the playing position of Andrea Pirlo?,Andrea Pirlo plays as a deep-lying midfielder playmaker.
176,players,Andrea Pirlo is best known for playing as a?,Andrea Pirlo plays as a deep-lying midfielder playmaker.
176,players,What position does Andrea Pirlo occupy?,Andrea Pirlo plays as a deep-lying midfielder playmaker.
176,players,Andrea Pirlo's position on the field is?,Andrea Pirlo plays as a deep-lying midfielder playmaker.
176,players,What is Andrea Pirlo's role?,Andrea Pirlo plays as a deep-lying midfielder playmaker.
176,players,Andrea Pirlo is a player in which position?,Andrea Pirlo plays as a deep-lying midfielder playmaker.
176,players,What position did Andrea Pirlo play?,Andrea Pirlo plays as a deep-lying midfielder playmaker.
77,league,Which club were the 2013-14 Premier League champions?,Manchester City won the Premier League in 2013-14.
77,league,Name the team that won the English league title in 2013-14.,Manchester City won the Premier League in 2013-14.
77,league,Which team topped the Premier League table in 2013-14?,Manchester City won the Premier League in 2013-14.
77,league,Who won the Premier League in the 2013-14 season?,Manchester City won the Premier League in 2013-14.
77,league,Who were the 2013-14 Premier League winners?,Manchester City won the Premier League in 2013-14.
77,league,Which team won the 2013-14 Premier League?,Manchester City won the Premier League in 2013-14.
77,league,The 2013-14 Premier League champions were?,Manchester City won the Premier League in 2013-14.
77,league,Which club won the 2013-14 Premier League title?,Manchester City won the Premier League in 2013-14.
77,league,Who claimed the 2013-14 Premier League title?,Manchester City won the Premier League in 2013-14.
77,league,2013-14 Premier League winning team?,Manchester City won the Premier League in 2013-14.
77,league,Name the 2013-14 Premier League winner.,Manchester City won the Premier League in 2013-14.
77,league,Which team were the 2013-14 English league champions?,Manchester City won the Premier League in 2013-14.
77,league,Who won the English Premier League in 2013-14?,Manchester City won the Premier League in 2013-14.
77,league,The winner of the 2013-14 Premier League was?,Manchester City won the Premier League in 2013-14.
77,league,Which club topped the 2013-14 Premier League?,Manchester City won the Premier League in 2013-14.
77,league,Who were the champions of the 2013-14 Premier League?,Manchester City won the Premier League in 2013-14.
77,league,2013-14 Premier League title winner?,Manchester City won the Premier League in 2013-14.
77,league,Which team won the 2013-14 English Premier League?,Manchester City won the Premier League in 2013-14.
77,league,Who won the 2013-14 Premier League season?,Manchester City won the Premier League in 2013-14.
77,league,Premier League 2013-14 champions?,Manchester City won the Premier League in 2013-14.
95,awards,Name the 2014 Ballon d'Or winner.,Cristiano Ronaldo won the 2014 Ballon d'Or.
95,awards,Who won the Ballon d'Or in 2014?,Cristiano Ronaldo won the 2014 Ballon d'Or.
95,awards,Who took home the Ballon d'Or in 2014?,Cristiano Ronaldo won the 2014 Ballon d'Or.
95,awards,Which player was awarded the 2014 Ballon d'Or?,Cristiano Ronaldo won the 2014 Ballon d'Or.
95,awards,The 2014 Ballon d'Or was won by?,Cristiano Ronaldo won the 2014 Ballon d'Or.
95,awards,Who was the 2014 Ballon d'Or recipient?,Cristiano Ronaldo won the 2014 Ballon d'Or.
95,awards,Which player won the 2014 Ballon d'Or?,Cristiano Ronaldo won the 2014 Ballon d'Or.
95,awards,2014 Ballon d'Or winner?,Cristiano Ronaldo won the 2014 Ballon d'Or.
95,awards,Name the recipient of the 2014 Ballon d'Or.,Cristiano Ronaldo won the 2014 Ballon d'Or.
95,awards,Who was awarded the Ballon d'Or in 2014?,Cristiano Ronaldo won the 2014 Ballon d'Or.
95,awards,The winner of the 2014 Ballon d'Or was?,Cristiano Ronaldo won the 2014 Ballon d'Or.
95,awards,Which footballer won the 2014 Ballon d'Or?,Cristiano Ronaldo won the 2014 Ballon d'Or.
95,awards,2014 Ballon d'Or award winner?,Cristiano Ronaldo won the 2014 Ballon d'Or.
95,awards,Who claimed the 2014 Ballon d'Or?,Cristiano Ronaldo won the 2014 Ballon d'Or.
95,awards,Name the player who won the 2014 Ballon d'Or.,Cristiano Ronaldo won the 2014 Ballon d'Or.
95,awards,Who received the 2014 Ballon d'Or?,Cristiano Ronaldo won the 2014 Ballon d'Or.
95,awards,2014 Ballon d'Or winner is?,Cristiano Ronaldo won the 2014 Ballon d'Or.
95,awards,Which player took the 2014 Ballon d'Or?,Cristiano Ronaldo won the 2014 Ballon d'Or.
95,awards,Who was the winner of the 2014 Ballon d'Or?,Cristiano Ronaldo won the 2014 Ballon d'Or.
95,awards,The 2014 Ballon d'Or recipient was?,Cristiano Ronaldo won the 2014 Ballon d'Or.
51,world_cup,Which country were the 2022 World Cup champions?,Argentina won the 2022 World Cup.
51,world_cup,Name the team that won the 2022 World Cup.,Argentina won the 2022 World Cup.
51,world_cup,Who won the FIFA World Cup in 2022?,Argentina won the 2022 World Cup.
51,world_cup,Which nation lifted the World Cup trophy in 2022?,Argentina won the 2022 World Cup.
51,world_cup,Who were the 2022 World Cup winners?,Argentina won the 2022 World Cup.
51,world_cup,Which team was the 2022 World Cup champion?,Argentina won the 2022 World Cup.
51,world_cup,The winner of the 2022 World Cup was?,Argentina won the 2022 World Cup.
51,world_cup,Which country won the 2022 FIFA World Cup?,Argentina won the 2022 World Cup.
51,world_cup,2022 World Cup winning team?,Argentina won the 2022 World Cup.
51,world_cup,Name the 2022 World Cup winner.,Argentina won the 2022 World Cup.
51,world_cup,Who was the 2022 World Cup champion?,Argentina won the 2022 World Cup.
51,world_cup,Which nation won the 2022 World Cup?,Argentina won the 2022 World Cup.
51,world_cup,Who lifted the 2022 World Cup?,Argentina won the 2022 World Cup.
51,world_cup,The 2022 World Cup was won by which country?,Argentina won the 2022 World Cup.
51,world_cup,Which team won the 2022 FIFA World Cup?,Argentina won the 2022 World Cup.
51,world_cup,2022 FIFA World Cup champion?,Argentina won the 2022 World Cup.
51,world_cup,Name the 2022 FIFA World Cup winning nation.,Argentina won the 2022 World Cup.
51,world_cup,Who won the 2022 World Cup final?,Argentina won the 2022 World Cup.
51,world_cup,Which country was the 2022 World Cup winner?,Argentina won the 2022 World Cup.
51,world_cup,The 2022 World Cup champions were?,Argentina won the 2022 World Cup.
224,records,Name the 2022 World Cup top goalscorer.,Kylian Mbappe won the 2022 World Cup Golden Boot with 8 goals.
224,records,Who was the top scorer of the 2022 World Cup in Qatar?,Kylian Mbappe won the 2022 World Cup Golden Boot with 8 goals.
224,records,Which player scored the most goals in Qatar 2022?,Kylian Mbappe won the 2022 World Cup Golden Boot with 8 goals.
224,records,Who won the Golden Boot at the 2022 World Cup?,Kylian Mbappe won the 2022 World Cup Golden Boot with 8 goals.
224,records,Who was the leading goalscorer at the 2022 World Cup?,Kylian Mbappe won the 2022 World Cup Golden Boot with 8 goals.
224,records,Top scorer of the 2022 FIFA World Cup?,Kylian Mbappe won the 2022 World Cup Golden Boot with 8 goals.
224,records,Who scored the most goals at the 2022 World Cup?,Kylian Mbappe won the 2022 World Cup Golden Boot with 8 goals.
224,records,The top goalscorer of the 2022 World Cup was?,Kylian Mbappe won the 2022 World Cup Golden Boot with 8 goals.
224,records,Who was the 2022 World Cup Golden Boot winner?,Kylian Mbappe won the 2022 World Cup Golden Boot with 8 goals.
224,records,Which player was the top scorer in the 2022 World Cup?,Kylian Mbappe won the 2022 World Cup Golden Boot with 8 goals.
224,records,2022 World Cup top scorer?,Kylian Mbappe won the 2022 World Cup Golden Boot with 8 goals.
224,records,Who won the Golden Boot in Qatar 2022?,Kylian Mbappe won the 2022 World Cup Golden Boot with 8 goals.
224,records,Name the top scorer of the 2022 FIFA World Cup.,Kylian Mbappe won the 2022 World Cup Golden Boot with 8 goals.
224,records,Who was the highest scorer at the 2022 World Cup?,Kylian Mbappe won the 2022 World Cup Golden Boot with 8 goals.
224,records,Which footballer was the top scorer of the 2022 World Cup?,Kylian Mbappe won the 2022 World Cup Golden Boot with 8 goals.
224,records,Who claimed the 2022 World Cup Golden Boot?,Kylian Mbappe won the 2022 World Cup Golden Boot with 8 goals.
224,records,2022 World Cup Golden Boot winner?,Kylian Mbappe won the 2022 World Cup Golden Boot with 8 goals.
224,records,Who was the top goalscorer in Qatar 2022?,Kylian Mbappe won the 2022 World Cup Golden Boot with 8 goals.
224,records,The 2022 World Cup top scorer was?,Kylian Mbappe won the 2022 World Cup Golden Boot with 8 goals.
224,records,Name the player with the most goals at the 2022 World Cup.,Kylian Mbappe won the 2022 World Cup Golden Boot with 8 goals.
23,trophies,Which club won the Champions League in 2019?,Liverpool won the Champions League final in 2019.
23,trophies,Who were the 2019 Champions League winners?,Liverpool won the Champions League final in 2019.
23,trophies,Name the team that lifted the UEFA Champions League in 2019.,Liverpool won the Champions League final in 2019.
23,trophies,Which team became European champions in 2019?,Liverpool won the Champions League final in 2019.
23,trophies,Who won the Champions League in 2019?,Liverpool won the Champions League final in 2019.
23,trophies,2019 Champions League winning team?,Liverpool won the Champions League final in 2019.
23,trophies,Name the 2019 Champions League winner.,Liverpool won the Champions League final in 2019.
23,trophies,Which team won the 2019 UEFA Champions League?,Liverpool won the Champions League final in 2019.
23,trophies,The 2019 Champions League champions were?,Liverpool won the Champions League final in 2019.
23,trophies,Who claimed the 2019 Champions League title?,Liverpool won the Champions League final in 2019.
23,trophies,Which club lifted the 2019 Champions League trophy?,Liverpool won the Champions League final in 2019.
23,trophies,2019 European Cup winner?,Liverpool won the Champions League final in 2019.
23,trophies,Who won the 2019 European Cup?,Liverpool won the Champions League final in 2019.
23,trophies,Name the winner of the 2019 Champions League final.,Liverpool won the Champions League final in 2019.
23,trophies,Which team was the 2019 Champions League champion?,Liverpool won the Champions League final in 2019.
23,trophies,The winner of the 2019 Champions League was?,Liverpool won the Champions League final in 2019.
23,trophies,Who were the champions of Europe in 2019?,Liverpool won the Champions League final in 2019.
23,trophies,Which team won the European Cup in 2019?,Liverpool won the Champions League final in 2019.
23,trophies,2019 UEFA Champions League winner?,Liverpool won the Champions League final in 2019.
23,trophies,Who lifted the 2019 Champions League trophy?,Liverpool won the Champions League final in 2019.
155,players,For which country did Harry Kane play international football?,Harry Kane is from England.
155,players,Which country does Harry Kane come from?,Harry Kane is from England.
155,players,What is the nationality of Harry Kane?,Harry Kane is from England.
155,players,Harry Kane is from which country?,Harry Kane is from England.
155,players,Which nation does Harry Kane represent?,Harry Kane is from England.
155,players,What country is Harry Kane from?,Harry Kane is from England.
155,players,Harry Kane's nationality is?,Harry Kane is from England.
155,players,Where is Harry Kane from?,Harry Kane is from England.
155,players,Which country is Harry Kane a citizen of?,Harry Kane is from England.
155,players,Harry Kane plays for which country?,Harry Kane is from England.
155,players,What is Harry Kane's country of origin?,Harry Kane is from England.
155,players,Which country does Harry Kane play for?,Harry Kane is from England.
155,players,Harry Kane represents which nation?,Harry Kane is from England.
155,players,What nationality is Harry Kane?,Harry Kane is from England.
155,players,Which country is Harry Kane from?,Harry Kane is from England.
155,players,Harry Kane's country is?,Harry Kane is from England.
155,players,Where does Harry Kane come from?,Harry Kane is from England.
155,players,What nation is Harry Kane from?,Harry Kane is from England.
155,players,Which country is Harry Kane associated with?,Harry Kane is from England.
155,players,Harry Kane is a player from which country?,Harry Kane is from England.
210,managers,Who was the manager when Manchester City won the treble in 2023?,Pep Guardiola was the manager when that happened.
210,managers,Which coach led the team when Manchester City won the treble in 2023?,Pep Guardiola was the manager when that happened.
210,managers,Name the manager in charge when Manchester City won the treble in 2023.,Pep Guardiola was the manager when that happened.
210,managers,Who was the head coach when Manchester City won the treble in 2023?,Pep Guardiola was the manager when that happened.
210,managers,Which manager guided Manchester City to the treble in 2023?,Pep Guardiola was the manager when that happened.
210,managers,Who managed Manchester City during their 2023 treble win?,Pep Guardiola was the manager when that happened.
210,managers,Manchester City's 2023 treble winning manager was?,Pep Guardiola was the manager when that happened.
210,managers,Who was Manchester City's manager for their 2023 treble?,Pep Guardiola was the manager when that happened.
210,managers,The coach who led Manchester City to the 2023 treble was?,Pep Guardiola was the manager when that happened.
210,managers,Name the Manchester City manager for the 2023 treble victory.,Pep Guardiola was the manager when that happened.
210,managers,Who was in charge of Manchester City when they won the 2023 treble?,Pep Guardiola was the manager when that happened.
210,managers,Which coach was at Manchester City for their 2023 treble win?,Pep Guardiola was the manager when that happened.
210,managers,Manager of Manchester City's 2023 treble winning team?,Pep Guardiola was the manager when that happened.
210,managers,Who was the Manchester City coach in their 2023 treble triumph?,Pep Guardiola was the manager when that happened.
210,managers,Manchester City won the treble in 2023 under which manager?,Pep Guardiola was the manager when that happened.
210,managers,Which manager was in charge for Manchester City's 2023 treble title?,Pep Guardiola was the manager when that happened.
210,managers,Name the coach of Manchester City's 2023 treble champions.,Pep Guardiola was the manager when that happened.
210,managers,Who was the manager of Manchester City in 2023?,Pep Guardiola was the manager when that happened.
210,managers,Who was Manchester City's coach when they won the treble in 2023?,Pep Guardiola was the manager when that happened.
210,managers,The manager of Manchester City's 2022-23 treble win was?,Pep Guardiola was the manager when that happened.
63,world_cup,Name the host nation of the 2014 World Cup.,The 2014 World Cup was hosted by Brazil.
63,world_cup,Which country hosted the World Cup in 2014?,The 2014 World Cup was hosted by Brazil.
63,world_cup,Who were the hosts of the 2014 World Cup?,The 2014 World Cup was hosted by Brazil.
63,world_cup,Where was the 2014 FIFA World Cup held?,The 2014 World Cup was hosted by Brazil.
63,world_cup,Which nation was the host of the 2014 World Cup?,The 2014 World Cup was hosted by Brazil.
63,world_cup,Tell me the host country of the 2014 World Cup.,The 2014 World Cup was hosted by Brazil.
63,world_cup,What country hosted the 2014 World Cup?,The 2014 World Cup was hosted by Brazil.
63,world_cup,The 2014 World Cup was held in which country?,The 2014 World Cup was hosted by Brazil.
63,world_cup,Which country was the host for the 2014 World Cup?,The 2014 World Cup was hosted by Brazil.
63,world_cup,Host nation of the 2014 FIFA World Cup?,The 2014 World Cup was hosted by Brazil.
63,world_cup,Can you name the host of the 2014 World Cup?,The 2014 World Cup was hosted by Brazil.
63,world_cup,The host nation for the 2014 World Cup was?,The 2014 World Cup was hosted by Brazil.
63,world_cup,Which nation hosted the 2014 FIFA World Cup?,The 2014 World Cup was hosted by Brazil.
63,world_cup,2014 World Cup host country?,The 2014 World Cup was hosted by Brazil.
63,world_cup,Name the country that hosted the 2014 World Cup.,The 2014 World Cup was hosted by Brazil.
63,world_cup,Who was the host of the 2014 World Cup?,The 2014 World Cup was hosted by Brazil.
63,world_cup,Which country held the 2014 World Cup?,The 2014 World Cup was hosted by Brazil.
63,world_cup,The 2014 World Cup host was which nation?,The 2014 World Cup was hosted by Brazil.
63,world_cup,Name the 2014 World Cup host.,The 2014 World Cup was hosted by Brazil.
63,world_cup,Which country was the 2014 World Cup host?,The 2014 World Cup was hosted by Brazil.
266,rules,When is handball a foul?,"Handball is when a player deliberately touches the ball with their hand or arm, or makes their body unnaturally bigger with the arm."
266,rules,What counts as a handball offence?,"Handball is when a player deliberately touches the ball with their hand or arm, or makes their body unnaturally bigger with the arm."
266,rules,What is handball in football?,"Handball is when a player deliberately touches the ball with their hand or arm, or makes their body unnaturally bigger with the arm."
266,rules,When does a referee give a handball?,"Handball is when a player deliberately touches the ball with their hand or arm, or makes their body unnaturally bigger with the arm."
266,rules,What is considered a handball?,"Handball is when a player deliberately touches the ball with their hand or arm, or makes their body unnaturally bigger with the arm."
266,rules,What is the rule for handball?,"Handball is when a player deliberately touches the ball with their hand or arm, or makes their body unnaturally bigger with the arm."
266,rules,How is a handball committed?,"Handball is when a player deliberately touches the ball with their hand or arm, or makes their body unnaturally bigger with the arm."
266,rules,What constitutes a handball offence?,"Handball is when a player deliberately touches the ball with their hand or arm, or makes their body unnaturally bigger with the arm."
266,rules,When is a handball given?,"Handball is when a player deliberately touches the ball with their hand or arm, or makes their body unnaturally bigger with the arm."
266,rules,What is the definition of handball?,"Handball is when a player deliberately touches the ball with their hand or arm, or makes their body unnaturally bigger with the arm."
266,rules,When is a handball called?,"Handball is when a player deliberately touches the ball with their hand or arm, or makes their body unnaturally bigger with the arm."
266,rules,What is a handball in football?,"Handball is when a player deliberately touches the ball with their hand or arm, or makes their body unnaturally bigger with the arm."
266,rules,How is handball defined in football?,"Handball is when a player deliberately touches the ball with their hand or arm, or makes their body unnaturally bigger with the arm."
266,rules,What actions are considered handball?,"Handball is when a player deliberately touches the ball with their hand or arm, or makes their body unnaturally bigger with the arm."
266,rules,When does handball occur?,"Handball is when a player deliberately touches the ball with their hand or arm, or makes their body unnaturally bigger with the arm."
266,rules,What is the handball rule?,"Handball is when a player deliberately touches the ball with their hand or arm, or makes their body unnaturally bigger with the arm."
266,rules,What is an example of a handball?,"Handball is when a player deliberately touches the ball with their hand or arm, or makes their body unnaturally bigger with the arm."
266,rules,What is meant by handball?,"Handball is when a player deliberately touches the ball with their hand or arm, or makes their body unnaturally bigger with the arm."
266,rules,When is handball penalized?,"Handball is when a player deliberately touches the ball with their hand or arm, or makes their body unnaturally bigger with the arm."
266,rules,What is a handball violation?,"Handball is when a player deliberately touches the ball with their hand or arm, or makes their body unnaturally bigger with the arm."
205,managers,Which coach led the team when Brazil won the 2002 World Cup?,Luiz Felipe Scolari was the manager when that happened.
205,managers,Who was the manager when Brazil won the 2002 World Cup?,Luiz Felipe Scolari was the manager when that happened.
205,managers,Name the manager in charge when Brazil won the 2002 World Cup.,Luiz Felipe Scolari was the manager when that happened.
205,managers,Who was the head coach when Brazil won the 2002 World Cup?,Luiz Felipe Scolari was the manager when that happened.
205,managers,Which manager guided Brazil to the 2002 World Cup?,Luiz Felipe Scolari was the manager when that happened.
205,managers,Who managed Brazil during their 2002 World Cup win?,Luiz Felipe Scolari was the manager when that happened.
205,managers,Brazil's 2002 World Cup winning manager was?,Luiz Felipe Scolari was the manager when that happened.
205,managers,Who was Brazil's manager for their 2002 World Cup title?,Luiz Felipe Scolari was the manager when that happened.
205,managers,The coach who led Brazil to the 2002 World Cup was?,Luiz Felipe Scolari was the manager when that happened.
205,managers,Name the Brazil manager for the 2002 World Cup victory.,Luiz Felipe Scolari was the manager when that happened.
205,managers,Who was in charge of Brazil when they won the 2002 World Cup?,Luiz Felipe Scolari was the manager when that happened.
205,managers,Which coach was at Brazil for their 2002 World Cup win?,Luiz Felipe Scolari was the manager when that happened.
205,managers,Manager of Brazil's 2002 World Cup winning team?,Luiz Felipe Scolari was the manager when that happened.
205,managers,Who was the Brazil coach in their 2002 World Cup triumph?,Luiz Felipe Scolari was the manager when that happened.
205,managers,Brazil won the 2002 World Cup under which manager?,Luiz Felipe Scolari was the manager when that happened.
205,managers,Which manager was in charge for Brazil's 2002 World Cup title?,Luiz Felipe Scolari was the manager when that happened.
205,managers,Name the coach of Brazil's 2002 World Cup champions.,Luiz Felipe Scolari was the manager when that happened.
205,managers,Who was the manager of Brazil in 2002?,Luiz Felipe Scolari was the manager when that happened.
205,managers,Who was Brazil's coach when they won the World Cup in 2002?,Luiz Felipe Scolari was the manager when that happened.
205,managers,The manager of Brazil's 2002 World Cup win was?,Luiz Felipe Scolari was the manager when that happened.
17,trophies,Who were the 2013 Champions League winners?,Bayern Munich won the Champions League final in 2013.
17,trophies,Name the team that lifted the UEFA Champions League in 2013.,Bayern Munich won the Champions League final in 2013.
17,trophies,Which team became European champions in 2013?,Bayern Munich won the Champions League final in 2013.
17,trophies,Which club won the Champions League in 2013?,Bayern Munich won the Champions League final in 2013.
17,trophies,Who won the Champions League in 2013?,Bayern Munich won the Champions League final in 2013.
17,trophies,2013 Champions League winning team?,Bayern Munich won the Champions League final in 2013.
17,trophies,Name the 2013 Champions League winner.,Bayern Munich won the Champions League final in 2013.
17,trophies,Which team won the 2013 UEFA Champions League?,Bayern Munich won the Champions League final in 2013.
17,trophies,The 2013 Champions League champions were?,Bayern Munich won the Champions League final in 2013.
17,trophies,Who claimed the 2013 Champions League title?,Bayern Munich won the Champions League final in 2013.
17,trophies,Which club lifted the 2013 Champions League trophy?,Bayern Munich won the Champions League final in 2013.
17,trophies,2013 European Cup winner?,Bayern Munich won the Champions League final in 2013.
17,trophies,Who won the 2013 European Cup?,Bayern Munich won the Champions League final in 2013.
17,trophies,Name the winner of the 2013 Champions League final.,Bayern Munich won the Champions League final in 2013.
17,trophies,Which team was the 2013 Champions League champion?,Bayern Munich won the Champions League final in 2013.
17,trophies,The winner of the 2013 Champions League was?,Bayern Munich won the Champions League final in 2013.
17,trophies,Who were the champions of Europe in 2013?,Bayern Munich won the Champions League final in 2013.
17,trophies,Which team won the European Cup in 2013?,Bayern Munich won the Champions League final in 2013.
17,trophies,2013 UEFA Champions League winner?,Bayern Munich won the Champions League final in 2013.
17,trophies,Who lifted the 2013 Champions League trophy?,Bayern Munich won the Champions League final in 2013.
158,players,For which country did Jude Bellingham play international football?,Jude Bellingham is from England.
158,players,Which country does Jude Bellingham come from?,Jude Bellingham is from England.
158,players,What is the nationality of Jude Bellingham?,Jude Bellingham is from England.
158,players,Jude Bellingham is from which country?,Jude Bellingham is from England.
158,players,Which nation does Jude Bellingham represent?,Jude Bellingham is from England.
158,players,What country is Jude Bellingham from?,Jude Bellingham is from England.
158,players,Jude Bellingham's nationality is?,Jude Bellingham is from England.
158,players,Where is Jude Bellingham from?,Jude Bellingham is from England.
158,players,Which country is Jude Bellingham a citizen of?,Jude Bellingham is from England.
158,players,Jude Bellingham plays for which country?,Jude Bellingham is from England.
158,players,What is Jude Bellingham's country of origin?,Jude Bellingham is from England.
158,players,Which country does Jude Bellingham play for?,Jude Bellingham is from England.
158,players,Jude Bellingham represents which nation?,Jude Bellingham is from England.
158,players,What nationality is Jude Bellingham?,Jude Bellingham is from England.
158,players,Which country is Jude Bellingham from?,Jude Bellingham is from England.
158,players,Jude Bellingham's country is?,Jude Bellingham is from England.
158,players,Where does Jude Bellingham come from?,Jude Bellingham is from England.
158,players,What nation is Jude Bellingham from?,Jude Bellingham is from England.
158,players,Which country is Jude Bellingham associated with?,Jude Bellingham is from England.
158,players,Jude Bellingham is a player from which country?,Jude Bellingham is from England.
180,players,What position does Robert Lewandowski play?,Robert Lewandowski plays as a striker.
180,players,Which position is Robert Lewandowski best known for?,Robert Lewandowski plays as a striker.
180,players,Which role did Robert Lewandowski have on the pitch?,Robert Lewandowski plays as a striker.
180,players,Robert Lewandowski plays as what type of player?,Robert Lewandowski plays as a striker.
180,players,What is Robert Lewandowski's position?,Robert Lewandowski plays as a striker.
180,players,Robert Lewandowski's playing position is?,Robert Lewandowski plays as a striker.
180,players,Where does Robert Lewandowski play on the pitch?,Robert Lewandowski plays as a striker.
180,players,What role does Robert Lewandowski play?,Robert Lewandowski plays as a striker.
180,players,Robert Lewandowski is a?,Robert Lewandowski plays as a striker.
180,players,What position is Robert Lewandowski known for?,Robert Lewandowski plays as a striker.
180,players,Robert Lewandowski's role in the team is?,Robert Lewandowski plays as a striker.
180,players,What type of player is Robert Lewandowski?,Robert Lewandowski plays as a striker.
180,players,Robert Lewandowski plays in which position?,Robert Lewandowski plays as a striker.
180,players,What is the playing position of Robert Lewandowski?,Robert Lewandowski plays as a striker.
180,players,Robert Lewandowski is best known for playing as a?,Robert Lewandowski plays as a striker.
180,players,What position does Robert Lewandowski occupy?,Robert Lewandowski plays as a striker.
180,players,Robert Lewandowski's position on the field is?,Robert Lewandowski plays as a striker.
180,players,What is Robert Lewandowski's role?,Robert Lewandowski plays as a striker.
180,players,Robert Lewandowski is a player in which position?,Robert Lewandowski plays as a striker.
180,players,What position did Robert Lewandowski play?,Robert Lewandowski plays as a striker.
78,league,Which club were the 2014-15 Premier League champions?,Chelsea won the Premier League in 2014-15.
78,league,Name the team that won the English league title in 2014-15.,Chelsea won the Premier League in 2014-15.
78,league,Which team topped the Premier League table in 2014-15?,Chelsea won the Premier League in 2014-15.
78,league,Who won the Premier League in the 2014-15 season?,Chelsea won the Premier League in 2014-15.
78,league,Who were the 2014-15 Premier League winners?,Chelsea won the Premier League in 2014-15.
78,league,Which team won the 2014-15 Premier League?,Chelsea won the Premier League in 2014-15.
78,league,The 2014-15 Premier League champions were?,Chelsea won the Premier League in 2014-15.
78,league,Which club won the 2014-15 Premier League title?,Chelsea won the Premier League in 2014-15.
78,league,Who claimed the 2014-15 Premier League title?,Chelsea won the Premier League in 2014-15.
78,league,2014-15 Premier League winning team?,Chelsea won the Premier League in 2014-15.
78,league,Name the 2014-15 Premier League winner.,Chelsea won the Premier League in 2014-15.
78,league,Which team were the 2014-15 English league champions?,Chelsea won the Premier League in 2014-15.
78,league,Who won the English Premier League in 2014-15?,Chelsea won the Premier League in 2014-15.
78,league,The winner of the 2014-15 Premier League was?,Chelsea won the Premier League in 2014-15.
78,league,Which club topped the 2014-15 Premier League?,Chelsea won the Premier League in 2014-15.
78,league,Who were the champions of the 2014-15 Premier League?,Chelsea won the Premier League in 2014-15.
78,league,2014-15 Premier League title winner?,Chelsea won the Premier League in 2014-15.
78,league,Which team won the 2014-15 English Premier League?,Chelsea won the Premier League in 2014-15.
78,league,Who won the 2014-15 Premier League season?,Chelsea won the Premier League in 2014-15.
78,league,Premier League 2014-15 champions?,Chelsea won the Premier League in 2014-15.
244,rules,What is the smallest number of players allowed on the pitch for a team?,A team needs at least 7 players to continue; with fewer the match is abandoned.
244,rules,What is the minimum number of players a team needs to continue a match?,A team needs at least 7 players to continue; with fewer the match is abandoned.
244,rules,What happens if a team has fewer than seven players?,A team needs at least 7 players to continue; with fewer the match is abandoned.
244,rules,How many players must a team have to keep playing?,A team needs at least 7 players to continue; with fewer the match is abandoned.
244,rules,What is the minimum number of players required for a team to continue playing?,A team needs at least 7 players to continue; with fewer the match is abandoned.
244,rules,If a team has fewer than 7 players what happens?,A team needs at least 7 players to continue; with fewer the match is abandoned.
244,rules,What is the minimum player count for a team to avoid abandonment?,A team needs at least 7 players to continue; with fewer the match is abandoned.
244,rules,How many players does a team need to not forfeit the match?,A team needs at least 7 players to continue; with fewer the match is abandoned.
244,rules,The minimum number of players a team can have to continue is?,A team needs at least 7 players to continue; with fewer the match is abandoned.
244,rules,What is the fewest number of players a team can have and still play?,A team needs at least 7 players to continue; with fewer the match is abandoned.
244,rules,If a team drops below 7 players what is the result?,A team needs at least 7 players to continue; with fewer the match is abandoned.
244,rules,What is the rule for the minimum number of players in a team?,A team needs at least 7 players to continue; with fewer the match is abandoned.
244,rules,How many players are required for a match to continue?,A team needs at least 7 players to continue; with fewer the match is abandoned.
244,rules,What is the player threshold for a team to continue a match?,A team needs at least 7 players to continue; with fewer the match is abandoned.
244,rules,What happens when a team has less than 7 players?,A team needs at least 7 players to continue; with fewer the match is abandoned.
244,rules,A team must have at least how many players to continue?,A team needs at least 7 players to continue; with fewer the match is abandoned.
244,rules,What is the minimum number of players for a team to keep playing?,A team needs at least 7 players to continue; with fewer the match is abandoned.
244,rules,How many players are needed for a team to continue a game?,A team needs at least 7 players to continue; with fewer the match is abandoned.
244,rules,What is the minimum players a team needs on the field?,A team needs at least 7 players to continue; with fewer the match is abandoned.
244,rules,What happens if a team cannot field 7 players?,A team needs at least 7 players to continue; with fewer the match is abandoned.
271,rules,What is the transfer window?,The transfer window is the period during which clubs are allowed to register new players.
271,rules,What does transfer window mean in football?,The transfer window is the period during which clubs are allowed to register new players.
271,rules,How does the football transfer window work?,The transfer window is the period during which clubs are allowed to register new players.
271,rules,When can clubs sign new players?,The transfer window is the period during which clubs are allowed to register new players.
271,rules,What is a transfer window in football?,The transfer window is the period during which clubs are allowed to register new players.
271,rules,Explain the transfer window.,The transfer window is the period during which clubs are allowed to register new players.
271,rules,What is the purpose of the transfer window?,The transfer window is the period during which clubs are allowed to register new players.
271,rules,When is the transfer window open?,The transfer window is the period during which clubs are allowed to register new players.
271,rules,What is the definition of a transfer window?,The transfer window is the period during which clubs are allowed to register new players.
271,rules,How are transfers registered?,The transfer window is the period during which clubs are allowed to register new players.
271,rules,What is the transfer window in football?,The transfer window is the period during which clubs are allowed to register new players.
271,rules,When are clubs allowed to sign players?,The transfer window is the period during which clubs are allowed to register new players.
271,rules,What is the meaning of transfer window?,The transfer window is the period during which clubs are allowed to register new players.
271,rules,How does the transfer window operate?,The transfer window is the period during which clubs are allowed to register new players.
271,rules,What is the role of the transfer window?,The transfer window is the period during which clubs are allowed to register new players.
271,rules,When does the transfer window occur?,The transfer window is the period during which clubs are allowed to register new players.
271,rules,What is a transfer window period?,The transfer window is the period during which clubs are allowed to register new players.
271,rules,How do clubs register new players?,The transfer window is the period during which clubs are allowed to register new players.
271,rules,What is the transfer window rule?,The transfer window is the period during which clubs are allowed to register new players.
271,rules,When can football clubs sign new players?,The transfer window is the period during which clubs are allowed to register new players.
200,managers,Which coach led the team when Argentina won the 2022 World Cup?,Lionel Scaloni was the manager when that happened.
200,managers,Who was the manager when Argentina won the 2022 World Cup?,Lionel Scaloni was the manager when that happened.
200,managers,Name the manager in charge when Argentina won the 2022 World Cup.,Lionel Scaloni was the manager when that happened.
200,managers,Who was the head coach when Argentina won the 2022 World Cup?,Lionel Scaloni was the manager when that happened.
200,managers,Which manager guided Argentina to the 2022 World Cup?,Lionel Scaloni was the manager when that happened.
200,managers,Who managed Argentina during their 2022 World Cup win?,Lionel Scaloni was the manager when that happened.
200,managers,Argentina's 2022 World Cup winning manager was?,Lionel Scaloni was the manager when that happened.
200,managers,Who was Argentina's manager for their 2022 World Cup title?,Lionel Scaloni was the manager when that happened.
200,managers,The coach who led Argentina to the 2022 World Cup was?,Lionel Scaloni was the manager when that happened.
200,managers,Name the Argentina manager for the 2022 World Cup victory.,Lionel Scaloni was the manager when that happened.
200,managers,Who was in charge of Argentina when they won the 2022 World Cup?,Lionel Scaloni was the manager when that happened.
200,managers,Which coach was at Argentina for their 2022 World Cup win?,Lionel Scaloni was the manager when that happened.
200,managers,Manager of Argentina's 2022 World Cup winning team?,Lionel Scaloni was the manager when that happened.
200,managers,Who was the Argentina coach in their 2022 World Cup triumph?,Lionel Scaloni was the manager when that happened.
200,managers,Argentina won the 2022 World Cup under which manager?,Lionel Scaloni was the manager when that happened.
200,managers,Which manager was in charge for Argentina's 2022 World Cup title?,Lionel Scaloni was the manager when that happened.
200,managers,Name the coach of Argentina's 2022 World Cup champions.,Lionel Scaloni was the manager when that happened.
200,managers,Who was the manager of Argentina in 2022?,Lionel Scaloni was the manager when that happened.
200,managers,Who was Argentina's coach when they won the World Cup in 2022?,Lionel Scaloni was the manager when that happened.
200,managers,The manager of Argentina's 2022 World Cup win was?,Lionel Scaloni was the manager when that happened.
1,trophies,How many times did AC Milan win the UEFA Champions League?,AC Milan have won the European Cup / Champions League 7 time(s).
1,trophies,How many Champions League titles has AC Milan won?,AC Milan have won the European Cup / Champions League 7 time(s).
1,trophies,Tell me how many Champions League trophies AC Milan have lifted.,AC Milan have won the European Cup / Champions League 7 time(s).
1,trophies,What is the number of European Cup trophies won by AC Milan?,AC Milan have won the European Cup / Champions League 7 time(s).
1,trophies,What is AC Milan's Champions League title count?,AC Milan have won the European Cup / Champions League 7 time(s).
1,trophies,Number of Champions League titles won by AC Milan?,AC Milan have won the European Cup / Champions League 7 time(s).
1,trophies,AC Milan has won how many Champions League titles?,AC Milan have won the European Cup / Champions League 7 time(s).
1,trophies,How many Champions League trophies does AC Milan have?,AC Milan have won the European Cup / Champions League 7 time(s).
1,trophies,AC Milan's Champions League wins count?,AC Milan have won the European Cup / Champions League 7 time(s).
1,trophies,The number of Champions League titles for AC Milan is?,AC Milan have won the European Cup / Champions League 7 time(s).
1,trophies,How many European Cup / Champions League titles has AC Milan won?,AC Milan have won the European Cup / Champions League 7 time(s).
1,trophies,What is the total Champions League count for AC Milan?,AC Milan have won the European Cup / Champions League 7 time(s).
1,trophies,How many Champions League awards did AC Milan win?,AC Milan have won the European Cup / Champions League 7 time(s).
1,trophies,AC Milan Champions League total?,AC Milan have won the European Cup / Champions League 7 time(s).
1,trophies,Count of AC Milan's Champions League titles?,AC Milan have won the European Cup / Champions League 7 time(s).
1,trophies,How many Champions League trophies has AC Milan won?,AC Milan have won the European Cup / Champions League 7 time(s).
1,trophies,AC Milan has won the Champions League how many times?,AC Milan have won the European Cup / Champions League 7 time(s).
1,trophies,Number of Champions League trophies for AC Milan?,AC Milan have won the European Cup / Champions League 7 time(s).
1,trophies,What is the number of Champions League titles AC Milan has?,AC Milan have won the European Cup / Champions League 7 time(s).
1,trophies,How many times has AC Milan won the Champions League?,AC Milan have won the European Cup / Champions League 7 time(s).
139,clubs,West Ham United is commonly referred to as what?,West Ham United are nicknamed The Hammers.
139,clubs,What do fans call West Ham United?,West Ham United are nicknamed The Hammers.
139,clubs,What nickname are West Ham United known by?,West Ham United are nicknamed The Hammers.
139,clubs,What is West Ham United's nickname?,West Ham United are nicknamed The Hammers.
139,clubs,What is the nickname of West Ham United?,West Ham United are nicknamed The Hammers.
139,clubs,What are West Ham United nicknamed?,West Ham United are nicknamed The Hammers.
139,clubs,West Ham United's nickname is?,West Ham United are nicknamed The Hammers.
139,clubs,What is West Ham United commonly called?,West Ham United are nicknamed The Hammers.
139,clubs,The nickname of West Ham United is?,West Ham United are nicknamed The Hammers.
139,clubs,What moniker is used for West Ham United?,West Ham United are nicknamed The Hammers.
139,clubs,What are West Ham United also known as?,West Ham United are nicknamed The Hammers.
139,clubs,West Ham United are known as?,West Ham United are nicknamed The Hammers.
139,clubs,What is the alias of West Ham United?,West Ham United are nicknamed The Hammers.
139,clubs,What do people call West Ham United?,West Ham United are nicknamed The Hammers.
139,clubs,The nickname for West Ham United is?,West Ham United are nicknamed The Hammers.
139,clubs,What is West Ham United's moniker?,West Ham United are nicknamed The Hammers.
139,clubs,By what nickname is West Ham United known?,West Ham United are nicknamed The Hammers.
139,clubs,What is the common name for West Ham United?,West Ham United are nicknamed The Hammers.
139,clubs,What are West Ham United popularly called?,West Ham United are nicknamed The Hammers.
139,clubs,West Ham United's alias is?,West Ham United are nicknamed The Hammers.
110,awards,Tell me the number of Ballon d'Or trophies Marco van Basten has.,Marco van Basten has won the Ballon d'Or 3 time(s).
110,awards,How many Ballon d'Or awards has Marco van Basten won?,Marco van Basten has won the Ballon d'Or 3 time(s).
110,awards,How many times did Marco van Basten win the Ballon d'Or?,Marco van Basten has won the Ballon d'Or 3 time(s).
110,awards,What is the Ballon d'Or count of Marco van Basten?,Marco van Basten has won the Ballon d'Or 3 time(s).
110,awards,What is Marco van Basten's Ballon d'Or tally?,Marco van Basten has won the Ballon d'Or 3 time(s).
110,awards,Number of Ballon d'Or awards won by Marco van Basten?,Marco van Basten has won the Ballon d'Or 3 time(s).
110,awards,Marco van Basten has won how many Ballon d'Or awards?,Marco van Basten has won the Ballon d'Or 3 time(s).
110,awards,How many Ballon d'Ors does Marco van Basten have?,Marco van Basten has won the Ballon d'Or 3 time(s).
110,awards,Marco van Basten's Ballon d'Or wins count?,Marco van Basten has won the Ballon d'Or 3 time(s).
110,awards,The number of Ballon d'Or awards for Marco van Basten is?,Marco van Basten has won the Ballon d'Or 3 time(s).
110,awards,How many Ballon d'Or trophies has Marco van Basten won?,Marco van Basten has won the Ballon d'Or 3 time(s).
110,awards,What is the total Ballon d'Or count for Marco van Basten?,Marco van Basten has won the Ballon d'Or 3 time(s).
110,awards,How many Ballon d'Or awards did Marco van Basten win?,Marco van Basten has won the Ballon d'Or 3 time(s).
110,awards,Marco van Basten Ballon d'Or total?,Marco van Basten has won the Ballon d'Or 3 time(s).
110,awards,Count of Marco van Basten's Ballon d'Or awards?,Marco van Basten has won the Ballon d'Or 3 time(s).
110,awards,How many Ballon d'Ors has Marco van Basten won?,Marco van Basten has won the Ballon d'Or 3 time(s).
110,awards,Marco van Basten has won the Ballon d'Or how many times?,Marco van Basten has won the Ballon d'Or 3 time(s).
110,awards,Number of Ballon d'Or trophies for Marco van Basten?,Marco van Basten has won the Ballon d'Or 3 time(s).
110,awards,What is the number of Ballon d'Or awards Marco van Basten has?,Marco van Basten has won the Ballon d'Or 3 time(s).
110,awards,How many times has Marco van Basten won the Ballon d'Or?,Marco van Basten has won the Ballon d'Or 3 time(s).
186,players,Who goes by the nickname CR7?,Cristiano Ronaldo is known as CR7.
186,players,CR7 is the nickname of which person?,Cristiano Ronaldo is known as CR7.
186,players,Who is known as CR7?,Cristiano Ronaldo is known as CR7.
186,players,Which football figure has the nickname CR7?,Cristiano Ronaldo is known as CR7.
186,players,Which player is nicknamed CR7?,Cristiano Ronaldo is known as CR7.
186,players,The nickname CR7 belongs to which footballer?,Cristiano Ronaldo is known as CR7.
186,players,Who is the footballer called CR7?,Cristiano Ronaldo is known as CR7.
186,players,CR7 is the moniker of which player?,Cristiano Ronaldo is known as CR7.
186,players,Which footballer is known as CR7?,Cristiano Ronaldo is known as CR7.
186,players,Who has the nickname CR7?,Cristiano Ronaldo is known as CR7.
186,players,CR7 nickname belongs to?,Cristiano Ronaldo is known as CR7.
186,players,Which player is referred to as CR7?,Cristiano Ronaldo is known as CR7.
186,players,Who is the player with the nickname CR7?,Cristiano Ronaldo is known as CR7.
186,players,The footballer known as CR7 is?,Cristiano Ronaldo is known as CR7.
186,players,Which player's nickname is CR7?,Cristiano Ronaldo is known as CR7.
186,players,Who is CR7 in football?,Cristiano Ronaldo is known as CR7.
186,players,CR7 is the alias of which footballer?,Cristiano Ronaldo is known as CR7.
186,players,Which football star is called CR7?,Cristiano Ronaldo is known as CR7.
186,players,Name the player nicknamed CR7.,Cristiano Ronaldo is known as CR7.
186,players,The player with the nickname CR7 is?,Cristiano Ronaldo is known as CR7.
133,clubs,Where does Benfica play its home games?,Benfica play at Estadio da Luz.
133,clubs,Name the ground of Benfica.,Benfica play at Estadio da Luz.
133,clubs,Which stadium is home to Benfica?,Benfica play at Estadio da Luz.
133,clubs,What is the name of Benfica's home stadium?,Benfica play at Estadio da Luz.
133,clubs,What stadium do Benfica play in?,Benfica play at Estadio da Luz.
133,clubs,Benfica's home ground is called?,Benfica play at Estadio da Luz.
133,clubs,The home stadium of Benfica is?,Benfica play at Estadio da Luz.
133,clubs,What is the name of the stadium where Benfica plays?,Benfica play at Estadio da Luz.
133,clubs,Which ground does Benfica use for home matches?,Benfica play at Estadio da Luz.
133,clubs,Name the home venue of Benfica.,Benfica play at Estadio da Luz.
133,clubs,What is Benfica's stadium called?,Benfica play at Estadio da Luz.
133,clubs,Where do Benfica play their home fixtures?,Benfica play at Estadio da Luz.
133,clubs,The stadium of Benfica is known as?,Benfica play at Estadio da Luz.
133,clubs,Benfica's home field is?,Benfica play at Estadio da Luz.
133,clubs,What is the home of Benfica?,Benfica play at Estadio da Luz.
133,clubs,Which stadium does Benfica call home?,Benfica play at Estadio da Luz.
133,clubs,Name Benfica's stadium.,Benfica play at Estadio da Luz.
133,clubs,The home ground for Benfica is?,Benfica play at Estadio da Luz.
133,clubs,Where is Benfica's home stadium?,Benfica play at Estadio da Luz.
133,clubs,What stadium is Benfica's home?,Benfica play at Estadio da Luz.
161,players,What is the nationality of Virgil van Dijk?,Virgil van Dijk is from the Netherlands.
161,players,For which country did Virgil van Dijk play international football?,Virgil van Dijk is from the Netherlands.
161,players,Which country does Virgil van Dijk come from?,Virgil van Dijk is from the Netherlands.
161,players,Virgil van Dijk is from which country?,Virgil van Dijk is from the Netherlands.
161,players,Which nation does Virgil van Dijk represent?,Virgil van Dijk is from the Netherlands.
161,players,What country is Virgil van Dijk from?,Virgil van Dijk is from the Netherlands.
161,players,Virgil van Dijk's nationality is?,Virgil van Dijk is from the Netherlands.
161,players,Where is Virgil van Dijk from?,Virgil van Dijk is from the Netherlands.
161,players,Which country is Virgil van Dijk a citizen of?,Virgil van Dijk is from the Netherlands.
161,players,Virgil van Dijk plays for which country?,Virgil van Dijk is from the Netherlands.
161,players,What is Virgil van Dijk's country of origin?,Virgil van Dijk is from the Netherlands.
161,players,Which country does Virgil van Dijk play for?,Virgil van Dijk is from the Netherlands.
161,players,Virgil van Dijk represents which nation?,Virgil van Dijk is from the Netherlands.
161,players,What nationality is Virgil van Dijk?,Virgil van Dijk is from the Netherlands.
161,players,Which country is Virgil van Dijk from?,Virgil van Dijk is from the Netherlands.
161,players,Virgil van Dijk's country is?,Virgil van Dijk is from the Netherlands.
161,players,Where does Virgil van Dijk come from?,Virgil van Dijk is from the Netherlands.
161,players,What nation is Virgil van Dijk from?,Virgil van Dijk is from the Netherlands.
161,players,Which country is Virgil van Dijk associated with?,Virgil van Dijk is from the Netherlands.
161,players,Virgil van Dijk is a player from which country?,Virgil van Dijk is from the Netherlands.
117,clubs,What is the name of Barcelona's home stadium?,Barcelona play at Camp Nou.
117,clubs,Where does Barcelona play its home games?,Barcelona play at Camp Nou.
117,clubs,Which stadium is home to Barcelona?,Barcelona play at Camp Nou.
117,clubs,Name the ground of Barcelona.,Barcelona play at Camp Nou.
117,clubs,What stadium do Barcelona play in?,Barcelona play at Camp Nou.
117,clubs,Barcelona's home ground is called?,Barcelona play at Camp Nou.
117,clubs,The home stadium of Barcelona is?,Barcelona play at Camp Nou.
117,clubs,What is the name of the stadium where Barcelona plays?,Barcelona play at Camp Nou.
117,clubs,Which ground does Barcelona use for home matches?,Barcelona play at Camp Nou.
117,clubs,Name the home venue of Barcelona.,Barcelona play at Camp Nou.
117,clubs,What is Barcelona's stadium called?,Barcelona play at Camp Nou.
117,clubs,Where do Barcelona play their home fixtures?,Barcelona play at Camp Nou.
117,clubs,The stadium of Barcelona is known as?,Barcelona play at Camp Nou.
117,clubs,Barcelona's home field is?,Barcelona play at Camp Nou.
117,clubs,What is the home of Barcelona?,Barcelona play at Camp Nou.
117,clubs,Which stadium does Barcelona call home?,Barcelona play at Camp Nou.
117,clubs,Name Barcelona's stadium.,Barcelona play at Camp Nou.
117,clubs,The home ground for Barcelona is?,Barcelona play at Camp Nou.
117,clubs,Where is Barcelona's home stadium?,Barcelona play at Camp Nou.
117,clubs,What stadium is Barcelona's home?,Barcelona play at Camp Nou.
133,clubs,Which stadium is home to Benfica?,Benfica play at Estadio da Luz.
133,clubs,Where does Benfica play its home games?,Benfica play at Estadio da Luz.
133,clubs,Name the ground of Benfica.,Benfica play at Estadio da Luz.
133,clubs,What is the name of Benfica's home stadium?,Benfica play at Estadio da Luz.
133,clubs,What stadium do Benfica play in?,Benfica play at Estadio da Luz.
133,clubs,Benfica's home ground is called?,Benfica play at Estadio da Luz.
133,clubs,The home stadium of Benfica is?,Benfica play at Estadio da Luz.
133,clubs,What is the name of the stadium where Benfica plays?,Benfica play at Estadio da Luz.
133,clubs,Which ground does Benfica use for home matches?,Benfica play at Estadio da Luz.
133,clubs,Name the home venue of Benfica.,Benfica play at Estadio da Luz.
133,clubs,What is Benfica's stadium called?,Benfica play at Estadio da Luz.
133,clubs,Where do Benfica play their home fixtures?,Benfica play at Estadio da Luz.
133,clubs,The stadium of Benfica is known as?,Benfica play at Estadio da Luz.
133,clubs,Benfica's home field is?,Benfica play at Estadio da Luz.
133,clubs,What is the home of Benfica?,Benfica play at Estadio da Luz.
133,clubs,Which stadium does Benfica call home?,Benfica play at Estadio da Luz.
133,clubs,Name Benfica's stadium.,Benfica play at Estadio da Luz.
133,clubs,The home ground for Benfica is?,Benfica play at Estadio da Luz.
133,clubs,Where is Benfica's home stadium?,Benfica play at Estadio da Luz.
133,clubs,What stadium is Benfica's home?,Benfica play at Estadio da Luz.
53,world_cup,Who were the hosts of the 1974 World Cup?,The 1974 World Cup was hosted by West Germany.
53,world_cup,Name the host nation of the 1974 World Cup.,The 1974 World Cup was hosted by West Germany.
53,world_cup,Which country hosted the World Cup in 1974?,The 1974 World Cup was hosted by West Germany.
53,world_cup,Where was the 1974 FIFA World Cup held?,The 1974 World Cup was hosted by West Germany.
53,world_cup,Which nation was the host of the 1974 World Cup?,The 1974 World Cup was hosted by West Germany.
53,world_cup,Tell me the host country of the 1974 World Cup.,The 1974 World Cup was hosted by West Germany.
53,world_cup,What country hosted the 1974 World Cup?,The 1974 World Cup was hosted by West Germany.
53,world_cup,The 1974 World Cup was held in which country?,The 1974 World Cup was hosted by West Germany.
53,world_cup,Which country was the host for the 1974 World Cup?,The 1974 World Cup was hosted by West Germany.
53,world_cup,Host nation of the 1974 FIFA World Cup?,The 1974 World Cup was hosted by West Germany.
53,world_cup,Can you name the host of the 1974 World Cup?,The 1974 World Cup was hosted by West Germany.
53,world_cup,The host nation for the 1974 World Cup was?,The 1974 World Cup was hosted by West Germany.
53,world_cup,Which nation hosted the 1974 FIFA World Cup?,The 1974 World Cup was hosted by West Germany.
53,world_cup,1974 World Cup host country?,The 1974 World Cup was hosted by West Germany.
53,world_cup,Name the country that hosted the 1974 World Cup.,The 1974 World Cup was hosted by West Germany.
53,world_cup,Who was the host of the 1974 World Cup?,The 1974 World Cup was hosted by West Germany.
53,world_cup,Which country held the 1974 World Cup?,The 1974 World Cup was hosted by West Germany.
53,world_cup,The 1974 World Cup host was which nation?,The 1974 World Cup was hosted by West Germany.
53,world_cup,Name the 1974 World Cup host.,The 1974 World Cup was hosted by West Germany.
53,world_cup,Which country was the 1974 World Cup host?,The 1974 World Cup was hosted by West Germany.
144,clubs,What is Juventus's nickname?,Juventus are nicknamed The Old Lady (Bianconeri).
144,clubs,What do fans call Juventus?,Juventus are nicknamed The Old Lady (Bianconeri).
144,clubs,Juventus is commonly referred to as what?,Juventus are nicknamed The Old Lady (Bianconeri).
144,clubs,What nickname are Juventus known by?,Juventus are nicknamed The Old Lady (Bianconeri).
144,clubs,What is the nickname of Juventus?,Juventus are nicknamed The Old Lady (Bianconeri).
144,clubs,What are Juventus nicknamed?,Juventus are nicknamed The Old Lady (Bianconeri).
144,clubs,Juventus's nickname is?,Juventus are nicknamed The Old Lady (Bianconeri).
144,clubs,What is Juventus commonly called?,Juventus are nicknamed The Old Lady (Bianconeri).
144,clubs,The nickname of Juventus is?,Juventus are nicknamed The Old Lady (Bianconeri).
144,clubs,What moniker is used for Juventus?,Juventus are nicknamed The Old Lady (Bianconeri).
144,clubs,What are Juventus also known as?,Juventus are nicknamed The Old Lady (Bianconeri).
144,clubs,Juventus are known as?,Juventus are nicknamed The Old Lady (Bianconeri).
144,clubs,What is the alias of Juventus?,Juventus are nicknamed The Old Lady (Bianconeri).
144,clubs,What do people call Juventus?,Juventus are nicknamed The Old Lady (Bianconeri).
144,clubs,The nickname for Juventus is?,Juventus are nicknamed The Old Lady (Bianconeri).
144,clubs,What is Juventus's moniker?,Juventus are nicknamed The Old Lady (Bianconeri).
144,clubs,By what nickname is Juventus known?,Juventus are nicknamed The Old Lady (Bianconeri).
144,clubs,What is the common name for Juventus?,Juventus are nicknamed The Old Lady (Bianconeri).
144,clubs,What are Juventus popularly called?,Juventus are nicknamed The Old Lady (Bianconeri).
144,clubs,Juventus's alias is?,Juventus are nicknamed The Old Lady (Bianconeri).
141,clubs,What nickname are Inter Milan known by?,Inter Milan are nicknamed Nerazzurri.
141,clubs,What is Inter Milan's nickname?,Inter Milan are nicknamed Nerazzurri.
141,clubs,Inter Milan is commonly referred to as what?,Inter Milan are nicknamed Nerazzurri.
141,clubs,What do fans call Inter Milan?,Inter Milan are nicknamed Nerazzurri.
141,clubs,What is the nickname of Inter Milan?,Inter Milan are nicknamed Nerazzurri.
141,clubs,What are Inter Milan nicknamed?,Inter Milan are nicknamed Nerazzurri.
141,clubs,Inter Milan's nickname is?,Inter Milan are nicknamed Nerazzurri.
141,clubs,What is Inter Milan commonly called?,Inter Milan are nicknamed Nerazzurri.
141,clubs,The nickname of Inter Milan is?,Inter Milan are nicknamed Nerazzurri.
141,clubs,What moniker is used for Inter Milan?,Inter Milan are nicknamed Nerazzurri.
141,clubs,What are Inter Milan also known as?,Inter Milan are nicknamed Nerazzurri.
141,clubs,Inter Milan are known as?,Inter Milan are nicknamed Nerazzurri.
141,clubs,What is the alias of Inter Milan?,Inter Milan are nicknamed Nerazzurri.
141,clubs,What do people call Inter Milan?,Inter Milan are nicknamed Nerazzurri.
141,clubs,The nickname for Inter Milan is?,Inter Milan are nicknamed Nerazzurri.
141,clubs,What is Inter Milan's moniker?,Inter Milan are nicknamed Nerazzurri.
141,clubs,By what nickname is Inter Milan known?,Inter Milan are nicknamed Nerazzurri.
141,clubs,What is the common name for Inter Milan?,Inter Milan are nicknamed Nerazzurri.
141,clubs,What are Inter Milan popularly called?,Inter Milan are nicknamed Nerazzurri.
141,clubs,Inter Milan's alias is?,Inter Milan are nicknamed Nerazzurri.
109,awards,How many times did Johan Cruyff win the Ballon d'Or?,Johan Cruyff has won the Ballon d'Or 3 time(s).
109,awards,What is the Ballon d'Or count of Johan Cruyff?,Johan Cruyff has won the Ballon d'Or 3 time(s).
109,awards,Tell me the number of Ballon d'Or trophies Johan Cruyff has.,Johan Cruyff has won the Ballon d'Or 3 time(s).
109,awards,How many Ballon d'Or awards has Johan Cruyff won?,Johan Cruyff has won the Ballon d'Or 3 time(s).
109,awards,What is Johan Cruyff's Ballon d'Or tally?,Johan Cruyff has won the Ballon d'Or 3 time(s).
109,awards,Number of Ballon d'Or awards won by Johan Cruyff?,Johan Cruyff has won the Ballon d'Or 3 time(s).
109,awards,Johan Cruyff has won how many Ballon d'Or awards?,Johan Cruyff has won the Ballon d'Or 3 time(s).
109,awards,How many Ballon d'Ors does Johan Cruyff have?,Johan Cruyff has won the Ballon d'Or 3 time(s).
109,awards,Johan Cruyff's Ballon d'Or wins count?,Johan Cruyff has won the Ballon d'Or 3 time(s).
109,awards,The number of Ballon d'Or awards for Johan Cruyff is?,Johan Cruyff has won the Ballon d'Or 3 time(s).
109,awards,How many Ballon d'Or trophies has Johan Cruyff won?,Johan Cruyff has won the Ballon d'Or 3 time(s).
109,awards,What is the total Ballon d'Or count for Johan Cruyff?,Johan Cruyff has won the Ballon d'Or 3 time(s).
109,awards,How many Ballon d'Or awards did Johan Cruyff win?,Johan Cruyff has won the Ballon d'Or 3 time(s).
109,awards,Johan Cruyff Ballon d'Or total?,Johan Cruyff has won the Ballon d'Or 3 time(s).
109,awards,Count of Johan Cruyff's Ballon d'Or awards?,Johan Cruyff has won the Ballon d'Or 3 time(s).
109,awards,How many Ballon d'Ors has Johan Cruyff won?,Johan Cruyff has won the Ballon d'Or 3 time(s).
109,awards,Johan Cruyff has won the Ballon d'Or how many times?,Johan Cruyff has won the Ballon d'Or 3 time(s).
109,awards,Number of Ballon d'Or trophies for Johan Cruyff?,Johan Cruyff has won the Ballon d'Or 3 time(s).
109,awards,What is the number of Ballon d'Or awards Johan Cruyff has?,Johan Cruyff has won the Ballon d'Or 3 time(s).
109,awards,How many times has Johan Cruyff won the Ballon d'Or?,Johan Cruyff has won the Ballon d'Or 3 time(s).
179,players,Which position is N'Golo Kante best known for?,N'Golo Kante plays as a defensive midfielder.
179,players,N'Golo Kante plays as what type of player?,N'Golo Kante plays as a defensive midfielder.
179,players,What position does N'Golo Kante play?,N'Golo Kante plays as a defensive midfielder.
179,players,Which role did N'Golo Kante have on the pitch?,N'Golo Kante plays as a defensive midfielder.
179,players,What is N'Golo Kante's position?,N'Golo Kante plays as a defensive midfielder.
179,players,N'Golo Kante's playing position is?,N'Golo Kante plays as a defensive midfielder.
179,players,Where does N'Golo Kante play on the pitch?,N'Golo Kante plays as a defensive midfielder.
179,players,What role does N'Golo Kante play?,N'Golo Kante plays as a defensive midfielder.
179,players,N'Golo Kante is a?,N'Golo Kante plays as a defensive midfielder.
179,players,What position is N'Golo Kante known for?,N'Golo Kante plays as a defensive midfielder.
179,players,N'Golo Kante's role in the team is?,N'Golo Kante plays as a defensive midfielder.
179,players,What type of player is N'Golo Kante?,N'Golo Kante plays as a defensive midfielder.
179,players,N'Golo Kante plays in which position?,N'Golo Kante plays as a defensive midfielder.
179,players,What is the playing position of N'Golo Kante?,N'Golo Kante plays as a defensive midfielder.
179,players,N'Golo Kante is best known for playing as a?,N'Golo Kante plays as a defensive midfielder.
179,players,What position does N'Golo Kante occupy?,N'Golo Kante plays as a defensive midfielder.
179,players,N'Golo Kante's position on the field is?,N'Golo Kante plays as a defensive midfielder.
179,players,What is N'Golo Kante's role?,N'Golo Kante plays as a defensive midfielder.
179,players,N'Golo Kante is a player in which position?,N'Golo Kante plays as a defensive midfielder.
179,players,What position did N'Golo Kante play?,N'Golo Kante plays as a defensive midfielder.
12,trophies,How many times did Manchester City win the UEFA Champions League?,Manchester City have won the European Cup / Champions League 1 time(s).
12,trophies,How many Champions League titles has Manchester City won?,Manchester City have won the European Cup / Champions League 1 time(s).
12,trophies,Tell me how many Champions League trophies Manchester City have lifted.,Manchester City have won the European Cup / Champions League 1 time(s).
12,trophies,What is the number of European Cup trophies won by Manchester City?,Manchester City have won the European Cup / Champions League 1 time(s).
12,trophies,What is Manchester City's Champions League title count?,Manchester City have won the European Cup / Champions League 1 time(s).
12,trophies,Number of Champions League titles won by Manchester City?,Manchester City have won the European Cup / Champions League 1 time(s).
12,trophies,Manchester City has won how many Champions League titles?,Manchester City have won the European Cup / Champions League 1 time(s).
12,trophies,How many Champions League trophies does Manchester City have?,Manchester City have won the European Cup / Champions League 1 time(s).
12,trophies,Manchester City's Champions League wins count?,Manchester City have won the European Cup / Champions League 1 time(s).
12,trophies,The number of Champions League titles for Manchester City is?,Manchester City have won the European Cup / Champions League 1 time(s).
12,trophies,How many European Cup / Champions League titles has Manchester City won?,Manchester City have won the European Cup / Champions League 1 time(s).
12,trophies,What is the total Champions League count for Manchester City?,Manchester City have won the European Cup / Champions League 1 time(s).
12,trophies,How many Champions League awards did Manchester City win?,Manchester City have won the European Cup / Champions League 1 time(s).
12,trophies,Manchester City Champions League total?,Manchester City have won the European Cup / Champions League 1 time(s).
12,trophies,Count of Manchester City's Champions League titles?,Manchester City have won the European Cup / Champions League 1 time(s).
12,trophies,How many Champions League trophies has Manchester City won?,Manchester City have won the European Cup / Champions League 1 time(s).
12,trophies,Manchester City has won the Champions League how many times?,Manchester City have won the European Cup / Champions League 1 time(s).
12,trophies,Number of Champions League trophies for Manchester City?,Manchester City have won the European Cup / Champions League 1 time(s).
12,trophies,What is the number of Champions League titles Manchester City has?,Manchester City have won the European Cup / Champions League 1 time(s).
12,trophies,How many times has Manchester City won the Champions League?,Manchester City have won the European Cup / Champions League 1 time(s).
238,records,Who were the first world champions of football?,Uruguay won the first World Cup in 1930.
238,records,Which country won the first ever World Cup?,Uruguay won the first World Cup in 1930.
238,records,Name the first FIFA World Cup champion.,Uruguay won the first World Cup in 1930.
238,records,Who won the inaugural World Cup in 1930?,Uruguay won the first World Cup in 1930.
238,records,Which team won the first World Cup?,Uruguay won the first World Cup in 1930.
238,records,The first World Cup was won by?,Uruguay won the first World Cup in 1930.
238,records,Who was the first World Cup winner?,Uruguay won the first World Cup in 1930.
238,records,First World Cup champion?,Uruguay won the first World Cup in 1930.
238,records,Who claimed the first World Cup?,Uruguay won the first World Cup in 1930.
238,records,Name the first World Cup winner.,Uruguay won the first World Cup in 1930.
238,records,Who took home the first World Cup?,Uruguay won the first World Cup in 1930.
238,records,The first ever World Cup winner was?,Uruguay won the first World Cup in 1930.
238,records,Who was awarded the first World Cup?,Uruguay won the first World Cup in 1930.
238,records,First winner of the World Cup?,Uruguay won the first World Cup in 1930.
238,records,Who won the inaugural FIFA World Cup?,Uruguay won the first World Cup in 1930.
238,records,Name the winner of the first World Cup.,Uruguay won the first World Cup in 1930.
238,records,Who was the recipient of the first World Cup?,Uruguay won the first World Cup in 1930.
238,records,The first World Cup award went to?,Uruguay won the first World Cup in 1930.
238,records,Who won the first World Cup in 1930?,Uruguay won the first World Cup in 1930.
238,records,First World Cup winner in history?,Uruguay won the first World Cup in 1930.
59,world_cup,Name the host nation of the 1998 World Cup.,The 1998 World Cup was hosted by France.
59,world_cup,Who were the hosts of the 1998 World Cup?,The 1998 World Cup was hosted by France.
59,world_cup,Which country hosted the World Cup in 1998?,The 1998 World Cup was hosted by France.
59,world_cup,Where was the 1998 FIFA World Cup held?,The 1998 World Cup was hosted by France.
59,world_cup,Which nation was the host of the 1998 World Cup?,The 1998 World Cup was hosted by France.
59,world_cup,Tell me the host country of the 1998 World Cup.,The 1998 World Cup was hosted by France.
59,world_cup,What country hosted the 1998 World Cup?,The 1998 World Cup was hosted by France.
59,world_cup,The 1998 World Cup was held in which country?,The 1998 World Cup was hosted by France.
59,world_cup,Which country was the host for the 1998 World Cup?,The 1998 World Cup was hosted by France.
59,world_cup,Host nation of the 1998 FIFA World Cup?,The 1998 World Cup was hosted by France.
59,world_cup,Can you name the host of the 1998 World Cup?,The 1998 World Cup was hosted by France.
59,world_cup,The host nation for the 1998 World Cup was?,The 1998 World Cup was hosted by France.
59,world_cup,Which nation hosted the 1998 FIFA World Cup?,The 1998 World Cup was hosted by France.
59,world_cup,1998 World Cup host country?,The 1998 World Cup was hosted by France.
59,world_cup,Name the country that hosted the 1998 World Cup.,The 1998 World Cup was hosted by France.
59,world_cup,Who was the host of the 1998 World Cup?,The 1998 World Cup was hosted by France.
59,world_cup,Which country held the 1998 World Cup?,The 1998 World Cup was hosted by France.
59,world_cup,The 1998 World Cup host was which nation?,The 1998 World Cup was hosted by France.
59,world_cup,Name the 1998 World Cup host.,The 1998 World Cup was hosted by France.
59,world_cup,Which country was the 1998 World Cup host?,The 1998 World Cup was hosted by France.
27,trophies,Who were the 2023 Champions League winners?,Manchester City won the Champions League final in 2023.
27,trophies,Name the team that lifted the UEFA Champions League in 2023.,Manchester City won the Champions League final in 2023.
27,trophies,Which team became European champions in 2023?,Manchester City won the Champions League final in 2023.
27,trophies,Which club won the Champions League in 2023?,Manchester City won the Champions League final in 2023.
27,trophies,Who won the Champions League in 2023?,Manchester City won the Champions League final in 2023.
27,trophies,2023 Champions League winning team?,Manchester City won the Champions League final in 2023.
27,trophies,Name the 2023 Champions League winner.,Manchester City won the Champions League final in 2023.
27,trophies,Which team won the 2023 UEFA Champions League?,Manchester City won the Champions League final in 2023.
27,trophies,The 2023 Champions League champions were?,Manchester City won the Champions League final in 2023.
27,trophies,Who claimed the 2023 Champions League title?,Manchester City won the Champions League final in 2023.
27,trophies,Which club lifted the 2023 Champions League trophy?,Manchester City won the Champions League final in 2023.
27,trophies,2023 European Cup winner?,Manchester City won the Champions League final in 2023.
27,trophies,Who won the 2023 European Cup?,Manchester City won the Champions League final in 2023.
27,trophies,Name the winner of the 2023 Champions League final.,Manchester City won the Champions League final in 2023.
27,trophies,Which team was the 2023 Champions League champion?,Manchester City won the Champions League final in 2023.
27,trophies,The winner of the 2023 Champions League was?,Manchester City won the Champions League final in 2023.
27,trophies,Who were the champions of Europe in 2023?,Manchester City won the Champions League final in 2023.
27,trophies,Which team won the European Cup in 2023?,Manchester City won the Champions League final in 2023.
27,trophies,2023 UEFA Champions League winner?,Manchester City won the Champions League final in 2023.
27,trophies,Who lifted the 2023 Champions League trophy?,Manchester City won the Champions League final in 2023.
149,players,For which country did Kylian Mbappe play international football?,Kylian Mbappe is from France.
149,players,Which country does Kylian Mbappe come from?,Kylian Mbappe is from France.
149,players,What is the nationality of Kylian Mbappe?,Kylian Mbappe is from France.
149,players,Kylian Mbappe is from which country?,Kylian Mbappe is from France.
149,players,Which nation does Kylian Mbappe represent?,Kylian Mbappe is from France.
149,players,What country is Kylian Mbappe from?,Kylian Mbappe is from France.
149,players,Kylian Mbappe's nationality is?,Kylian Mbappe is from France.
149,players,Where is Kylian Mbappe from?,Kylian Mbappe is from France.
149,players,Which country is Kylian Mbappe a citizen of?,Kylian Mbappe is from France.
149,players,Kylian Mbappe plays for which country?,Kylian Mbappe is from France.
149,players,What is Kylian Mbappe's country of origin?,Kylian Mbappe is from France.
149,players,Which country does Kylian Mbappe play for?,Kylian Mbappe is from France.
149,players,Kylian Mbappe represents which nation?,Kylian Mbappe is from France.
149,players,What nationality is Kylian Mbappe?,Kylian Mbappe is from France.
149,players,Which country is Kylian Mbappe from?,Kylian Mbappe is from France.
149,players,Kylian Mbappe's country is?,Kylian Mbappe is from France.
149,players,Where does Kylian Mbappe come from?,Kylian Mbappe is from France.
149,players,What nation is Kylian Mbappe from?,Kylian Mbappe is from France.
149,players,Which country is Kylian Mbappe associated with?,Kylian Mbappe is from France.
149,players,Kylian Mbappe is a player from which country?,Kylian Mbappe is from France.
209,managers,Who was the manager when Inter Milan won the treble in 2010?,Jose Mourinho was the manager when that happened.
209,managers,Which coach led the team when Inter Milan won the treble in 2010?,Jose Mourinho was the manager when that happened.
209,managers,Name the manager in charge when Inter Milan won the treble in 2010.,Jose Mourinho was the manager when that happened.
209,managers,Who was the head coach when Inter Milan won the treble in 2010?,Jose Mourinho was the manager when that happened.
209,managers,Which manager guided Inter Milan to the treble in 2010?,Jose Mourinho was the manager when that happened.
209,managers,Who managed Inter Milan during their 2010 treble win?,Jose Mourinho was the manager when that happened.
209,managers,Inter Milan's 2010 treble winning manager was?,Jose Mourinho was the manager when that happened.
209,managers,Who was Inter Milan's manager for their 2010 treble?,Jose Mourinho was the manager when that happened.
209,managers,The coach who led Inter Milan to the 2010 treble was?,Jose Mourinho was the manager when that happened.
209,managers,Name the Inter Milan manager for the 2010 treble victory.,Jose Mourinho was the manager when that happened.
209,managers,Who was in charge of Inter Milan when they won the 2010 treble?,Jose Mourinho was the manager when that happened.
209,managers,Which coach was at Inter Milan for their 2010 treble win?,Jose Mourinho was the manager when that happened.
209,managers,Manager of Inter Milan's 2010 treble winning team?,Jose Mourinho was the manager when that happened.
209,managers,Who was the Inter Milan coach in their 2010 treble triumph?,Jose Mourinho was the manager when that happened.
209,managers,Inter Milan won the treble in 2010 under which manager?,Jose Mourinho was the manager when that happened.
209,managers,Which manager was in charge for Inter Milan's 2010 treble title?,Jose Mourinho was the manager when that happened.
209,managers,Name the coach of Inter Milan's 2010 treble champions.,Jose Mourinho was the manager when that happened.
209,managers,Who was the manager of Inter Milan in 2010?,Jose Mourinho was the manager when that happened.
209,managers,Who was Inter Milan's coach when they won the treble in 2010?,Jose Mourinho was the manager when that happened.
209,managers,The manager of Inter Milan's 2009-10 treble win was?,Jose Mourinho was the manager when that happened.
144,clubs,What nickname are Juventus known by?,Juventus are nicknamed The Old Lady (Bianconeri).
144,clubs,What is Juventus's nickname?,Juventus are nicknamed The Old Lady (Bianconeri).
144,clubs,Juventus is commonly referred to as what?,Juventus are nicknamed The Old Lady (Bianconeri).
144,clubs,What do fans call Juventus?,Juventus are nicknamed The Old Lady (Bianconeri).
144,clubs,What is the nickname of Juventus?,Juventus are nicknamed The Old Lady (Bianconeri).
144,clubs,What are Juventus nicknamed?,Juventus are nicknamed The Old Lady (Bianconeri).
144,clubs,Juventus's nickname is?,Juventus are nicknamed The Old Lady (Bianconeri).
144,clubs,What is Juventus commonly called?,Juventus are nicknamed The Old Lady (Bianconeri).
144,clubs,The nickname of Juventus is?,Juventus are nicknamed The Old Lady (Bianconeri).
144,clubs,What moniker is used for Juventus?,Juventus are nicknamed The Old Lady (Bianconeri).
144,clubs,What are Juventus also known as?,Juventus are nicknamed The Old Lady (Bianconeri).
144,clubs,Juventus are known as?,Juventus are nicknamed The Old Lady (Bianconeri).
144,clubs,What is the alias of Juventus?,Juventus are nicknamed The Old Lady (Bianconeri).
144,clubs,What do people call Juventus?,Juventus are nicknamed The Old Lady (Bianconeri).
144,clubs,The nickname for Juventus is?,Juventus are nicknamed The Old Lady (Bianconeri).
144,clubs,What is Juventus's moniker?,Juventus are nicknamed The Old Lady (Bianconeri).
144,clubs,By what nickname is Juventus known?,Juventus are nicknamed The Old Lady (Bianconeri).
144,clubs,What is the common name for Juventus?,Juventus are nicknamed The Old Lady (Bianconeri).
144,clubs,What are Juventus popularly called?,Juventus are nicknamed The Old Lady (Bianconeri).
144,clubs,Juventus's alias is?,Juventus are nicknamed The Old Lady (Bianconeri).
90,awards,Which player was awarded the 2009 Ballon d'Or?,Lionel Messi won the 2009 Ballon d'Or.
90,awards,Who won the Ballon d'Or in 2009?,Lionel Messi won the 2009 Ballon d'Or.
90,awards,Who took home the Ballon d'Or in 2009?,Lionel Messi won the 2009 Ballon d'Or.
90,awards,Name the 2009 Ballon d'Or winner.,Lionel Messi won the 2009 Ballon d'Or.
90,awards,The 2009 Ballon d'Or was won by?,Lionel Messi won the 2009 Ballon d'Or.
90,awards,Who was the 2009 Ballon d'Or recipient?,Lionel Messi won the 2009 Ballon d'Or.
90,awards,Which player won the 2009 Ballon d'Or?,Lionel Messi won the 2009 Ballon d'Or.
90,awards,2009 Ballon d'Or winner?,Lionel Messi won the 2009 Ballon d'Or.
90,awards,Name the recipient of the 2009 Ballon d'Or.,Lionel Messi won the 2009 Ballon d'Or.
90,awards,Who was awarded the Ballon d'Or in 2009?,Lionel Messi won the 2009 Ballon d'Or.
90,awards,The winner of the 2009 Ballon d'Or was?,Lionel Messi won the 2009 Ballon d'Or.
90,awards,Which footballer won the 2009 Ballon d'Or?,Lionel Messi won the 2009 Ballon d'Or.
90,awards,2009 Ballon d'Or award winner?,Lionel Messi won the 2009 Ballon d'Or.
90,awards,Who claimed the 2009 Ballon d'Or?,Lionel Messi won the 2009 Ballon d'Or.
90,awards,Name the player who won the 2009 Ballon d'Or.,Lionel Messi won the 2009 Ballon d'Or.
90,awards,Who received the 2009 Ballon d'Or?,Lionel Messi won the 2009 Ballon d'Or.
90,awards,2009 Ballon d'Or winner is?,Lionel Messi won the 2009 Ballon d'Or.
90,awards,Which player took the 2009 Ballon d'Or?,Lionel Messi won the 2009 Ballon d'Or.
90,awards,Who was the winner of the 2009 Ballon d'Or?,Lionel Messi won the 2009 Ballon d'Or.
90,awards,The 2009 Ballon d'Or recipient was?,Lionel Messi won the 2009 Ballon d'Or.
128,clubs,Name the ground of Ajax.,Ajax play at the Johan Cruyff Arena.
128,clubs,Where does Ajax play its home games?,Ajax play at the Johan Cruyff Arena.
128,clubs,Which stadium is home to Ajax?,Ajax play at the Johan Cruyff Arena.
128,clubs,What is the name of Ajax's home stadium?,Ajax play at the Johan Cruyff Arena.
128,clubs,What stadium do Ajax play in?,Ajax play at the Johan Cruyff Arena.
128,clubs,Ajax's home ground is called?,Ajax play at the Johan Cruyff Arena.
128,clubs,The home stadium of Ajax is?,Ajax play at the Johan Cruyff Arena.
128,clubs,What is the name of the stadium where Ajax plays?,Ajax play at the Johan Cruyff Arena.
128,clubs,Which ground does Ajax use for home matches?,Ajax play at the Johan Cruyff Arena.
128,clubs,Name the home venue of Ajax.,Ajax play at the Johan Cruyff Arena.
128,clubs,What is Ajax's stadium called?,Ajax play at the Johan Cruyff Arena.
128,clubs,Where do Ajax play their home fixtures?,Ajax play at the Johan Cruyff Arena.
128,clubs,The stadium of Ajax is known as?,Ajax play at the Johan Cruyff Arena.
128,clubs,Ajax's home field is?,Ajax play at the Johan Cruyff Arena.
128,clubs,What is the home of Ajax?,Ajax play at the Johan Cruyff Arena.
128,clubs,Which stadium does Ajax call home?,Ajax play at the Johan Cruyff Arena.
128,clubs,Name Ajax's stadium.,Ajax play at the Johan Cruyff Arena.
128,clubs,The home ground for Ajax is?,Ajax play at the Johan Cruyff Arena.
128,clubs,Where is Ajax's home stadium?,Ajax play at the Johan Cruyff Arena.
128,clubs,What stadium is Ajax's home?,Ajax play at the Johan Cruyff Arena.
197,managers,Who was the manager when Arsenal went unbeaten in the 2003-04 Premier League season?,Arsene Wenger was the manager when that happened.
197,managers,Which coach led the team when Arsenal went unbeaten in the 2003-04 Premier League season?,Arsene Wenger was the manager when that happened.
197,managers,Name the manager in charge when Arsenal went unbeaten in the 2003-04 Premier League season.,Arsene Wenger was the manager when that happened.
197,managers,Who was the head coach when Arsenal went unbeaten in the 2003-04 Premier League season?,Arsene Wenger was the manager when that happened.
197,managers,Which manager guided Arsenal to an unbeaten 2003-04 Premier League season?,Arsene Wenger was the manager when that happened.
197,managers,Who managed Arsenal during their unbeaten 2003-04 season?,Arsene Wenger was the manager when that happened.
197,managers,Arsenal's 2003-04 unbeaten season manager was?,Arsene Wenger was the manager when that happened.
197,managers,Who was Arsenal's manager for their 2003-04 unbeaten season?,Arsene Wenger was the manager when that happened.
197,managers,The coach who led Arsenal to the 2003-04 unbeaten season was?,Arsene Wenger was the manager when that happened.
197,managers,Name the Arsenal manager for the 2003-04 unbeaten season.,Arsene Wenger was the manager when that happened.
197,managers,Who was in charge of Arsenal when they went unbeaten in 2003-04?,Arsene Wenger was the manager when that happened.
197,managers,Which coach was at Arsenal for their 2003-04 unbeaten run?,Arsene Wenger was the manager when that happened.
197,managers,Manager of Arsenal's 2003-04 unbeaten team?,Arsene Wenger was the manager when that happened.
197,managers,Who was the Arsenal coach in their 2003-04 unbeaten triumph?,Arsene Wenger was the manager when that happened.
197,managers,Arsenal went unbeaten in the 2003-04 Premier League under which manager?,Arsene Wenger was the manager when that happened.
197,managers,Which manager was in charge for Arsenal's 2003-04 unbeaten season?,Arsene Wenger was the manager when that happened.
197,managers,Name the coach of Arsenal's 2003-04 unbeaten team.,Arsene Wenger was the manager when that happened.
197,managers,Who was the manager of Arsenal in 2003-04?,Arsene Wenger was the manager when that happened.
197,managers,Who was Arsenal's coach when they went unbeaten in 2003-04?,Arsene Wenger was the manager when that happened.
197,managers,The manager of Arsenal's 2003-04 unbeaten season was?,Arsene Wenger was the manager when that happened.
152,players,Robert Lewandowski is from which country?,Robert Lewandowski is from Poland.
152,players,Which country does Robert Lewandowski come from?,Robert Lewandowski is from Poland.
152,players,For which country did Robert Lewandowski play international football?,Robert Lewandowski is from Poland.
152,players,What is the nationality of Robert Lewandowski?,Robert Lewandowski is from Poland.
152,players,Which nation does Robert Lewandowski represent?,Robert Lewandowski is from Poland.
152,players,What country is Robert Lewandowski from?,Robert Lewandowski is from Poland.
152,players,Robert Lewandowski's nationality is?,Robert Lewandowski is from Poland.
152,players,Where is Robert Lewandowski from?,Robert Lewandowski is from Poland.
152,players,Which country is Robert Lewandowski a citizen of?,Robert Lewandowski is from Poland.
152,players,Robert Lewandowski plays for which country?,Robert Lewandowski is from Poland.
152,players,What is Robert Lewandowski's country of origin?,Robert Lewandowski is from Poland.
152,players,Which country does Robert Lewandowski play for?,Robert Lewandowski is from Poland.
152,players,Robert Lewandowski represents which nation?,Robert Lewandowski is from Poland.
152,players,What nationality is Robert Lewandowski?,Robert Lewandowski is from Poland.
152,players,Which country is Robert Lewandowski from?,Robert Lewandowski is from Poland.
152,players,Robert Lewandowski's country is?,Robert Lewandowski is from Poland.
152,players,Where does Robert Lewandowski come from?,Robert Lewandowski is from Poland.
152,players,What nation is Robert Lewandowski from?,Robert Lewandowski is from Poland.
152,players,Which country is Robert Lewandowski associated with?,Robert Lewandowski is from Poland.
152,players,Robert Lewandowski is a player from which country?,Robert Lewandowski is from Poland.
229,records,Who cost 222 million euros in 2017?,Neymar's 222 million euro move to PSG in 2017 is the record transfer fee.
229,records,Who is the most expensive footballer in history?,Neymar's 222 million euro move to PSG in 2017 is the record transfer fee.
229,records,Which player has the highest transfer fee of all time?,Neymar's 222 million euro move to PSG in 2017 is the record transfer fee.
229,records,Name the record transfer signing in football.,Neymar's 222 million euro move to PSG in 2017 is the record transfer fee.
229,records,Who holds the record for the most expensive transfer?,Neymar's 222 million euro move to PSG in 2017 is the record transfer fee.
229,records,The record transfer fee was paid for which player?,Neymar's 222 million euro move to PSG in 2017 is the record transfer fee.
229,records,Who was the most expensive football transfer?,Neymar's 222 million euro move to PSG in 2017 is the record transfer fee.
229,records,Most expensive player in football history?,Neymar's 222 million euro move to PSG in 2017 is the record transfer fee.
229,records,Who has the highest transfer fee?,Neymar's 222 million euro move to PSG in 2017 is the record transfer fee.
229,records,Which player cost the most in a transfer?,Neymar's 222 million euro move to PSG in 2017 is the record transfer fee.
229,records,Record transfer fee in football?,Neymar's 222 million euro move to PSG in 2017 is the record transfer fee.
229,records,Who is the most expensive player ever?,Neymar's 222 million euro move to PSG in 2017 is the record transfer fee.
229,records,Name the player with the highest transfer fee.,Neymar's 222 million euro move to PSG in 2017 is the record transfer fee.
229,records,Who has the record for the highest transfer fee?,Neymar's 222 million euro move to PSG in 2017 is the record transfer fee.
229,records,Which footballer was transferred for the highest fee?,Neymar's 222 million euro move to PSG in 2017 is the record transfer fee.
229,records,Who was signed for the most money?,Neymar's 222 million euro move to PSG in 2017 is the record transfer fee.
229,records,Record for the most expensive transfer?,Neymar's 222 million euro move to PSG in 2017 is the record transfer fee.
229,records,Who is the costliest footballer?,Neymar's 222 million euro move to PSG in 2017 is the record transfer fee.
229,records,The player with the highest transfer fee is?,Neymar's 222 million euro move to PSG in 2017 is the record transfer fee.
229,records,Who has the most expensive transfer?,Neymar's 222 million euro move to PSG in 2017 is the record transfer fee.
190,players,Which football figure has the nickname Il Fenomeno?,Ronaldo Nazario is known as Il Fenomeno.
190,players,Il Fenomeno is the nickname of which person?,Ronaldo Nazario is known as Il Fenomeno.
190,players,Who is known as Il Fenomeno?,Ronaldo Nazario is known as Il Fenomeno.
190,players,Who goes by the nickname Il Fenomeno?,Ronaldo Nazario is known as Il Fenomeno.
190,players,Which player is nicknamed Il Fenomeno?,Ronaldo Nazario is known as Il Fenomeno.
190,players,The nickname Il Fenomeno belongs to which footballer?,Ronaldo Nazario is known as Il Fenomeno.
190,players,Who is the footballer called Il Fenomeno?,Ronaldo Nazario is known as Il Fenomeno.
190,players,Il Fenomeno is the moniker of which player?,Ronaldo Nazario is known as Il Fenomeno.
190,players,Which footballer is known as Il Fenomeno?,Ronaldo Nazario is known as Il Fenomeno.
190,players,Who has the nickname Il Fenomeno?,Ronaldo Nazario is known as Il Fenomeno.
190,players,Il Fenomeno nickname belongs to?,Ronaldo Nazario is known as Il Fenomeno.
190,players,Which player is referred to as Il Fenomeno?,Ronaldo Nazario is known as Il Fenomeno.
190,players,Who is the player with the nickname Il Fenomeno?,Ronaldo Nazario is known as Il Fenomeno.
190,players,The footballer known as Il Fenomeno is?,Ronaldo Nazario is known as Il Fenomeno.
190,players,Which player's nickname is Il Fenomeno?,Ronaldo Nazario is known as Il Fenomeno.
190,players,Who is Il Fenomeno in football?,Ronaldo Nazario is known as Il Fenomeno.
190,players,Il Fenomeno is the alias of which footballer?,Ronaldo Nazario is known as Il Fenomeno.
190,players,Which football star is called Il Fenomeno?,Ronaldo Nazario is known as Il Fenomeno.
190,players,Name the player nicknamed Il Fenomeno.,Ronaldo Nazario is known as Il Fenomeno.
190,players,The player with the nickname Il Fenomeno is?,Ronaldo Nazario is known as Il Fenomeno.
154,players,For which country did Luka Modric play international football?,Luka Modric is from Croatia.
154,players,Which country does Luka Modric come from?,Luka Modric is from Croatia.
154,players,What is the nationality of Luka Modric?,Luka Modric is from Croatia.
154,players,Luka Modric is from which country?,Luka Modric is from Croatia.
154,players,Which nation does Luka Modric represent?,Luka Modric is from Croatia.
154,players,What country is Luka Modric from?,Luka Modric is from Croatia.
154,players,Luka Modric's nationality is?,Luka Modric is from Croatia.
154,players,Where is Luka Modric from?,Luka Modric is from Croatia.
154,players,Which country is Luka Modric a citizen of?,Luka Modric is from Croatia.
154,players,Luka Modric plays for which country?,Luka Modric is from Croatia.
154,players,What is Luka Modric's country of origin?,Luka Modric is from Croatia.
154,players,Which country does Luka Modric play for?,Luka Modric is from Croatia.
154,players,Luka Modric represents which nation?,Luka Modric is from Croatia.
154,players,What nationality is Luka Modric?,Luka Modric is from Croatia.
154,players,Which country is Luka Modric from?,Luka Modric is from Croatia.
154,players,Luka Modric's country is?,Luka Modric is from Croatia.
154,players,Where does Luka Modric come from?,Luka Modric is from Croatia.
154,players,What nation is Luka Modric from?,Luka Modric is from Croatia.
154,players,Which country is Luka Modric associated with?,Luka Modric is from Croatia.
154,players,Luka Modric is a player from which country?,Luka Modric is from Croatia.
10,trophies,How many times did Benfica win the UEFA Champions League?,Benfica have won the European Cup / Champions League 2 time(s).
10,trophies,How many Champions League titles has Benfica won?,Benfica have won the European Cup / Champions League 2 time(s).
10,trophies,Tell me how many Champions League trophies Benfica have lifted.,Benfica have won the European Cup / Champions League 2 time(s).
10,trophies,What is the number of European Cup trophies won by Benfica?,Benfica have won the European Cup / Champions League 2 time(s).
10,trophies,What is Benfica's Champions League title count?,Benfica have won the European Cup / Champions League 2 time(s).
10,trophies,Number of Champions League titles won by Benfica?,Benfica have won the European Cup / Champions League 2 time(s).
10,trophies,Benfica has won how many Champions League titles?,Benfica have won the European Cup / Champions League 2 time(s).
10,trophies,How many Champions League trophies does Benfica have?,Benfica have won the European Cup / Champions League 2 time(s).
10,trophies,Benfica's Champions League wins count?,Benfica have won the European Cup / Champions League 2 time(s).
10,trophies,The number of Champions League titles for Benfica is?,Benfica have won the European Cup / Champions League 2 time(s).
10,trophies,How many European Cup / Champions League titles has Benfica won?,Benfica have won the European Cup / Champions League 2 time(s).
10,trophies,What is the total Champions League count for Benfica?,Benfica have won the European Cup / Champions League 2 time(s).
10,trophies,How many Champions League awards did Benfica win?,Benfica have won the European Cup / Champions League 2 time(s).
10,trophies,Benfica Champions League total?,Benfica have won the European Cup / Champions League 2 time(s).
10,trophies,Count of Benfica's Champions League titles?,Benfica have won the European Cup / Champions League 2 time(s).
10,trophies,How many Champions League trophies has Benfica won?,Benfica have won the European Cup / Champions League 2 time(s).
10,trophies,Benfica has won the Champions League how many times?,Benfica have won the European Cup / Champions League 2 time(s).
10,trophies,Number of Champions League trophies for Benfica?,Benfica have won the European Cup / Champions League 2 time(s).
10,trophies,What is the number of Champions League titles Benfica has?,Benfica have won the European Cup / Champions League 2 time(s).
10,trophies,How many times has Benfica won the Champions League?,Benfica have won the European Cup / Champions League 2 time(s).
236,records,Who is the most successful team in FA Cup history?,"Arsenal have won the most FA Cup trophies, with 14."
236,records,Which team has the most English FA Cup trophies?,"Arsenal have won the most FA Cup trophies, with 14."
236,records,Name the record FA Cup champion.,"Arsenal have won the most FA Cup trophies, with 14."
236,records,Which club has won the most FA Cup titles?,"Arsenal have won the most FA Cup trophies, with 14."
236,records,Which team has won the most FA Cup trophies?,"Arsenal have won the most FA Cup trophies, with 14."
236,records,The most successful club in FA Cup history is?,"Arsenal have won the most FA Cup trophies, with 14."
236,records,Which club has won the most FA Cup trophies?,"Arsenal have won the most FA Cup trophies, with 14."
236,records,Most FA Cup titles won by which club?,"Arsenal have won the most FA Cup trophies, with 14."
236,records,Who is the most decorated team in the FA Cup?,"Arsenal have won the most FA Cup trophies, with 14."
236,records,Which club has the most FA Cup wins?,"Arsenal have won the most FA Cup trophies, with 14."
236,records,Name the most successful team in FA Cup history.,"Arsenal have won the most FA Cup trophies, with 14."
236,records,Which team holds the record for most FA Cup titles?,"Arsenal have won the most FA Cup trophies, with 14."
236,records,The club with the most FA Cup trophies is?,"Arsenal have won the most FA Cup trophies, with 14."
236,records,Who has the most FA Cup trophies?,"Arsenal have won the most FA Cup trophies, with 14."
236,records,Which team is the most successful in FA Cup history?,"Arsenal have won the most FA Cup trophies, with 14."
236,records,Most successful club in the FA Cup?,"Arsenal have won the most FA Cup trophies, with 14."
236,records,Which club has won the most FA Cup championships?,"Arsenal have won the most FA Cup trophies, with 14."
236,records,Name the team with the most FA Cup wins.,"Arsenal have won the most FA Cup trophies, with 14."
236,records,Which club is the record FA Cup champion?,"Arsenal have won the most FA Cup trophies, with 14."
236,records,The team with the most FA Cup titles is?,"Arsenal have won the most FA Cup trophies, with 14."
235,records,Name the record Europa League champion.,"Sevilla have won the most Europa League titles, with 7."
235,records,Who is the most successful team in UEFA Cup and Europa League history?,"Sevilla have won the most Europa League titles, with 7."
235,records,Which team has the most Europa League trophies?,"Sevilla have won the most Europa League titles, with 7."
235,records,Which club has won the most Europa League titles?,"Sevilla have won the most Europa League titles, with 7."
235,records,Who has won the most UEFA Cup/Europa League titles?,"Sevilla have won the most Europa League titles, with 7."
235,records,The most successful club in Europa League history is?,"Sevilla have won the most Europa League titles, with 7."
235,records,Which team has won the most UEFA Cup and Europa League titles?,"Sevilla have won the most Europa League titles, with 7."
235,records,Most Europa League titles won by which club?,"Sevilla have won the most Europa League titles, with 7."
235,records,Who is the most decorated team in the Europa League?,"Sevilla have won the most Europa League titles, with 7."
235,records,Which club has the most UEFA Cup/Europa League wins?,"Sevilla have won the most Europa League titles, with 7."
235,records,Name the most successful team in Europa League history.,"Sevilla have won the most Europa League titles, with 7."
235,records,Which team holds the record for most Europa League titles?,"Sevilla have won the most Europa League titles, with 7."
235,records,The club with the most Europa League trophies is?,"Sevilla have won the most Europa League titles, with 7."
235,records,Who has the most UEFA Cup/Europa League trophies?,"Sevilla have won the most Europa League titles, with 7."
235,records,Which team is the most successful in Europa League history?,"Sevilla have won the most Europa League titles, with 7."
235,records,Most successful club in the UEFA Cup/Europa League?,"Sevilla have won the most Europa League titles, with 7."
235,records,Which club has won the most Europa League championships?,"Sevilla have won the most Europa League titles, with 7."
235,records,Name the team with the most Europa League wins.,"Sevilla have won the most Europa League titles, with 7."
235,records,Which club is the record Europa League champion?,"Sevilla have won the most Europa League titles, with 7."
235,records,The team with the most Europa League titles is?,"Sevilla have won the most Europa League titles, with 7."
7,trophies,What is the number of European Cup trophies won by Inter Milan?,Inter Milan have won the European Cup / Champions League 3 time(s).
7,trophies,How many Champions League titles has Inter Milan won?,Inter Milan have won the European Cup / Champions League 3 time(s).
7,trophies,How many times did Inter Milan win the UEFA Champions League?,Inter Milan have won the European Cup / Champions League 3 time(s).
7,trophies,Tell me how many Champions League trophies Inter Milan have lifted.,Inter Milan have won the European Cup / Champions League 3 time(s).
7,trophies,What is Inter Milan's Champions League title count?,Inter Milan have won the European Cup / Champions League 3 time(s).
7,trophies,Number of Champions League titles won by Inter Milan?,Inter Milan have won the European Cup / Champions League 3 time(s).
7,trophies,Inter Milan has won how many Champions League titles?,Inter Milan have won the European Cup / Champions League 3 time(s).
7,trophies,How many Champions League trophies does Inter Milan have?,Inter Milan have won the European Cup / Champions League 3 time(s).
7,trophies,Inter Milan's Champions League wins count?,Inter Milan have won the European Cup / Champions League 3 time(s).
7,trophies,The number of Champions League titles for Inter Milan is?,Inter Milan have won the European Cup / Champions League 3 time(s).
7,trophies,How many European Cup / Champions League titles has Inter Milan won?,Inter Milan have won the European Cup / Champions League 3 time(s).
7,trophies,What is the total Champions League count for Inter Milan?,Inter Milan have won the European Cup / Champions League 3 time(s).
7,trophies,How many Champions League awards did Inter Milan win?,Inter Milan have won the European Cup / Champions League 3 time(s).
7,trophies,Inter Milan Champions League total?,Inter Milan have won the European Cup / Champions League 3 time(s).
7,trophies,Count of Inter Milan's Champions League titles?,Inter Milan have won the European Cup / Champions League 3 time(s).
7,trophies,How many Champions League trophies has Inter Milan won?,Inter Milan have won the European Cup / Champions League 3 time(s).
7,trophies,Inter Milan has won the Champions League how many times?,Inter Milan have won the European Cup / Champions League 3 time(s).
7,trophies,Number of Champions League trophies for Inter Milan?,Inter Milan have won the European Cup / Champions League 3 time(s).
7,trophies,What is the number of Champions League titles Inter Milan has?,Inter Milan have won the European Cup / Champions League 3 time(s).
7,trophies,How many times has Inter Milan won the Champions League?,Inter Milan have won the European Cup / Champions League 3 time(s).
70,euros,Name the winner of the 2012 Euros.,Spain won Euro 2012.
70,euros,Which team were the Euro 2012 champions?,Spain won Euro 2012.
70,euros,Which country won Euro 2012?,Spain won Euro 2012.
70,euros,Who won the UEFA European Championship in 2012?,Spain won Euro 2012.
70,euros,Who were the Euro 2012 winners?,Spain won Euro 2012.
70,euros,Which team won the 2012 European Championship?,Spain won Euro 2012.
70,euros,The 2012 Euro champions were?,Spain won Euro 2012.
70,euros,Who claimed the Euro 2012 title?,Spain won Euro 2012.
70,euros,2012 European Championship winning team?,Spain won Euro 2012.
70,euros,Name the 2012 Euro winner.,Spain won Euro 2012.
70,euros,Which country were the 2012 European champions?,Spain won Euro 2012.
70,euros,Who won the 2012 European Football Championship?,Spain won Euro 2012.
70,euros,The winner of Euro 2012 was?,Spain won Euro 2012.
70,euros,Which nation won Euro 2012?,Spain won Euro 2012.
70,euros,2012 Euros champion?,Spain won Euro 2012.
70,euros,Who lifted the Euro 2012 trophy?,Spain won Euro 2012.
70,euros,Which team won the UEFA Euro 2012?,Spain won Euro 2012.
70,euros,Name the 2012 European Championship winner.,Spain won Euro 2012.
70,euros,Who were the champions of Euro 2012?,Spain won Euro 2012.
70,euros,Which country won the 2012 Euros?,Spain won Euro 2012.
134,clubs,What do fans call Arsenal?,Arsenal are nicknamed The Gunners.
134,clubs,What is Arsenal's nickname?,Arsenal are nicknamed The Gunners.
134,clubs,Arsenal is commonly referred to as what?,Arsenal are nicknamed The Gunners.
134,clubs,What nickname are Arsenal known by?,Arsenal are nicknamed The Gunners.
134,clubs,What is the nickname of Arsenal?,Arsenal are nicknamed The Gunners.
134,clubs,What are Arsenal nicknamed?,Arsenal are nicknamed The Gunners.
134,clubs,Arsenal's nickname is?,Arsenal are nicknamed The Gunners.
134,clubs,What is Arsenal commonly called?,Arsenal are nicknamed The Gunners.
134,clubs,The nickname of Arsenal is?,Arsenal are nicknamed The Gunners.
134,clubs,What moniker is used for Arsenal?,Arsenal are nicknamed The Gunners.
134,clubs,What are Arsenal also known as?,Arsenal are nicknamed The Gunners.
134,clubs,Arsenal are known as?,Arsenal are nicknamed The Gunners.
134,clubs,What is the alias of Arsenal?,Arsenal are nicknamed The Gunners.
134,clubs,What do people call Arsenal?,Arsenal are nicknamed The Gunners.
134,clubs,The nickname for Arsenal is?,Arsenal are nicknamed The Gunners.
134,clubs,What is Arsenal's moniker?,Arsenal are nicknamed The Gunners.
134,clubs,By what nickname is Arsenal known?,Arsenal are nicknamed The Gunners.
134,clubs,What is the common name for Arsenal?,Arsenal are nicknamed The Gunners.
134,clubs,What are Arsenal popularly called?,Arsenal are nicknamed The Gunners.
134,clubs,Arsenal's alias is?,Arsenal are nicknamed The Gunners.
120,clubs,Which stadium is home to Arsenal?,Arsenal play at the Emirates Stadium.
120,clubs,Where does Arsenal play its home games?,Arsenal play at the Emirates Stadium.
120,clubs,Name the ground of Arsenal.,Arsenal play at the Emirates Stadium.
120,clubs,What is the name of Arsenal's home stadium?,Arsenal play at the Emirates Stadium.
120,clubs,What stadium do Arsenal play in?,Arsenal play at the Emirates Stadium.
120,clubs,Arsenal's home ground is called?,Arsenal play at the Emirates Stadium.
120,clubs,The home stadium of Arsenal is?,Arsenal play at the Emirates Stadium.
120,clubs,What is the name of the stadium where Arsenal plays?,Arsenal play at the Emirates Stadium.
120,clubs,Which ground does Arsenal use for home matches?,Arsenal play at the Emirates Stadium.
120,clubs,Name the home venue of Arsenal.,Arsenal play at the Emirates Stadium.
120,clubs,What is Arsenal's stadium called?,Arsenal play at the Emirates Stadium.
120,clubs,Where do Arsenal play their home fixtures?,Arsenal play at the Emirates Stadium.
120,clubs,The stadium of Arsenal is known as?,Arsenal play at the Emirates Stadium.
120,clubs,Arsenal's home field is?,Arsenal play at the Emirates Stadium.
120,clubs,What is the home of Arsenal?,Arsenal play at the Emirates Stadium.
120,clubs,Which stadium does Arsenal call home?,Arsenal play at the Emirates Stadium.
120,clubs,Name Arsenal's stadium.,Arsenal play at the Emirates Stadium.
120,clubs,The home ground for Arsenal is?,Arsenal play at the Emirates Stadium.
120,clubs,Where is Arsenal's home stadium?,Arsenal play at the Emirates Stadium.
120,clubs,What stadium is Arsenal's home?,Arsenal play at the Emirates Stadium.
173,players,Which role did Gianluigi Buffon have on the pitch?,Gianluigi Buffon plays as a goalkeeper.
173,players,Which position is Gianluigi Buffon best known for?,Gianluigi Buffon plays as a goalkeeper.
173,players,What position does Gianluigi Buffon play?,Gianluigi Buffon plays as a goalkeeper.
173,players,Gianluigi Buffon plays as what type of player?,Gianluigi Buffon plays as a goalkeeper.
173,players,What is Gianluigi Buffon's position?,Gianluigi Buffon plays as a goalkeeper.
173,players,Gianluigi Buffon's playing position is?,Gianluigi Buffon plays as a goalkeeper.
173,players,Where does Gianluigi Buffon play on the pitch?,Gianluigi Buffon plays as a goalkeeper.
173,players,What role does Gianluigi Buffon play?,Gianluigi Buffon plays as a goalkeeper.
173,players,Gianluigi Buffon is a?,Gianluigi Buffon plays as a goalkeeper.
173,players,What position is Gianluigi Buffon known for?,Gianluigi Buffon plays as a goalkeeper.
173,players,Gianluigi Buffon's role in the team is?,Gianluigi Buffon plays as a goalkeeper.
173,players,What type of player is Gianluigi Buffon?,Gianluigi Buffon plays as a goalkeeper.
173,players,Gianluigi Buffon plays in which position?,Gianluigi Buffon plays as a goalkeeper.
173,players,What is the playing position of Gianluigi Buffon?,Gianluigi Buffon plays as a goalkeeper.
173,players,Gianluigi Buffon is best known for playing as a?,Gianluigi Buffon plays as a goalkeeper.
173,players,What position does Gianluigi Buffon occupy?,Gianluigi Buffon plays as a goalkeeper.
173,players,Gianluigi Buffon's position on the field is?,Gianluigi Buffon plays as a goalkeeper.
173,players,What is Gianluigi Buffon's role?,Gianluigi Buffon plays as a goalkeeper.
173,players,Gianluigi Buffon is a player in which position?,Gianluigi Buffon plays as a goalkeeper.
173,players,What position did Gianluigi Buffon play?,Gianluigi Buffon plays as a goalkeeper.
166,players,Which role did Kylian Mbappe have on the pitch?,Kylian Mbappe plays as a forward.
166,players,What position does Kylian Mbappe play?,Kylian Mbappe plays as a forward.
166,players,Which position is Kylian Mbappe best known for?,Kylian Mbappe plays as a forward.
166,players,Kylian Mbappe plays as what type of player?,Kylian Mbappe plays as a forward.
166,players,What is Kylian Mbappe's position?,Kylian Mbappe plays as a forward.
166,players,Kylian Mbappe's playing position is?,Kylian Mbappe plays as a forward.
166,players,Where does Kylian Mbappe play on the pitch?,Kylian Mbappe plays as a forward.
166,players,What role does Kylian Mbappe play?,Kylian Mbappe plays as a forward.
166,players,Kylian Mbappe is a?,Kylian Mbappe plays as a forward.
166,players,What position is Kylian Mbappe known for?,Kylian Mbappe plays as a forward.
166,players,Kylian Mbappe's role in the team is?,Kylian Mbappe plays as a forward.
166,players,What type of player is Kylian Mbappe?,Kylian Mbappe plays as a forward.
166,players,Kylian Mbappe plays in which position?,Kylian Mbappe plays as a forward.
166,players,What is the playing position of Kylian Mbappe?,Kylian Mbappe plays as a forward.
166,players,Kylian Mbappe is best known for playing as a?,Kylian Mbappe plays as a forward.
166,players,What position does Kylian Mbappe occupy?,Kylian Mbappe plays as a forward.
166,players,Kylian Mbappe's position on the field is?,Kylian Mbappe plays as a forward.
166,players,What is Kylian Mbappe's role?,Kylian Mbappe plays as a forward.
166,players,Kylian Mbappe is a player in which position?,Kylian Mbappe plays as a forward.
166,players,What position did Kylian Mbappe play?,Kylian Mbappe plays as a forward.
55,world_cup,Where was the 1982 FIFA World Cup held?,The 1982 World Cup was hosted by Spain.
55,world_cup,Name the host nation of the 1982 World Cup.,The 1982 World Cup was hosted by Spain.
55,world_cup,Which country hosted the World Cup in 1982?,The 1982 World Cup was hosted by Spain.
55,world_cup,Who were the hosts of the 1982 World Cup?,The 1982 World Cup was hosted by Spain.
55,world_cup,Which nation was the host of the 1982 World Cup?,The 1982 World Cup was hosted by Spain.
55,world_cup,Tell me the host country of the 1982 World Cup.,The 1982 World Cup was hosted by Spain.
55,world_cup,What country hosted the 1982 World Cup?,The 1982 World Cup was hosted by Spain.
55,world_cup,The 1982 World Cup was held in which country?,The 1982 World Cup was hosted by Spain.
55,world_cup,Which country was the host for the 1982 World Cup?,The 1982 World Cup was hosted by Spain.
55,world_cup,Host nation of the 1982 FIFA World Cup?,The 1982 World Cup was hosted by Spain.
55,world_cup,Can you name the host of the 1982 World Cup?,The 1982 World Cup was hosted by Spain.
55,world_cup,The host nation for the 1982 World Cup was?,The 1982 World Cup was hosted by Spain.
55,world_cup,Which nation hosted the 1982 FIFA World Cup?,The 1982 World Cup was hosted by Spain.
55,world_cup,1982 World Cup host country?,The 1982 World Cup was hosted by Spain.
55,world_cup,Name the country that hosted the 1982 World Cup.,The 1982 World Cup was hosted by Spain.
55,world_cup,Who was the host of the 1982 World Cup?,The 1982 World Cup was hosted by Spain.
55,world_cup,Which country held the 1982 World Cup?,The 1982 World Cup was hosted by Spain.
55,world_cup,The 1982 World Cup host was which nation?,The 1982 World Cup was hosted by Spain.
55,world_cup,Name the 1982 World Cup host.,The 1982 World Cup was hosted by Spain.
55,world_cup,Which country was the 1982 World Cup host?,The 1982 World Cup was hosted by Spain.
229,records,Who is the most expensive footballer in history?,Neymar's 222 million euro move to PSG in 2017 is the record transfer fee.
229,records,Who cost 222 million euros in 2017?,Neymar's 222 million euro move to PSG in 2017 is the record transfer fee.
229,records,Which player has the highest transfer fee of all time?,Neymar's 222 million euro move to PSG in 2017 is the record transfer fee.
229,records,Name the record transfer signing in football.,Neymar's 222 million euro move to PSG in 2017 is the record transfer fee.
229,records,Who holds the record for the most expensive transfer?,Neymar's 222 million euro move to PSG in 2017 is the record transfer fee.
229,records,The record transfer fee was paid for which player?,Neymar's 222 million euro move to PSG in 2017 is the record transfer fee.
229,records,Who was the most expensive football transfer?,Neymar's 222 million euro move to PSG in 2017 is the record transfer fee.
229,records,Most expensive player in football history?,Neymar's 222 million euro move to PSG in 2017 is the record transfer fee.
229,records,Who has the highest transfer fee?,Neymar's 222 million euro move to PSG in 2017 is the record transfer fee.
229,records,Which player cost the most in a transfer?,Neymar's 222 million euro move to PSG in 2017 is the record transfer fee.
229,records,Record transfer fee in football?,Neymar's 222 million euro move to PSG in 2017 is the record transfer fee.
229,records,Who is the most expensive player ever?,Neymar's 222 million euro move to PSG in 2017 is the record transfer fee.
229,records,Name the player with the highest transfer fee.,Neymar's 222 million euro move to PSG in 2017 is the record transfer fee.
229,records,Who has the record for the highest transfer fee?,Neymar's 222 million euro move to PSG in 2017 is the record transfer fee.
229,records,Which footballer was transferred for the highest fee?,Neymar's 222 million euro move to PSG in 2017 is the record transfer fee.
229,records,Who was signed for the most money?,Neymar's 222 million euro move to PSG in 2017 is the record transfer fee.
229,records,Record for the most expensive transfer?,Neymar's 222 million euro move to PSG in 2017 is the record transfer fee.
229,records,Who is the costliest footballer?,Neymar's 222 million euro move to PSG in 2017 is the record transfer fee.
229,records,The player with the highest transfer fee is?,Neymar's 222 million euro move to PSG in 2017 is the record transfer fee.
229,records,Who has the most expensive transfer?,Neymar's 222 million euro move to PSG in 2017 is the record transfer fee.
249,rules,How far is the penalty spot from the goal?,The penalty spot is 12 yards (11 metres) from the goal line.
249,rules,What is the distance of a penalty kick?,The penalty spot is 12 yards (11 metres) from the goal line.
249,rules,From how many yards is a penalty taken?,The penalty spot is 12 yards (11 metres) from the goal line.
249,rules,How many metres away from goal is the penalty mark?,The penalty spot is 12 yards (11 metres) from the goal line.
249,rules,What is the distance of the penalty spot?,The penalty spot is 12 yards (11 metres) from the goal line.
249,rules,How far is the penalty mark from the goal line?,The penalty spot is 12 yards (11 metres) from the goal line.
249,rules,What is the distance for a penalty kick?,The penalty spot is 12 yards (11 metres) from the goal line.
249,rules,How far is a penalty taken from?,The penalty spot is 12 yards (11 metres) from the goal line.
249,rules,What is the penalty spot distance?,The penalty spot is 12 yards (11 metres) from the goal line.
249,rules,How many yards is a penalty kick from goal?,The penalty spot is 12 yards (11 metres) from the goal line.
249,rules,What is the distance between the penalty spot and the goal?,The penalty spot is 12 yards (11 metres) from the goal line.
249,rules,How far is the penalty mark from goal?,The penalty spot is 12 yards (11 metres) from the goal line.
249,rules,What is the distance of the penalty mark?,The penalty spot is 12 yards (11 metres) from the goal line.
249,rules,How far is a penalty kick from the goal line?,The penalty spot is 12 yards (11 metres) from the goal line.
249,rules,What is the penalty kick distance?,The penalty spot is 12 yards (11 metres) from the goal line.
249,rules,How far is the penalty spot from goal?,The penalty spot is 12 yards (11 metres) from the goal line.
249,rules,What is the distance from the penalty spot to the goal?,The penalty spot is 12 yards (11 metres) from the goal line.
249,rules,How many yards away is the penalty spot?,The penalty spot is 12 yards (11 metres) from the goal line.
249,rules,What is the penalty spot distance from goal?,The penalty spot is 12 yards (11 metres) from the goal line.
249,rules,How far is the penalty taken from the goal?,The penalty spot is 12 yards (11 metres) from the goal line.
129,clubs,What is the name of Atletico Madrid's home stadium?,Atletico Madrid play at the Metropolitano.
129,clubs,Where does Atletico Madrid play its home games?,Atletico Madrid play at the Metropolitano.
129,clubs,Which stadium is home to Atletico Madrid?,Atletico Madrid play at the Metropolitano.
129,clubs,Name the ground of Atletico Madrid.,Atletico Madrid play at the Metropolitano.
129,clubs,What stadium do Atletico Madrid play in?,Atletico Madrid play at the Metropolitano.
129,clubs,Atletico Madrid's home ground is called?,Atletico Madrid play at the Metropolitano.
129,clubs,The home stadium of Atletico Madrid is?,Atletico Madrid play at the Metropolitano.
129,clubs,What is the name of the stadium where Atletico Madrid plays?,Atletico Madrid play at the Metropolitano.
129,clubs,Which ground does Atletico Madrid use for home matches?,Atletico Madrid play at the Metropolitano.
129,clubs,Name the home venue of Atletico Madrid.,Atletico Madrid play at the Metropolitano.
129,clubs,What is Atletico Madrid's stadium called?,Atletico Madrid play at the Metropolitano.
129,clubs,Where do Atletico Madrid play their home fixtures?,Atletico Madrid play at the Metropolitano.
129,clubs,The stadium of Atletico Madrid is known as?,Atletico Madrid play at the Metropolitano.
129,clubs,Atletico Madrid's home field is?,Atletico Madrid play at the Metropolitano.
129,clubs,What is the home of Atletico Madrid?,Atletico Madrid play at the Metropolitano.
129,clubs,Which stadium does Atletico Madrid call home?,Atletico Madrid play at the Metropolitano.
129,clubs,Name Atletico Madrid's stadium.,Atletico Madrid play at the Metropolitano.
129,clubs,The home ground for Atletico Madrid is?,Atletico Madrid play at the Metropolitano.
129,clubs,Where is Atletico Madrid's home stadium?,Atletico Madrid play at the Metropolitano.
129,clubs,What stadium is Atletico Madrid's home?,Atletico Madrid play at the Metropolitano.
108,awards,What is the Ballon d'Or count of Michel Platini?,Michel Platini has won the Ballon d'Or 3 time(s).
108,awards,How many times did Michel Platini win the Ballon d'Or?,Michel Platini has won the Ballon d'Or 3 time(s).
108,awards,Tell me the number of Ballon d'Or trophies Michel Platini has.,Michel Platini has won the Ballon d'Or 3 time(s).
108,awards,How many Ballon d'Or awards has Michel Platini won?,Michel Platini has won the Ballon d'Or 3 time(s).
108,awards,What is Michel Platini's Ballon d'Or tally?,Michel Platini has won the Ballon d'Or 3 time(s).
108,awards,Number of Ballon d'Or awards won by Michel Platini?,Michel Platini has won the Ballon d'Or 3 time(s).
108,awards,Michel Platini has won how many Ballon d'Or awards?,Michel Platini has won the Ballon d'Or 3 time(s).
108,awards,How many Ballon d'Ors does Michel Platini have?,Michel Platini has won the Ballon d'Or 3 time(s).
108,awards,Michel Platini's Ballon d'Or wins count?,Michel Platini has won the Ballon d'Or 3 time(s).
108,awards,The number of Ballon d'Or awards for Michel Platini is?,Michel Platini has won the Ballon d'Or 3 time(s).
108,awards,How many Ballon d'Or trophies has Michel Platini won?,Michel Platini has won the Ballon d'Or 3 time(s).
108,awards,What is the total Ballon d'Or count for Michel Platini?,Michel Platini has won the Ballon d'Or 3 time(s).
108,awards,How many Ballon d'Or awards did Michel Platini win?,Michel Platini has won the Ballon d'Or 3 time(s).
108,awards,Michel Platini Ballon d'Or total?,Michel Platini has won the Ballon d'Or 3 time(s).
108,awards,Count of Michel Platini's Ballon d'Or awards?,Michel Platini has won the Ballon d'Or 3 time(s).
108,awards,How many Ballon d'Ors has Michel Platini won?,Michel Platini has won the Ballon d'Or 3 time(s).
108,awards,Michel Platini has won the Ballon d'Or how many times?,Michel Platini has won the Ballon d'Or 3 time(s).
108,awards,Number of Ballon d'Or trophies for Michel Platini?,Michel Platini has won the Ballon d'Or 3 time(s).
108,awards,What is the number of Ballon d'Or awards Michel Platini has?,Michel Platini has won the Ballon d'Or 3 time(s).
108,awards,How many times has Michel Platini won the Ballon d'Or?,Michel Platini has won the Ballon d'Or 3 time(s).
47,world_cup,Which country were the 2006 World Cup champions?,Italy won the 2006 World Cup.
47,world_cup,Name the team that won the 2006 World Cup.,Italy won the 2006 World Cup.
47,world_cup,Who won the FIFA World Cup in 2006?,Italy won the 2006 World Cup.
47,world_cup,Which nation lifted the World Cup trophy in 2006?,Italy won the 2006 World Cup.
47,world_cup,Who were the 2006 World Cup winners?,Italy won the 2006 World Cup.
47,world_cup,Which team was the 2006 World Cup champion?,Italy won the 2006 World Cup.
47,world_cup,The winner of the 2006 World Cup was?,Italy won the 2006 World Cup.
47,world_cup,Which country won the 2006 FIFA World Cup?,Italy won the 2006 World Cup.
47,world_cup,2006 World Cup winning team?,Italy won the 2006 World Cup.
47,world_cup,Name the 2006 World Cup winner.,Italy won the 2006 World Cup.
47,world_cup,Who was the 2006 World Cup champion?,Italy won the 2006 World Cup.
47,world_cup,Which nation won the 2006 World Cup?,Italy won the 2006 World Cup.
47,world_cup,Who lifted the 2006 World Cup?,Italy won the 2006 World Cup.
47,world_cup,The 2006 World Cup was won by which country?,Italy won the 2006 World Cup.
47,world_cup,Which team won the 2006 FIFA World Cup?,Italy won the 2006 World Cup.
47,world_cup,2006 FIFA World Cup champion?,Italy won the 2006 World Cup.
47,world_cup,Name the 2006 FIFA World Cup winning nation.,Italy won the 2006 World Cup.
47,world_cup,Who won the 2006 World Cup final?,Italy won the 2006 World Cup.
47,world_cup,Which country was the 2006 World Cup winner?,Italy won the 2006 World Cup.
47,world_cup,The 2006 World Cup champions were?,Italy won the 2006 World Cup.
151,players,Mohamed Salah is from which country?,Mohamed Salah is from Egypt.
151,players,For which country did Mohamed Salah play international football?,Mohamed Salah is from Egypt.
151,players,Which country does Mohamed Salah come from?,Mohamed Salah is from Egypt.
151,players,What is the nationality of Mohamed Salah?,Mohamed Salah is from Egypt.
151,players,Which nation does Mohamed Salah represent?,Mohamed Salah is from Egypt.
151,players,What country is Mohamed Salah from?,Mohamed Salah is from Egypt.
151,players,Mohamed Salah's nationality is?,Mohamed Salah is from Egypt.
151,players,Where is Mohamed Salah from?,Mohamed Salah is from Egypt.
151,players,Which country is Mohamed Salah a citizen of?,Mohamed Salah is from Egypt.
151,players,Mohamed Salah plays for which country?,Mohamed Salah is from Egypt.
151,players,What is Mohamed Salah's country of origin?,Mohamed Salah is from Egypt.
151,players,Which country does Mohamed Salah play for?,Mohamed Salah is from Egypt.
151,players,Mohamed Salah represents which nation?,Mohamed Salah is from Egypt.
151,players,What nationality is Mohamed Salah?,Mohamed Salah is from Egypt.
151,players,Which country is Mohamed Salah from?,Mohamed Salah is from Egypt.
151,players,Mohamed Salah's country is?,Mohamed Salah is from Egypt.
151,players,Where does Mohamed Salah come from?,Mohamed Salah is from Egypt.
151,players,What nation is Mohamed Salah from?,Mohamed Salah is from Egypt.
151,players,Which country is Mohamed Salah associated with?,Mohamed Salah is from Egypt.
151,players,Mohamed Salah is a player from which country?,Mohamed Salah is from Egypt.
203,managers,Who was the head coach when Germany won the 2014 World Cup?,Joachim Low was the manager when that happened.
203,managers,Which coach led the team when Germany won the 2014 World Cup?,Joachim Low was the manager when that happened.
203,managers,Who was the manager when Germany won the 2014 World Cup?,Joachim Low was the manager when that happened.
203,managers,Name the manager in charge when Germany won the 2014 World Cup.,Joachim Low was the manager when that happened.
203,managers,Which manager guided Germany to the 2014 World Cup?,Joachim Low was the manager when that happened.
203,managers,Who managed Germany during their 2014 World Cup win?,Joachim Low was the manager when that happened.
203,managers,Germany's 2014 World Cup winning manager was?,Joachim Low was the manager when that happened.
203,managers,Who was Germany's manager for their 2014 World Cup title?,Joachim Low was the manager when that happened.
203,managers,The coach who led Germany to the 2014 World Cup was?,Joachim Low was the manager when that happened.
203,managers,Name the Germany manager for the 2014 World Cup victory.,Joachim Low was the manager when that happened.
203,managers,Who was in charge of Germany when they won the 2014 World Cup?,Joachim Low was the manager when that happened.
203,managers,Which coach was at Germany for their 2014 World Cup win?,Joachim Low was the manager when that happened.
203,managers,Manager of Germany's 2014 World Cup winning team?,Joachim Low was the manager when that happened.
203,managers,Who was the Germany coach in their 2014 World Cup triumph?,Joachim Low was the manager when that happened.
203,managers,Germany won the 2014 World Cup under which manager?,Joachim Low was the manager when that happened.
203,managers,Which manager was in charge for Germany's 2014 World Cup title?,Joachim Low was the manager when that happened.
203,managers,Name the coach of Germany's 2014 World Cup champions.,Joachim Low was the manager when that happened.
203,managers,Who was the manager of Germany in 2014?,Joachim Low was the manager when that happened.
203,managers,Who was Germany's coach when they won the World Cup in 2014?,Joachim Low was the manager when that happened.
203,managers,The manager of Germany's 2014 World Cup win was?,Joachim Low was the manager when that happened.
242,rules,How many players are allowed on the field for one team?,"Each team fields 11 players on the pitch, including the goalkeeper."
242,rules,How many footballers start a match for each side?,"Each team fields 11 players on the pitch, including the goalkeeper."
242,rules,What is the number of players in a football team during a match?,"Each team fields 11 players on the pitch, including the goalkeeper."
242,rules,How many players does each team have on the pitch?,"Each team fields 11 players on the pitch, including the goalkeeper."
242,rules,How many players are on a football team on the field?,"Each team fields 11 players on the pitch, including the goalkeeper."
242,rules,What is the number of players per team in a football match?,"Each team fields 11 players on the pitch, including the goalkeeper."
242,rules,How many players are in a football team?,"Each team fields 11 players on the pitch, including the goalkeeper."
242,rules,What is the player count for a football team on the field?,"Each team fields 11 players on the pitch, including the goalkeeper."
242,rules,How many players start a football match for one team?,"Each team fields 11 players on the pitch, including the goalkeeper."
242,rules,What is the number of players on the field for a team?,"Each team fields 11 players on the pitch, including the goalkeeper."
242,rules,How many players are on the pitch for each team?,"Each team fields 11 players on the pitch, including the goalkeeper."
242,rules,What is the standard number of players in a football team?,"Each team fields 11 players on the pitch, including the goalkeeper."
242,rules,How many players are in a starting football lineup?,"Each team fields 11 players on the pitch, including the goalkeeper."
242,rules,What is the total number of players on the field for one team?,"Each team fields 11 players on the pitch, including the goalkeeper."
242,rules,How many players make up a football team on the field?,"Each team fields 11 players on the pitch, including the goalkeeper."
242,rules,What is the number of players allowed on the pitch per team?,"Each team fields 11 players on the pitch, including the goalkeeper."
242,rules,How many players are in a football starting eleven?,"Each team fields 11 players on the pitch, including the goalkeeper."
242,rules,What is the number of players in a football side?,"Each team fields 11 players on the pitch, including the goalkeeper."
242,rules,How many players are on the field for a single team?,"Each team fields 11 players on the pitch, including the goalkeeper."
242,rules,What is the player count for one team in football?,"Each team fields 11 players on the pitch, including the goalkeeper."
214,records,Which player holds the record for goals in one World Cup?,"Just Fontaine scored 13 goals at the 1958 World Cup, the record for one tournament."
214,records,Name the player with the most goals at one World Cup.,"Just Fontaine scored 13 goals at the 1958 World Cup, the record for one tournament."
214,records,Who holds the single edition World Cup scoring record?,"Just Fontaine scored 13 goals at the 1958 World Cup, the record for one tournament."
214,records,Who scored the most goals in a single World Cup tournament?,"Just Fontaine scored 13 goals at the 1958 World Cup, the record for one tournament."
214,records,Who has the record for most goals in a single World Cup?,"Just Fontaine scored 13 goals at the 1958 World Cup, the record for one tournament."
214,records,The record for most goals in one World Cup is held by?,"Just Fontaine scored 13 goals at the 1958 World Cup, the record for one tournament."
214,records,Who scored the most goals in one World Cup?,"Just Fontaine scored 13 goals at the 1958 World Cup, the record for one tournament."
214,records,Most goals in a single World Cup by which player?,"Just Fontaine scored 13 goals at the 1958 World Cup, the record for one tournament."
214,records,Who holds the record for most goals in a World Cup?,"Just Fontaine scored 13 goals at the 1958 World Cup, the record for one tournament."
214,records,Which player has the most goals in a World Cup?,"Just Fontaine scored 13 goals at the 1958 World Cup, the record for one tournament."
214,records,Most goals in a single World Cup?,"Just Fontaine scored 13 goals at the 1958 World Cup, the record for one tournament."
214,records,Who is the highest goalscorer in a single World Cup?,"Just Fontaine scored 13 goals at the 1958 World Cup, the record for one tournament."
214,records,Name the player with the most goals in one World Cup.,"Just Fontaine scored 13 goals at the 1958 World Cup, the record for one tournament."
214,records,Who has the record for most goals in a single World Cup tournament?,"Just Fontaine scored 13 goals at the 1958 World Cup, the record for one tournament."
214,records,Which footballer scored the most goals in a World Cup?,"Just Fontaine scored 13 goals at the 1958 World Cup, the record for one tournament."
214,records,Who scored the highest number of goals in a World Cup?,"Just Fontaine scored 13 goals at the 1958 World Cup, the record for one tournament."
214,records,Record for most goals in a World Cup?,"Just Fontaine scored 13 goals at the 1958 World Cup, the record for one tournament."
214,records,Who is the top goalscorer in a single World Cup?,"Just Fontaine scored 13 goals at the 1958 World Cup, the record for one tournament."
214,records,The player with the most goals in a World Cup is?,"Just Fontaine scored 13 goals at the 1958 World Cup, the record for one tournament."
214,records,Who has the most goals in a single World Cup?,"Just Fontaine scored 13 goals at the 1958 World Cup, the record for one tournament."
224,records,Which player scored the most goals in Qatar 2022?,Kylian Mbappe won the 2022 World Cup Golden Boot with 8 goals.
224,records,Who was the top scorer of the 2022 World Cup in Qatar?,Kylian Mbappe won the 2022 World Cup Golden Boot with 8 goals.
224,records,Name the 2022 World Cup top goalscorer.,Kylian Mbappe won the 2022 World Cup Golden Boot with 8 goals.
224,records,Who won the Golden Boot at the 2022 World Cup?,Kylian Mbappe won the 2022 World Cup Golden Boot with 8 goals.
224,records,Who was the leading goalscorer at the 2022 World Cup?,Kylian Mbappe won the 2022 World Cup Golden Boot with 8 goals.
224,records,Top scorer of the 2022 FIFA World Cup?,Kylian Mbappe won the 2022 World Cup Golden Boot with 8 goals.
224,records,Who scored the most goals at the 2022 World Cup?,Kylian Mbappe won the 2022 World Cup Golden Boot with 8 goals.
224,records,The top goalscorer of the 2022 World Cup was?,Kylian Mbappe won the 2022 World Cup Golden Boot with 8 goals.
224,records,Who was the 2022 World Cup Golden Boot winner?,Kylian Mbappe won the 2022 World Cup Golden Boot with 8 goals.
224,records,Which player was the top scorer in the 2022 World Cup?,Kylian Mbappe won the 2022 World Cup Golden Boot with 8 goals.
224,records,2022 World Cup top scorer?,Kylian Mbappe won the 2022 World Cup Golden Boot with 8 goals.
224,records,Who won the Golden Boot in Qatar 2022?,Kylian Mbappe won the 2022 World Cup Golden Boot with 8 goals.
224,records,Name the top scorer of the 2022 FIFA World Cup.,Kylian Mbappe won the 2022 World Cup Golden Boot with 8 goals.
224,records,Who was the highest scorer at the 2022 World Cup?,Kylian Mbappe won the 2022 World Cup Golden Boot with 8 goals.
224,records,Which footballer was the top scorer of the 2022 World Cup?,Kylian Mbappe won the 2022 World Cup Golden Boot with 8 goals.
224,records,Who claimed the 2022 World Cup Golden Boot?,Kylian Mbappe won the 2022 World Cup Golden Boot with 8 goals.
224,records,2022 World Cup Golden Boot winner?,Kylian Mbappe won the 2022 World Cup Golden Boot with 8 goals.
224,records,Who was the top goalscorer in Qatar 2022?,Kylian Mbappe won the 2022 World Cup Golden Boot with 8 goals.
224,records,The 2022 World Cup top scorer was?,Kylian Mbappe won the 2022 World Cup Golden Boot with 8 goals.
224,records,Name the player with the most goals at the 2022 World Cup.,Kylian Mbappe won the 2022 World Cup Golden Boot with 8 goals.
94,awards,Who won the Ballon d'Or in 2013?,Cristiano Ronaldo won the 2013 Ballon d'Or.
94,awards,Who took home the Ballon d'Or in 2013?,Cristiano Ronaldo won the 2013 Ballon d'Or.
94,awards,Name the 2013 Ballon d'Or winner.,Cristiano Ronaldo won the 2013 Ballon d'Or.
94,awards,Which player was awarded the 2013 Ballon d'Or?,Cristiano Ronaldo won the 2013 Ballon d'Or.
94,awards,The 2013 Ballon d'Or was won by?,Cristiano Ronaldo won the 2013 Ballon d'Or.
94,awards,Who was the 2013 Ballon d'Or recipient?,Cristiano Ronaldo won the 2013 Ballon d'Or.
94,awards,Which player won the 2013 Ballon d'Or?,Cristiano Ronaldo won the 2013 Ballon d'Or.
94,awards,2013 Ballon d'Or winner?,Cristiano Ronaldo won the 2013 Ballon d'Or.
94,awards,Name the recipient of the 2013 Ballon d'Or.,Cristiano Ronaldo won the 2013 Ballon d'Or.
94,awards,Who was awarded the Ballon d'Or in 2013?,Cristiano Ronaldo won the 2013 Ballon d'Or.
94,awards,The winner of the 2013 Ballon d'Or was?,Cristiano Ronaldo won the 2013 Ballon d'Or.
94,awards,Which footballer won the 2013 Ballon d'Or?,Cristiano Ronaldo won the 2013 Ballon d'Or.
94,awards,2013 Ballon d'Or award winner?,Cristiano Ronaldo won the 2013 Ballon d'Or.
94,awards,Who claimed the 2013 Ballon d'Or?,Cristiano Ronaldo won the 2013 Ballon d'Or.
94,awards,Name the player who won the 2013 Ballon d'Or.,Cristiano Ronaldo won the 2013 Ballon d'Or.
94,awards,Who received the 2013 Ballon d'Or?,Cristiano Ronaldo won the 2013 Ballon d'Or.
94,awards,2013 Ballon d'Or winner is?,Cristiano Ronaldo won the 2013 Ballon d'Or.
94,awards,Which player took the 2013 Ballon d'Or?,Cristiano Ronaldo won the 2013 Ballon d'Or.
94,awards,Who was the winner of the 2013 Ballon d'Or?,Cristiano Ronaldo won the 2013 Ballon d'Or.
94,awards,The 2013 Ballon d'Or recipient was?,Cristiano Ronaldo won the 2013 Ballon d'Or.
82,league,Name the team that won the English league title in 2018-19.,Manchester City won the Premier League in 2018-19.
82,league,Which team topped the Premier League table in 2018-19?,Manchester City won the Premier League in 2018-19.
82,league,Which club were the 2018-19 Premier League champions?,Manchester City won the Premier League in 2018-19.
82,league,Who won the Premier League in the 2018-19 season?,Manchester City won the Premier League in 2018-19.
82,league,Who were the 2018-19 Premier League winners?,Manchester City won the Premier League in 2018-19.
82,league,Which team won the 2018-19 Premier League?,Manchester City won the Premier League in 2018-19.
82,league,The 2018-19 Premier League champions were?,Manchester City won the Premier League in 2018-19.
82,league,Which club won the 2018-19 Premier League title?,Manchester City won the Premier League in 2018-19.
82,league,Who claimed the 2018-19 Premier League title?,Manchester City won the Premier League in 2018-19.
82,league,2018-19 Premier League winning team?,Manchester City won the Premier League in 2018-19.
82,league,Name the 2018-19 Premier League winner.,Manchester City won the Premier League in 2018-19.
82,league,Which team were the 2018-19 English league champions?,Manchester City won the Premier League in 2018-19.
82,league,Who won the English Premier League in 2018-19?,Manchester City won the Premier League in 2018-19.
82,league,The winner of the 2018-19 Premier League was?,Manchester City won the Premier League in 2018-19.
82,league,Which club topped the 2018-19 Premier League?,Manchester City won the Premier League in 2018-19.
82,league,Who were the champions of the 2018-19 Premier League?,Manchester City won the Premier League in 2018-19.
82,league,2018-19 Premier League title winner?,Manchester City won the Premier League in 2018-19.
82,league,Which team won the 2018-19 English Premier League?,Manchester City won the Premier League in 2018-19.
82,league,Who won the 2018-19 Premier League season?,Manchester City won the Premier League in 2018-19.
82,league,Premier League 2018-19 champions?,Manchester City won the Premier League in 2018-19.
8,trophies,How many Champions League titles has Juventus won?,Juventus have won the European Cup / Champions League 2 time(s).
8,trophies,How many times did Juventus win the UEFA Champions League?,Juventus have won the European Cup / Champions League 2 time(s).
8,trophies,Tell me how many Champions League trophies Juventus have lifted.,Juventus have won the European Cup / Champions League 2 time(s).
8,trophies,What is the number of European Cup trophies won by Juventus?,Juventus have won the European Cup / Champions League 2 time(s).
8,trophies,What is Juventus's Champions League title count?,Juventus have won the European Cup / Champions League 2 time(s).
8,trophies,Number of Champions League titles won by Juventus?,Juventus have won the European Cup / Champions League 2 time(s).
8,trophies,Juventus has won how many Champions League titles?,Juventus have won the European Cup / Champions League 2 time(s).
8,trophies,How many Champions League trophies does Juventus have?,Juventus have won the European Cup / Champions League 2 time(s).
8,trophies,Juventus's Champions League wins count?,Juventus have won the European Cup / Champions League 2 time(s).
8,trophies,The number of Champions League titles for Juventus is?,Juventus have won the European Cup / Champions League 2 time(s).
8,trophies,How many European Cup / Champions League titles has Juventus won?,Juventus have won the European Cup / Champions League 2 time(s).
8,trophies,What is the total Champions League count for Juventus?,Juventus have won the European Cup / Champions League 2 time(s).
8,trophies,How many Champions League awards did Juventus win?,Juventus have won the European Cup / Champions League 2 time(s).
8,trophies,Juventus Champions League total?,Juventus have won the European Cup / Champions League 2 time(s).
8,trophies,Count of Juventus's Champions League titles?,Juventus have won the European Cup / Champions League 2 time(s).
8,trophies,How many Champions League trophies has Juventus won?,Juventus have won the European Cup / Champions League 2 time(s).
8,trophies,Juventus has won the Champions League how many times?,Juventus have won the European Cup / Champions League 2 time(s).
8,trophies,Number of Champions League trophies for Juventus?,Juventus have won the European Cup / Champions League 2 time(s).
8,trophies,What is the number of Champions League titles Juventus has?,Juventus have won the European Cup / Champions League 2 time(s).
8,trophies,How many times has Juventus won the Champions League?,Juventus have won the European Cup / Champions League 2 time(s).
85,league,Which club were the 2021-22 Premier League champions?,Manchester City won the Premier League in 2021-22.
85,league,Which team topped the Premier League table in 2021-22?,Manchester City won the Premier League in 2021-22.
85,league,Name the team that won the English league title in 2021-22.,Manchester City won the Premier League in 2021-22.
85,league,Who won the Premier League in the 2021-22 season?,Manchester City won the Premier League in 2021-22.
85,league,Who were the 2021-22 Premier League winners?,Manchester City won the Premier League in 2021-22.
85,league,Which team won the 2021-22 Premier League?,Manchester City won the Premier League in 2021-22.
85,league,The 2021-22 Premier League champions were?,Manchester City won the Premier League in 2021-22.
85,league,Which club won the 2021-22 Premier League title?,Manchester City won the Premier League in 2021-22.
85,league,Who claimed the 2021-22 Premier League title?,Manchester City won the Premier League in 2021-22.
85,league,2021-22 Premier League winning team?,Manchester City won the Premier League in 2021-22.
85,league,Name the 2021-22 Premier League winner.,Manchester City won the Premier League in 2021-22.
85,league,Which team were the 2021-22 English league champions?,Manchester City won the Premier League in 2021-22.
85,league,Who won the English Premier League in 2021-22?,Manchester City won the Premier League in 2021-22.
85,league,The winner of the 2021-22 Premier League was?,Manchester City won the Premier League in 2021-22.
85,league,Which club topped the 2021-22 Premier League?,Manchester City won the Premier League in 2021-22.
85,league,Who were the champions of the 2021-22 Premier League?,Manchester City won the Premier League in 2021-22.
85,league,2021-22 Premier League title winner?,Manchester City won the Premier League in 2021-22.
85,league,Which team won the 2021-22 English Premier League?,Manchester City won the Premier League in 2021-22.
85,league,Who won the 2021-22 Premier League season?,Manchester City won the Premier League in 2021-22.
85,league,Premier League 2021-22 champions?,Manchester City won the Premier League in 2021-22.
76,league,Who won the Premier League in the 2012-13 season?,Manchester United won the Premier League in 2012-13.
76,league,Name the team that won the English league title in 2012-13.,Manchester United won the Premier League in 2012-13.
76,league,Which team topped the Premier League table in 2012-13?,Manchester United won the Premier League in 2012-13.
76,league,Which club were the 2012-13 Premier League champions?,Manchester United won the Premier League in 2012-13.
76,league,Who were the 2012-13 Premier League winners?,Manchester United won the Premier League in 2012-13.
76,league,Which team won the 2012-13 Premier League?,Manchester United won the Premier League in 2012-13.
76,league,The 2012-13 Premier League champions were?,Manchester United won the Premier League in 2012-13.
76,league,Which club won the 2012-13 Premier League title?,Manchester United won the Premier League in 2012-13.
76,league,Who claimed the 2012-13 Premier League title?,Manchester United won the Premier League in 2012-13.
76,league,2012-13 Premier League winning team?,Manchester United won the Premier League in 2012-13.
76,league,Name the 2012-13 Premier League winner.,Manchester United won the Premier League in 2012-13.
76,league,Which team were the 2012-13 English league champions?,Manchester United won the Premier League in 2012-13.
76,league,Who won the English Premier League in 2012-13?,Manchester United won the Premier League in 2012-13.
76,league,The winner of the 2012-13 Premier League was?,Manchester United won the Premier League in 2012-13.
76,league,Which club topped the 2012-13 Premier League?,Manchester United won the Premier League in 2012-13.
76,league,Who were the champions of the 2012-13 Premier League?,Manchester United won the Premier League in 2012-13.
76,league,2012-13 Premier League title winner?,Manchester United won the Premier League in 2012-13.
76,league,Which team won the 2012-13 English Premier League?,Manchester United won the Premier League in 2012-13.
76,league,Who won the 2012-13 Premier League season?,Manchester United won the Premier League in 2012-13.
76,league,Premier League 2012-13 champions?,Manchester United won the Premier League in 2012-13.
99,awards,Who won the Ballon d'Or in 2018?,Luka Modric won the 2018 Ballon d'Or.
99,awards,Who took home the Ballon d'Or in 2018?,Luka Modric won the 2018 Ballon d'Or.
99,awards,Name the 2018 Ballon d'Or winner.,Luka Modric won the 2018 Ballon d'Or.
99,awards,Which player was awarded the 2018 Ballon d'Or?,Luka Modric won the 2018 Ballon d'Or.
99,awards,The 2018 Ballon d'Or was won by?,Luka Modric won the 2018 Ballon d'Or.
99,awards,Who was the 2018 Ballon d'Or recipient?,Luka Modric won the 2018 Ballon d'Or.
99,awards,Which player won the 2018 Ballon d'Or?,Luka Modric won the 2018 Ballon d'Or.
99,awards,2018 Ballon d'Or winner?,Luka Modric won the 2018 Ballon d'Or.
99,awards,Name the recipient of the 2018 Ballon d'Or.,Luka Modric won the 2018 Ballon d'Or.
99,awards,Who was awarded the Ballon d'Or in 2018?,Luka Modric won the 2018 Ballon d'Or.
99,awards,The winner of the 2018 Ballon d'Or was?,Luka Modric won the 2018 Ballon d'Or.
99,awards,Which footballer won the 2018 Ballon d'Or?,Luka Modric won the 2018 Ballon d'Or.
99,awards,2018 Ballon d'Or award winner?,Luka Modric won the 2018 Ballon d'Or.
99,awards,Who claimed the 2018 Ballon d'Or?,Luka Modric won the 2018 Ballon d'Or.
99,awards,Name the player who won the 2018 Ballon d'Or.,Luka Modric won the 2018 Ballon d'Or.
99,awards,Who received the 2018 Ballon d'Or?,Luka Modric won the 2018 Ballon d'Or.
99,awards,2018 Ballon d'Or winner is?,Luka Modric won the 2018 Ballon d'Or.
99,awards,Which player took the 2018 Ballon d'Or?,Luka Modric won the 2018 Ballon d'Or.
99,awards,Who was the winner of the 2018 Ballon d'Or?,Luka Modric won the 2018 Ballon d'Or.
99,awards,The 2018 Ballon d'Or recipient was?,Luka Modric won the 2018 Ballon d'Or.
171,players,Which position is Virgil van Dijk best known for?,Virgil van Dijk plays as a centre-back.
171,players,Virgil van Dijk plays as what type of player?,Virgil van Dijk plays as a centre-back.
171,players,What position does Virgil van Dijk play?,Virgil van Dijk plays as a centre-back.
171,players,Which role did Virgil van Dijk have on the pitch?,Virgil van Dijk plays as a centre-back.
171,players,What is Virgil van Dijk's position?,Virgil van Dijk plays as a centre-back.
171,players,Virgil van Dijk's playing position is?,Virgil van Dijk plays as a centre-back.
171,players,Where does Virgil van Dijk play on the pitch?,Virgil van Dijk plays as a centre-back.
171,players,What role does Virgil van Dijk play?,Virgil van Dijk plays as a centre-back.
171,players,Virgil van Dijk is a?,Virgil van Dijk plays as a centre-back.
171,players,What position is Virgil van Dijk known for?,Virgil van Dijk plays as a centre-back.
171,players,Virgil van Dijk's role in the team is?,Virgil van Dijk plays as a centre-back.
171,players,What type of player is Virgil van Dijk?,Virgil van Dijk plays as a centre-back.
171,players,Virgil van Dijk plays in which position?,Virgil van Dijk plays as a centre-back.
171,players,What is the playing position of Virgil van Dijk?,Virgil van Dijk plays as a centre-back.
171,players,Virgil van Dijk is best known for playing as a?,Virgil van Dijk plays as a centre-back.
171,players,What position does Virgil van Dijk occupy?,Virgil van Dijk plays as a centre-back.
171,players,Virgil van Dijk's position on the field is?,Virgil van Dijk plays as a centre-back.
171,players,What is Virgil van Dijk's role?,Virgil van Dijk plays as a centre-back.
171,players,Virgil van Dijk is a player in which position?,Virgil van Dijk plays as a centre-back.
171,players,What position did Virgil van Dijk play?,Virgil van Dijk plays as a centre-back.
117,clubs,Which stadium is home to Barcelona?,Barcelona play at Camp Nou.
117,clubs,Where does Barcelona play its home games?,Barcelona play at Camp Nou.
117,clubs,Name the ground of Barcelona.,Barcelona play at Camp Nou.
117,clubs,What is the name of Barcelona's home stadium?,Barcelona play at Camp Nou.
117,clubs,What stadium do Barcelona play in?,Barcelona play at Camp Nou.
117,clubs,Barcelona's home ground is called?,Barcelona play at Camp Nou.
117,clubs,The home stadium of Barcelona is?,Barcelona play at Camp Nou.
117,clubs,What is the name of the stadium where Barcelona plays?,Barcelona play at Camp Nou.
117,clubs,Which ground does Barcelona use for home matches?,Barcelona play at Camp Nou.
117,clubs,Name the home venue of Barcelona.,Barcelona play at Camp Nou.
117,clubs,What is Barcelona's stadium called?,Barcelona play at Camp Nou.
117,clubs,Where do Barcelona play their home fixtures?,Barcelona play at Camp Nou.
117,clubs,The stadium of Barcelona is known as?,Barcelona play at Camp Nou.
117,clubs,Barcelona's home field is?,Barcelona play at Camp Nou.
117,clubs,What is the home of Barcelona?,Barcelona play at Camp Nou.
117,clubs,Which stadium does Barcelona call home?,Barcelona play at Camp Nou.
117,clubs,Name Barcelona's stadium.,Barcelona play at Camp Nou.
117,clubs,The home ground for Barcelona is?,Barcelona play at Camp Nou.
117,clubs,Where is Barcelona's home stadium?,Barcelona play at Camp Nou.
117,clubs,What stadium is Barcelona's home?,Barcelona play at Camp Nou.
55,world_cup,Who were the hosts of the 1982 World Cup?,The 1982 World Cup was hosted by Spain.
55,world_cup,Name the host nation of the 1982 World Cup.,The 1982 World Cup was hosted by Spain.
55,world_cup,Which country hosted the World Cup in 1982?,The 1982 World Cup was hosted by Spain.
55,world_cup,Where was the 1982 FIFA World Cup held?,The 1982 World Cup was hosted by Spain.
55,world_cup,Which nation was the host of the 1982 World Cup?,The 1982 World Cup was hosted by Spain.
55,world_cup,Tell me the host country of the 1982 World Cup.,The 1982 World Cup was hosted by Spain.
55,world_cup,What country hosted the 1982 World Cup?,The 1982 World Cup was hosted by Spain.
55,world_cup,The 1982 World Cup was held in which country?,The 1982 World Cup was hosted by Spain.
55,world_cup,Which country was the host for the 1982 World Cup?,The 1982 World Cup was hosted by Spain.
55,world_cup,Host nation of the 1982 FIFA World Cup?,The 1982 World Cup was hosted by Spain.
55,world_cup,Can you name the host of the 1982 World Cup?,The 1982 World Cup was hosted by Spain.
55,world_cup,The host nation for the 1982 World Cup was?,The 1982 World Cup was hosted by Spain.
55,world_cup,Which nation hosted the 1982 FIFA World Cup?,The 1982 World Cup was hosted by Spain.
55,world_cup,1982 World Cup host country?,The 1982 World Cup was hosted by Spain.
55,world_cup,Name the country that hosted the 1982 World Cup.,The 1982 World Cup was hosted by Spain.
55,world_cup,Who was the host of the 1982 World Cup?,The 1982 World Cup was hosted by Spain.
55,world_cup,Which country held the 1982 World Cup?,The 1982 World Cup was hosted by Spain.
55,world_cup,The 1982 World Cup host was which nation?,The 1982 World Cup was hosted by Spain.
55,world_cup,Name the 1982 World Cup host.,The 1982 World Cup was hosted by Spain.
55,world_cup,Which country was the 1982 World Cup host?,The 1982 World Cup was hosted by Spain.
41,world_cup,Who won the FIFA World Cup in 1982?,Italy won the 1982 World Cup.
41,world_cup,Which country were the 1982 World Cup champions?,Italy won the 1982 World Cup.
41,world_cup,Name the team that won the 1982 World Cup.,Italy won the 1982 World Cup.
41,world_cup,Which nation lifted the World Cup trophy in 1982?,Italy won the 1982 World Cup.
41,world_cup,Who were the 1982 World Cup winners?,Italy won the 1982 World Cup.
41,world_cup,Which team was the 1982 World Cup champion?,Italy won the 1982 World Cup.
41,world_cup,The winner of the 1982 World Cup was?,Italy won the 1982 World Cup.
41,world_cup,Which country won the 1982 FIFA World Cup?,Italy won the 1982 World Cup.
41,world_cup,1982 World Cup winning team?,Italy won the 1982 World Cup.
41,world_cup,Name the 1982 World Cup winner.,Italy won the 1982 World Cup.
41,world_cup,Who was the 1982 World Cup champion?,Italy won the 1982 World Cup.
41,world_cup,Which nation won the 1982 World Cup?,Italy won the 1982 World Cup.
41,world_cup,Who lifted the 1982 World Cup?,Italy won the 1982 World Cup.
41,world_cup,The 1982 World Cup was won by which country?,Italy won the 1982 World Cup.
41,world_cup,Which team won the 1982 FIFA World Cup?,Italy won the 1982 World Cup.
41,world_cup,1982 FIFA World Cup champion?,Italy won the 1982 World Cup.
41,world_cup,Name the 1982 FIFA World Cup winning nation.,Italy won the 1982 World Cup.
41,world_cup,Who won the 1982 World Cup final?,Italy won the 1982 World Cup.
41,world_cup,Which country was the 1982 World Cup winner?,Italy won the 1982 World Cup.
41,world_cup,The 1982 World Cup champions were?,Italy won the 1982 World Cup.
177,players,Which role did Xavi have on the pitch?,Xavi plays as a midfielder.
177,players,Which position is Xavi best known for?,Xavi plays as a midfielder.
177,players,What position does Xavi play?,Xavi plays as a midfielder.
177,players,Xavi plays as what type of player?,Xavi plays as a midfielder.
177,players,What is Xavi's position?,Xavi plays as a midfielder.
177,players,Xavi's playing position is?,Xavi plays as a midfielder.
177,players,Where does Xavi play on the pitch?,Xavi plays as a midfielder.
177,players,What role does Xavi play?,Xavi plays as a midfielder.
177,players,Xavi is a?,Xavi plays as a midfielder.
177,players,What position is Xavi known for?,Xavi plays as a midfielder.
177,players,Xavi's role in the team is?,Xavi plays as a midfielder.
177,players,What type of player is Xavi?,Xavi plays as a midfielder.
177,players,Xavi plays in which position?,Xavi plays as a midfielder.
177,players,What is the playing position of Xavi?,Xavi plays as a midfielder.
177,players,Xavi is best known for playing as a?,Xavi plays as a midfielder.
177,players,What position does Xavi occupy?,Xavi plays as a midfielder.
177,players,Xavi's position on the field is?,Xavi plays as a midfielder.
177,players,What is Xavi's role?,Xavi plays as a midfielder.
177,players,Xavi is a player in which position?,Xavi plays as a midfielder.
177,players,What position did Xavi play?,Xavi plays as a midfielder.
105,awards,Who took home the Ballon d'Or in 2025?,Ousmane Dembele won the 2025 Ballon d'Or.
105,awards,Who won the Ballon d'Or in 2025?,Ousmane Dembele won the 2025 Ballon d'Or.
105,awards,Name the 2025 Ballon d'Or winner.,Ousmane Dembele won the 2025 Ballon d'Or.
105,awards,Which player was awarded the 2025 Ballon d'Or?,Ousmane Dembele won the 2025 Ballon d'Or.
105,awards,The 2025 Ballon d'Or was won by?,Ousmane Dembele won the 2025 Ballon d'Or.
105,awards,Who was the 2025 Ballon d'Or recipient?,Ousmane Dembele won the 2025 Ballon d'Or.
105,awards,Which player won the 2025 Ballon d'Or?,Ousmane Dembele won the 2025 Ballon d'Or.
105,awards,2025 Ballon d'Or winner?,Ousmane Dembele won the 2025 Ballon d'Or.
105,awards,Name the recipient of the 2025 Ballon d'Or.,Ousmane Dembele won the 2025 Ballon d'Or.
105,awards,Who was awarded the Ballon d'Or in 2025?,Ousmane Dembele won the 2025 Ballon d'Or.
105,awards,The winner of the 2025 Ballon d'Or was?,Ousmane Dembele won the 2025 Ballon d'Or.
105,awards,Which footballer won the 2025 Ballon d'Or?,Ousmane Dembele won the 2025 Ballon d'Or.
105,awards,2025 Ballon d'Or award winner?,Ousmane Dembele won the 2025 Ballon d'Or.
105,awards,Who claimed the 2025 Ballon d'Or?,Ousmane Dembele won the 2025 Ballon d'Or.
105,awards,Name the player who won the 2025 Ballon d'Or.,Ousmane Dembele won the 2025 Ballon d'Or.
105,awards,Who received the 2025 Ballon d'Or?,Ousmane Dembele won the 2025 Ballon d'Or.
105,awards,2025 Ballon d'Or winner is?,Ousmane Dembele won the 2025 Ballon d'Or.
105,awards,Which player took the 2025 Ballon d'Or?,Ousmane Dembele won the 2025 Ballon d'Or.
105,awards,Who was the winner of the 2025 Ballon d'Or?,Ousmane Dembele won the 2025 Ballon d'Or.
105,awards,The 2025 Ballon d'Or recipient was?,Ousmane Dembele won the 2025 Ballon d'Or.
39,world_cup,Which country were the 1974 World Cup champions?,West Germany won the 1974 World Cup.
39,world_cup,Name the team that won the 1974 World Cup.,West Germany won the 1974 World Cup.
39,world_cup,Who won the FIFA World Cup in 1974?,West Germany won the 1974 World Cup.
39,world_cup,Which nation lifted the World Cup trophy in 1974?,West Germany won the 1974 World Cup.
39,world_cup,Who were the 1974 World Cup winners?,West Germany won the 1974 World Cup.
39,world_cup,Which team was the 1974 World Cup champion?,West Germany won the 1974 World Cup.
39,world_cup,The winner of the 1974 World Cup was?,West Germany won the 1974 World Cup.
39,world_cup,Which country won the 1974 FIFA World Cup?,West Germany won the 1974 World Cup.
39,world_cup,1974 World Cup winning team?,West Germany won the 1974 World Cup.
39,world_cup,Name the 1974 World Cup winner.,West Germany won the 1974 World Cup.
39,world_cup,Who was the 1974 World Cup champion?,West Germany won the 1974 World Cup.
39,world_cup,Which nation won the 1974 World Cup?,West Germany won the 1974 World Cup.
39,world_cup,Who lifted the 1974 World Cup?,West Germany won the 1974 World Cup.
39,world_cup,The 1974 World Cup was won by which country?,West Germany won the 1974 World Cup.
39,world_cup,Which team won the 1974 FIFA World Cup?,West Germany won the 1974 World Cup.
39,world_cup,1974 FIFA World Cup champion?,West Germany won the 1974 World Cup.
39,world_cup,Name the 1974 FIFA World Cup winning nation.,West Germany won the 1974 World Cup.
39,world_cup,Who won the 1974 World Cup final?,West Germany won the 1974 World Cup.
39,world_cup,Which country was the 1974 World Cup winner?,West Germany won the 1974 World Cup.
39,world_cup,The 1974 World Cup champions were?,West Germany won the 1974 World Cup.
151,players,For which country did Mohamed Salah play international football?,Mohamed Salah is from Egypt.
151,players,Mohamed Salah is from which country?,Mohamed Salah is from Egypt.
151,players,Which country does Mohamed Salah come from?,Mohamed Salah is from Egypt.
151,players,What is the nationality of Mohamed Salah?,Mohamed Salah is from Egypt.
151,players,Which nation does Mohamed Salah represent?,Mohamed Salah is from Egypt.
151,players,What country is Mohamed Salah from?,Mohamed Salah is from Egypt.
151,players,Mohamed Salah's nationality is?,Mohamed Salah is from Egypt.
151,players,Where is Mohamed Salah from?,Mohamed Salah is from Egypt.
151,players,Which country is Mohamed Salah a citizen of?,Mohamed Salah is from Egypt.
151,players,Mohamed Salah plays for which country?,Mohamed Salah is from Egypt.
151,players,What is Mohamed Salah's country of origin?,Mohamed Salah is from Egypt.
151,players,Which country does Mohamed Salah play for?,Mohamed Salah is from Egypt.
151,players,Mohamed Salah represents which nation?,Mohamed Salah is from Egypt.
151,players,What nationality is Mohamed Salah?,Mohamed Salah is from Egypt.
151,players,Which country is Mohamed Salah from?,Mohamed Salah is from Egypt.
151,players,Mohamed Salah's country is?,Mohamed Salah is from Egypt.
151,players,Where does Mohamed Salah come from?,Mohamed Salah is from Egypt.
151,players,What nation is Mohamed Salah from?,Mohamed Salah is from Egypt.
151,players,Which country is Mohamed Salah associated with?,Mohamed Salah is from Egypt.
151,players,Mohamed Salah is a player from which country?,Mohamed Salah is from Egypt.
205,managers,Name the manager in charge when Brazil won the 2002 World Cup.,Luiz Felipe Scolari was the manager when that happened.
205,managers,Which coach led the team when Brazil won the 2002 World Cup?,Luiz Felipe Scolari was the manager when that happened.
205,managers,Who was the manager when Brazil won the 2002 World Cup?,Luiz Felipe Scolari was the manager when that happened.
205,managers,Who was the head coach when Brazil won the 2002 World Cup?,Luiz Felipe Scolari was the manager when that happened.
205,managers,Which manager guided Brazil to the 2002 World Cup?,Luiz Felipe Scolari was the manager when that happened.
205,managers,Who managed Brazil during their 2002 World Cup win?,Luiz Felipe Scolari was the manager when that happened.
205,managers,Brazil's 2002 World Cup winning manager was?,Luiz Felipe Scolari was the manager when that happened.
205,managers,Who was Brazil's manager for their 2002 World Cup title?,Luiz Felipe Scolari was the manager when that happened.
205,managers,The coach who led Brazil to the 2002 World Cup was?,Luiz Felipe Scolari was the manager when that happened.
205,managers,Name the Brazil manager for the 2002 World Cup victory.,Luiz Felipe Scolari was the manager when that happened.
205,managers,Who was in charge of Brazil when they won the 2002 World Cup?,Luiz Felipe Scolari was the manager when that happened.
205,managers,Which coach was at Brazil for their 2002 World Cup win?,Luiz Felipe Scolari was the manager when that happened.
205,managers,Manager of Brazil's 2002 World Cup winning team?,Luiz Felipe Scolari was the manager when that happened.
205,managers,Who was the Brazil coach in their 2002 World Cup triumph?,Luiz Felipe Scolari was the manager when that happened.
205,managers,Brazil won the 2002 World Cup under which manager?,Luiz Felipe Scolari was the manager when that happened.
205,managers,Which manager was in charge for Brazil's 2002 World Cup title?,Luiz Felipe Scolari was the manager when that happened.
205,managers,Name the coach of Brazil's 2002 World Cup champions.,Luiz Felipe Scolari was the manager when that happened.
205,managers,Who was the manager of Brazil in 2002?,Luiz Felipe Scolari was the manager when that happened.
205,managers,Who was Brazil's coach when they won the World Cup in 2002?,Luiz Felipe Scolari was the manager when that happened.
205,managers,The manager of Brazil's 2002 World Cup win was?,Luiz Felipe Scolari was the manager when that happened.
147,players,For which country did Cristiano Ronaldo play international football?,Cristiano Ronaldo is from Portugal.
147,players,What is the nationality of Cristiano Ronaldo?,Cristiano Ronaldo is from Portugal.
147,players,Which country does Cristiano Ronaldo come from?,Cristiano Ronaldo is from Portugal.
147,players,Cristiano Ronaldo is from which country?,Cristiano Ronaldo is from Portugal.
147,players,Which nation does Cristiano Ronaldo represent?,Cristiano Ronaldo is from Portugal.
147,players,What country is Cristiano Ronaldo from?,Cristiano Ronaldo is from Portugal.
147,players,Cristiano Ronaldo's nationality is?,Cristiano Ronaldo is from Portugal.
147,players,Where is Cristiano Ronaldo from?,Cristiano Ronaldo is from Portugal.
147,players,Which country is Cristiano Ronaldo a citizen of?,Cristiano Ronaldo is from Portugal.
147,players,Cristiano Ronaldo plays for which country?,Cristiano Ronaldo is from Portugal.
147,players,What is Cristiano Ronaldo's country of origin?,Cristiano Ronaldo is from Portugal.
147,players,Which country does Cristiano Ronaldo play for?,Cristiano Ronaldo is from Portugal.
147,players,Cristiano Ronaldo represents which nation?,Cristiano Ronaldo is from Portugal.
147,players,What nationality is Cristiano Ronaldo?,Cristiano Ronaldo is from Portugal.
147,players,Which country is Cristiano Ronaldo from?,Cristiano Ronaldo is from Portugal.
147,players,Cristiano Ronaldo's country is?,Cristiano Ronaldo is from Portugal.
147,players,Where does Cristiano Ronaldo come from?,Cristiano Ronaldo is from Portugal.
147,players,What nation is Cristiano Ronaldo from?,Cristiano Ronaldo is from Portugal.
147,players,Which country is Cristiano Ronaldo associated with?,Cristiano Ronaldo is from Portugal.
147,players,Cristiano Ronaldo is a player from which country?,Cristiano Ronaldo is from Portugal.
120,clubs,What is the name of Arsenal's home stadium?,Arsenal play at the Emirates Stadium.
120,clubs,Where does Arsenal play its home games?,Arsenal play at the Emirates Stadium.
120,clubs,Which stadium is home to Arsenal?,Arsenal play at the Emirates Stadium.
120,clubs,Name the ground of Arsenal.,Arsenal play at the Emirates Stadium.
120,clubs,What stadium do Arsenal play in?,Arsenal play at the Emirates Stadium.
120,clubs,Arsenal's home ground is called?,Arsenal play at the Emirates Stadium.
120,clubs,The home stadium of Arsenal is?,Arsenal play at the Emirates Stadium.
120,clubs,What is the name of the stadium where Arsenal plays?,Arsenal play at the Emirates Stadium.
120,clubs,Which ground does Arsenal use for home matches?,Arsenal play at the Emirates Stadium.
120,clubs,Name the home venue of Arsenal.,Arsenal play at the Emirates Stadium.
120,clubs,What is Arsenal's stadium called?,Arsenal play at the Emirates Stadium.
120,clubs,Where do Arsenal play their home fixtures?,Arsenal play at the Emirates Stadium.
120,clubs,The stadium of Arsenal is known as?,Arsenal play at the Emirates Stadium.
120,clubs,Arsenal's home field is?,Arsenal play at the Emirates Stadium.
120,clubs,What is the home of Arsenal?,Arsenal play at the Emirates Stadium.
120,clubs,Which stadium does Arsenal call home?,Arsenal play at the Emirates Stadium.
120,clubs,Name Arsenal's stadium.,Arsenal play at the Emirates Stadium.
120,clubs,The home ground for Arsenal is?,Arsenal play at the Emirates Stadium.
120,clubs,Where is Arsenal's home stadium?,Arsenal play at the Emirates Stadium.
120,clubs,What stadium is Arsenal's home?,Arsenal play at the Emirates Stadium.
75,league,Which club were the 2011-12 Premier League champions?,Manchester City won the Premier League in 2011-12.
75,league,Which team topped the Premier League table in 2011-12?,Manchester City won the Premier League in 2011-12.
75,league,Name the team that won the English league title in 2011-12.,Manchester City won the Premier League in 2011-12.
75,league,Who won the Premier League in the 2011-12 season?,Manchester City won the Premier League in 2011-12.
75,league,Who were the 2011-12 Premier League winners?,Manchester City won the Premier League in 2011-12.
75,league,Which team won the 2011-12 Premier League?,Manchester City won the Premier League in 2011-12.
75,league,The 2011-12 Premier League champions were?,Manchester City won the Premier League in 2011-12.
75,league,Which club won the 2011-12 Premier League title?,Manchester City won the Premier League in 2011-12.
75,league,Who claimed the 2011-12 Premier League title?,Manchester City won the Premier League in 2011-12.
75,league,2011-12 Premier League winning team?,Manchester City won the Premier League in 2011-12.
75,league,Name the 2011-12 Premier League winner.,Manchester City won the Premier League in 2011-12.
75,league,Which team were the 2011-12 English league champions?,Manchester City won the Premier League in 2011-12.
75,league,Who won the English Premier League in 2011-12?,Manchester City won the Premier League in 2011-12.
75,league,The winner of the 2011-12 Premier League was?,Manchester City won the Premier League in 2011-12.
75,league,Which club topped the 2011-12 Premier League?,Manchester City won the Premier League in 2011-12.
75,league,Who were the champions of the 2011-12 Premier League?,Manchester City won the Premier League in 2011-12.
75,league,2011-12 Premier League title winner?,Manchester City won the Premier League in 2011-12.
75,league,Which team won the 2011-12 English Premier League?,Manchester City won the Premier League in 2011-12.
75,league,Who won the 2011-12 Premier League season?,Manchester City won the Premier League in 2011-12.
75,league,Premier League 2011-12 champions?,Manchester City won the Premier League in 2011-12.
5,trophies,How many Champions League titles has Ajax won?,Ajax have won the European Cup / Champions League 4 time(s).
5,trophies,How many times did Ajax win the UEFA Champions League?,Ajax have won the European Cup / Champions League 4 time(s).
5,trophies,Tell me how many Champions League trophies Ajax have lifted.,Ajax have won the European Cup / Champions League 4 time(s).
5,trophies,What is the number of European Cup trophies won by Ajax?,Ajax have won the European Cup / Champions League 4 time(s).
5,trophies,What is Ajax's Champions League title count?,Ajax have won the European Cup / Champions League 4 time(s).
5,trophies,Number of Champions League titles won by Ajax?,Ajax have won the European Cup / Champions League 4 time(s).
5,trophies,Ajax has won how many Champions League titles?,Ajax have won the European Cup / Champions League 4 time(s).
5,trophies,How many Champions League trophies does Ajax have?,Ajax have won the European Cup / Champions League 4 time(s).
5,trophies,Ajax's Champions League wins count?,Ajax have won the European Cup / Champions League 4 time(s).
5,trophies,The number of Champions League titles for Ajax is?,Ajax have won the European Cup / Champions League 4 time(s).
5,trophies,How many European Cup / Champions League titles has Ajax won?,Ajax have won the European Cup / Champions League 4 time(s).
5,trophies,What is the total Champions League count for Ajax?,Ajax have won the European Cup / Champions League 4 time(s).
5,trophies,How many Champions League awards did Ajax win?,Ajax have won the European Cup / Champions League 4 time(s).
5,trophies,Ajax Champions League total?,Ajax have won the European Cup / Champions League 4 time(s).
5,trophies,Count of Ajax's Champions League titles?,Ajax have won the European Cup / Champions League 4 time(s).
5,trophies,How many Champions League trophies has Ajax won?,Ajax have won the European Cup / Champions League 4 time(s).
5,trophies,Ajax has won the Champions League how many times?,Ajax have won the European Cup / Champions League 4 time(s).
5,trophies,Number of Champions League trophies for Ajax?,Ajax have won the European Cup / Champions League 4 time(s).
5,trophies,What is the number of Champions League titles Ajax has?,Ajax have won the European Cup / Champions League 4 time(s).
5,trophies,How many times has Ajax won the Champions League?,Ajax have won the European Cup / Champions League 4 time(s).
68,euros,Which country won Euro 2004?,Greece won Euro 2004.
68,euros,Name the winner of the 2004 Euros.,Greece won Euro 2004.
68,euros,Which team were the Euro 2004 champions?,Greece won Euro 2004.
68,euros,Who won the UEFA European Championship in 2004?,Greece won Euro 2004.
68,euros,Who were the Euro 2004 winners?,Greece won Euro 2004.
68,euros,Which team won the 2004 European Championship?,Greece won Euro 2004.
68,euros,The 2004 Euro champions were?,Greece won Euro 2004.
68,euros,Who claimed the Euro 2004 title?,Greece won Euro 2004.
68,euros,2004 European Championship winning team?,Greece won Euro 2004.
68,euros,Name the 2004 Euro winner.,Greece won Euro 2004.
68,euros,Which country were the 2004 European champions?,Greece won Euro 2004.
68,euros,Who won the 2004 European Football Championship?,Greece won Euro 2004.
68,euros,The winner of Euro 2004 was?,Greece won Euro 2004.
68,euros,Which nation won Euro 2004?,Greece won Euro 2004.
68,euros,2004 Euros champion?,Greece won Euro 2004.
68,euros,Who lifted the Euro 2004 trophy?,Greece won Euro 2004.
68,euros,Which team won the UEFA Euro 2004?,Greece won Euro 2004.
68,euros,Name the 2004 European Championship winner.,Greece won Euro 2004.
68,euros,Who were the champions of Euro 2004?,Greece won Euro 2004.
68,euros,Which country won the 2004 Euros?,Greece won Euro 2004.
78,league,Name the team that won the English league title in 2014-15.,Chelsea won the Premier League in 2014-15.
78,league,Which team topped the Premier League table in 2014-15?,Chelsea won the Premier League in 2014-15.
78,league,Which club were the 2014-15 Premier League champions?,Chelsea won the Premier League in 2014-15.
78,league,Who won the Premier League in the 2014-15 season?,Chelsea won the Premier League in 2014-15.
78,league,Who were the 2014-15 Premier League winners?,Chelsea won the Premier League in 2014-15.
78,league,Which team won the 2014-15 Premier League?,Chelsea won the Premier League in 2014-15.
78,league,The 2014-15 Premier League champions were?,Chelsea won the Premier League in 2014-15.
78,league,Which club won the 2014-15 Premier League title?,Chelsea won the Premier League in 2014-15.
78,league,Who claimed the 2014-15 Premier League title?,Chelsea won the Premier League in 2014-15.
78,league,2014-15 Premier League winning team?,Chelsea won the Premier League in 2014-15.
78,league,Name the 2014-15 Premier League winner.,Chelsea won the Premier League in 2014-15.
78,league,Which team were the 2014-15 English league champions?,Chelsea won the Premier League in 2014-15.
78,league,Who won the English Premier League in 2014-15?,Chelsea won the Premier League in 2014-15.
78,league,The winner of the 2014-15 Premier League was?,Chelsea won the Premier League in 2014-15.
78,league,Which club topped the 2014-15 Premier League?,Chelsea won the Premier League in 2014-15.
78,league,Who were the champions of the 2014-15 Premier League?,Chelsea won the Premier League in 2014-15.
78,league,2014-15 Premier League title winner?,Chelsea won the Premier League in 2014-15.
78,league,Which team won the 2014-15 English Premier League?,Chelsea won the Premier League in 2014-15.
78,league,Who won the 2014-15 Premier League season?,Chelsea won the Premier League in 2014-15.
78,league,Premier League 2014-15 champions?,Chelsea won the Premier League in 2014-15.
150,players,For which country did Erling Haaland play international football?,Erling Haaland is from Norway.
150,players,Which country does Erling Haaland come from?,Erling Haaland is from Norway.
150,players,What is the nationality of Erling Haaland?,Erling Haaland is from Norway.
150,players,Erling Haaland is from which country?,Erling Haaland is from Norway.
150,players,Which nation does Erling Haaland represent?,Erling Haaland is from Norway.
150,players,What country is Erling Haaland from?,Erling Haaland is from Norway.
150,players,Erling Haaland's nationality is?,Erling Haaland is from Norway.
150,players,Where is Erling Haaland from?,Erling Haaland is from Norway.
150,players,Which country is Erling Haaland a citizen of?,Erling Haaland is from Norway.
150,players,Erling Haaland plays for which country?,Erling Haaland is from Norway.
150,players,What is Erling Haaland's country of origin?,Erling Haaland is from Norway.
150,players,Which country does Erling Haaland play for?,Erling Haaland is from Norway.
150,players,Erling Haaland represents which nation?,Erling Haaland is from Norway.
150,players,What nationality is Erling Haaland?,Erling Haaland is from Norway.
150,players,Which country is Erling Haaland from?,Erling Haaland is from Norway.
150,players,Erling Haaland's country is?,Erling Haaland is from Norway.
150,players,Where does Erling Haaland come from?,Erling Haaland is from Norway.
150,players,What nation is Erling Haaland from?,Erling Haaland is from Norway.
150,players,Which country is Erling Haaland associated with?,Erling Haaland is from Norway.
150,players,Erling Haaland is a player from which country?,Erling Haaland is from Norway.
35,world_cup,How many times has Uruguay been crowned world champion?,Uruguay have won the FIFA World Cup 2 time(s).
35,world_cup,What is the World Cup trophy count of Uruguay?,Uruguay have won the FIFA World Cup 2 time(s).
35,world_cup,How many World Cups has Uruguay won?,Uruguay have won the FIFA World Cup 2 time(s).
35,world_cup,Number of FIFA World Cup titles won by Uruguay?,Uruguay have won the FIFA World Cup 2 time(s).
35,world_cup,Uruguay has won how many World Cups?,Uruguay have won the FIFA World Cup 2 time(s).
35,world_cup,What is Uruguay's World Cup title count?,Uruguay have won the FIFA World Cup 2 time(s).
35,world_cup,How many World Cup trophies does Uruguay have?,Uruguay have won the FIFA World Cup 2 time(s).
35,world_cup,Uruguay's World Cup wins count?,Uruguay have won the FIFA World Cup 2 time(s).
35,world_cup,The number of World Cup titles for Uruguay is?,Uruguay have won the FIFA World Cup 2 time(s).
35,world_cup,How many times did Uruguay win the World Cup?,Uruguay have won the FIFA World Cup 2 time(s).
35,world_cup,What is the total World Cup count for Uruguay?,Uruguay have won the FIFA World Cup 2 time(s).
35,world_cup,How many World Cup awards did Uruguay win?,Uruguay have won the FIFA World Cup 2 time(s).
35,world_cup,Uruguay World Cup total?,Uruguay have won the FIFA World Cup 2 time(s).
35,world_cup,Count of Uruguay's World Cup titles?,Uruguay have won the FIFA World Cup 2 time(s).
35,world_cup,How many World Cup trophies has Uruguay won?,Uruguay have won the FIFA World Cup 2 time(s).
35,world_cup,Uruguay has won the World Cup how many times?,Uruguay have won the FIFA World Cup 2 time(s).
35,world_cup,Number of World Cup trophies for Uruguay?,Uruguay have won the FIFA World Cup 2 time(s).
35,world_cup,What is the number of World Cup titles Uruguay has?,Uruguay have won the FIFA World Cup 2 time(s).
35,world_cup,How many times has Uruguay won the World Cup?,Uruguay have won the FIFA World Cup 2 time(s).
35,world_cup,Uruguay's FIFA World Cup trophy count?,Uruguay have won the FIFA World Cup 2 time(s).
60,world_cup,Which country hosted the World Cup in 2002?,The 2002 World Cup was hosted by South Korea and Japan.
60,world_cup,Name the host nation of the 2002 World Cup.,The 2002 World Cup was hosted by South Korea and Japan.
60,world_cup,Who were the hosts of the 2002 World Cup?,The 2002 World Cup was hosted by South Korea and Japan.
60,world_cup,Where was the 2002 FIFA World Cup held?,The 2002 World Cup was hosted by South Korea and Japan.
60,world_cup,Which nation was the host of the 2002 World Cup?,The 2002 World Cup was hosted by South Korea and Japan.
60,world_cup,Tell me the host country of the 2002 World Cup.,The 2002 World Cup was hosted by South Korea and Japan.
60,world_cup,What country hosted the 2002 World Cup?,The 2002 World Cup was hosted by South Korea and Japan.
60,world_cup,The 2002 World Cup was held in which country?,The 2002 World Cup was hosted by South Korea and Japan.
60,world_cup,Which country was the host for the 2002 World Cup?,The 2002 World Cup was hosted by South Korea and Japan.
60,world_cup,Host nation of the 2002 FIFA World Cup?,The 2002 World Cup was hosted by South Korea and Japan.
60,world_cup,Can you name the host of the 2002 World Cup?,The 2002 World Cup was hosted by South Korea and Japan.
60,world_cup,The host nation for the 2002 World Cup was?,The 2002 World Cup was hosted by South Korea and Japan.
60,world_cup,Which nation hosted the 2002 FIFA World Cup?,The 2002 World Cup was hosted by South Korea and Japan.
60,world_cup,2002 World Cup host country?,The 2002 World Cup was hosted by South Korea and Japan.
60,world_cup,Name the country that hosted the 2002 World Cup.,The 2002 World Cup was hosted by South Korea and Japan.
60,world_cup,Who was the host of the 2002 World Cup?,The 2002 World Cup was hosted by South Korea and Japan.
60,world_cup,Which country held the 2002 World Cup?,The 2002 World Cup was hosted by South Korea and Japan.
60,world_cup,The 2002 World Cup host was which nation?,The 2002 World Cup was hosted by South Korea and Japan.
60,world_cup,Name the 2002 World Cup host.,The 2002 World Cup was hosted by South Korea and Japan.
60,world_cup,Which country was the 2002 World Cup host?,The 2002 World Cup was hosted by South Korea and Japan.
158,players,Jude Bellingham is from which country?,Jude Bellingham is from England.
158,players,For which country did Jude Bellingham play international football?,Jude Bellingham is from England.
158,players,Which country does Jude Bellingham come from?,Jude Bellingham is from England.
158,players,What is the nationality of Jude Bellingham?,Jude Bellingham is from England.
158,players,Which nation does Jude Bellingham represent?,Jude Bellingham is from England.
158,players,What country is Jude Bellingham from?,Jude Bellingham is from England.
158,players,Jude Bellingham's nationality is?,Jude Bellingham is from England.
158,players,Where is Jude Bellingham from?,Jude Bellingham is from England.
158,players,Which country is Jude Bellingham a citizen of?,Jude Bellingham is from England.
158,players,Jude Bellingham plays for which country?,Jude Bellingham is from England.
158,players,What is Jude Bellingham's country of origin?,Jude Bellingham is from England.
158,players,Which country does Jude Bellingham play for?,Jude Bellingham is from England.
158,players,Jude Bellingham represents which nation?,Jude Bellingham is from England.
158,players,What nationality is Jude Bellingham?,Jude Bellingham is from England.
158,players,Which country is Jude Bellingham from?,Jude Bellingham is from England.
158,players,Jude Bellingham's country is?,Jude Bellingham is from England.
158,players,Where does Jude Bellingham come from?,Jude Bellingham is from England.
158,players,What nation is Jude Bellingham from?,Jude Bellingham is from England.
158,players,Which country is Jude Bellingham associated with?,Jude Bellingham is from England.
158,players,Jude Bellingham is a player from which country?,Jude Bellingham is from England.
112,awards,How many Ballon d'Or awards has Ronaldo Nazario won?,Ronaldo Nazario has won the Ballon d'Or 2 time(s).
112,awards,How many times did Ronaldo Nazario win the Ballon d'Or?,Ronaldo Nazario has won the Ballon d'Or 2 time(s).
112,awards,Tell me the number of Ballon d'Or trophies Ronaldo Nazario has.,Ronaldo Nazario has won the Ballon d'Or 2 time(s).
112,awards,What is the Ballon d'Or count of Ronaldo Nazario?,Ronaldo Nazario has won the Ballon d'Or 2 time(s).
112,awards,What is Ronaldo Nazario's Ballon d'Or tally?,Ronaldo Nazario has won the Ballon d'Or 2 time(s).
112,awards,Number of Ballon d'Or awards won by Ronaldo Nazario?,Ronaldo Nazario has won the Ballon d'Or 2 time(s).
112,awards,Ronaldo Nazario has won how many Ballon d'Or awards?,Ronaldo Nazario has won the Ballon d'Or 2 time(s).
112,awards,How many Ballon d'Ors does Ronaldo Nazario have?,Ronaldo Nazario has won the Ballon d'Or 2 time(s).
112,awards,Ronaldo Nazario's Ballon d'Or wins count?,Ronaldo Nazario has won the Ballon d'Or 2 time(s).
112,awards,The number of Ballon d'Or awards for Ronaldo Nazario is?,Ronaldo Nazario has won the Ballon d'Or 2 time(s).
112,awards,How many Ballon d'Or trophies has Ronaldo Nazario won?,Ronaldo Nazario has won the Ballon d'Or 2 time(s).
112,awards,What is the total Ballon d'Or count for Ronaldo Nazario?,Ronaldo Nazario has won the Ballon d'Or 2 time(s).
112,awards,How many Ballon d'Or awards did Ronaldo Nazario win?,Ronaldo Nazario has won the Ballon d'Or 2 time(s).
112,awards,Ronaldo Nazario Ballon d'Or total?,Ronaldo Nazario has won the Ballon d'Or 2 time(s).
112,awards,Count of Ronaldo Nazario's Ballon d'Or awards?,Ronaldo Nazario has won the Ballon d'Or 2 time(s).
112,awards,How many Ballon d'Ors has Ronaldo Nazario won?,Ronaldo Nazario has won the Ballon d'Or 2 time(s).
112,awards,Ronaldo Nazario has won the Ballon d'Or how many times?,Ronaldo Nazario has won the Ballon d'Or 2 time(s).
112,awards,Number of Ballon d'Or trophies for Ronaldo Nazario?,Ronaldo Nazario has won the Ballon d'Or 2 time(s).
112,awards,What is the number of Ballon d'Or awards Ronaldo Nazario has?,Ronaldo Nazario has won the Ballon d'Or 2 time(s).
112,awards,How many times has Ronaldo Nazario won the Ballon d'Or?,Ronaldo Nazario has won the Ballon d'Or 2 time(s).
221,records,Who has the most FIFA World Cup titles?,"Brazil have won the most World Cups, with 5."
221,records,Name the team with the highest number of World Cup trophies.,"Brazil have won the most World Cups, with 5."
221,records,Which nation is the most successful team in World Cup history?,"Brazil have won the most World Cups, with 5."
221,records,Which country has won the most World Cups?,"Brazil have won the most World Cups, with 5."
221,records,Who has won the most World Cups?,"Brazil have won the most World Cups, with 5."
221,records,The most successful team in World Cup history is?,"Brazil have won the most World Cups, with 5."
221,records,Which team has won the most World Cup titles?,"Brazil have won the most World Cups, with 5."
221,records,Most World Cup titles won by which country?,"Brazil have won the most World Cups, with 5."
221,records,Who is the most decorated team in the World Cup?,"Brazil have won the most World Cups, with 5."
221,records,Which country has the most World Cup wins?,"Brazil have won the most World Cups, with 5."
221,records,Name the most successful team in World Cup history.,"Brazil have won the most World Cups, with 5."
221,records,Which team holds the record for most World Cup titles?,"Brazil have won the most World Cups, with 5."
221,records,The country with the most World Cup trophies is?,"Brazil have won the most World Cups, with 5."
221,records,Who has the most World Cup trophies?,"Brazil have won the most World Cups, with 5."
221,records,Which team is the most successful in World Cup history?,"Brazil have won the most World Cups, with 5."
221,records,Most successful country in the World Cup?,"Brazil have won the most World Cups, with 5."
221,records,Which country has won the most World Cup championships?,"Brazil have won the most World Cups, with 5."
221,records,Name the team with the most World Cup wins.,"Brazil have won the most World Cups, with 5."
221,records,Which country is the record World Cup champion?,"Brazil have won the most World Cups, with 5."
221,records,The team with the most World Cup titles is?,"Brazil have won the most World Cups, with 5."
166,players,What position does Kylian Mbappe play?,Kylian Mbappe plays as a forward.
166,players,Which position is Kylian Mbappe best known for?,Kylian Mbappe plays as a forward.
166,players,Which role did Kylian Mbappe have on the pitch?,Kylian Mbappe plays as a forward.
166,players,Kylian Mbappe plays as what type of player?,Kylian Mbappe plays as a forward.
166,players,What is Kylian Mbappe's position?,Kylian Mbappe plays as a forward.
166,players,Kylian Mbappe's playing position is?,Kylian Mbappe plays as a forward.
166,players,Where does Kylian Mbappe play on the pitch?,Kylian Mbappe plays as a forward.
166,players,What role does Kylian Mbappe play?,Kylian Mbappe plays as a forward.
166,players,Kylian Mbappe is a?,Kylian Mbappe plays as a forward.
166,players,What position is Kylian Mbappe known for?,Kylian Mbappe plays as a forward.
166,players,Kylian Mbappe's role in the team is?,Kylian Mbappe plays as a forward.
166,players,What type of player is Kylian Mbappe?,Kylian Mbappe plays as a forward.
166,players,Kylian Mbappe plays in which position?,Kylian Mbappe plays as a forward.
166,players,What is the playing position of Kylian Mbappe?,Kylian Mbappe plays as a forward.
166,players,Kylian Mbappe is best known for playing as a?,Kylian Mbappe plays as a forward.
166,players,What position does Kylian Mbappe occupy?,Kylian Mbappe plays as a forward.
166,players,Kylian Mbappe's position on the field is?,Kylian Mbappe plays as a forward.
166,players,What is Kylian Mbappe's role?,Kylian Mbappe plays as a forward.
166,players,Kylian Mbappe is a player in which position?,Kylian Mbappe plays as a forward.
166,players,What position did Kylian Mbappe play?,Kylian Mbappe plays as a forward.
187,players,Who goes by the nickname La Pulga?,Lionel Messi is known as La Pulga.
187,players,La Pulga is the nickname of which person?,Lionel Messi is known as La Pulga.
187,players,Who is known as La Pulga?,Lionel Messi is known as La Pulga.
187,players,Which football figure has the nickname La Pulga?,Lionel Messi is known as La Pulga.
187,players,Which player is nicknamed La Pulga?,Lionel Messi is known as La Pulga.
187,players,The nickname La Pulga belongs to which footballer?,Lionel Messi is known as La Pulga.
187,players,Who is the footballer called La Pulga?,Lionel Messi is known as La Pulga.
187,players,La Pulga is the moniker of which player?,Lionel Messi is known as La Pulga.
187,players,Which footballer is known as La Pulga?,Lionel Messi is known as La Pulga.
187,players,Who has the nickname La Pulga?,Lionel Messi is known as La Pulga.
187,players,La Pulga nickname belongs to?,Lionel Messi is known as La Pulga.
187,players,Which player is referred to as La Pulga?,Lionel Messi is known as La Pulga.
187,players,Who is the player with the nickname La Pulga?,Lionel Messi is known as La Pulga.
187,players,The footballer known as La Pulga is?,Lionel Messi is known as La Pulga.
187,players,Which player's nickname is La Pulga?,Lionel Messi is known as La Pulga.
187,players,Who is La Pulga in football?,Lionel Messi is known as La Pulga.
187,players,La Pulga is the alias of which footballer?,Lionel Messi is known as La Pulga.
187,players,Which football star is called La Pulga?,Lionel Messi is known as La Pulga.
187,players,Name the player nicknamed La Pulga.,Lionel Messi is known as La Pulga.
187,players,The player with the nickname La Pulga is?,Lionel Messi is known as La Pulga.
47,world_cup,Which nation lifted the World Cup trophy in 2006?,Italy won the 2006 World Cup.
47,world_cup,Which country were the 2006 World Cup champions?,Italy won the 2006 World Cup.
47,world_cup,Name the team that won the 2006 World Cup.,Italy won the 2006 World Cup.
47,world_cup,Who won the FIFA World Cup in 2006?,Italy won the 2006 World Cup.
47,world_cup,Who were the 2006 World Cup winners?,Italy won the 2006 World Cup.
47,world_cup,Which team was the 2006 World Cup champion?,Italy won the 2006 World Cup.
47,world_cup,The winner of the 2006 World Cup was?,Italy won the 2006 World Cup.
47,world_cup,Which country won the 2006 FIFA World Cup?,Italy won the 2006 World Cup.
47,world_cup,2006 World Cup winning team?,Italy won the 2006 World Cup.
47,world_cup,Name the 2006 World Cup winner.,Italy won the 2006 World Cup.
47,world_cup,Who was the 2006 World Cup champion?,Italy won the 2006 World Cup.
47,world_cup,Which nation won the 2006 World Cup?,Italy won the 2006 World Cup.
47,world_cup,Who lifted the 2006 World Cup?,Italy won the 2006 World Cup.
47,world_cup,The 2006 World Cup was won by which country?,Italy won the 2006 World Cup.
47,world_cup,Which team won the 2006 FIFA World Cup?,Italy won the 2006 World Cup.
47,world_cup,2006 FIFA World Cup champion?,Italy won the 2006 World Cup.
47,world_cup,Name the 2006 FIFA World Cup winning nation.,Italy won the 2006 World Cup.
47,world_cup,Who won the 2006 World Cup final?,Italy won the 2006 World Cup.
47,world_cup,Which country was the 2006 World Cup winner?,Italy won the 2006 World Cup.
47,world_cup,The 2006 World Cup champions were?,Italy won the 2006 World Cup.
24,trophies,Who were the 2020 Champions League winners?,Bayern Munich won the Champions League final in 2020.
24,trophies,Name the team that lifted the UEFA Champions League in 2020.,Bayern Munich won the Champions League final in 2020.
24,trophies,Which team became European champions in 2020?,Bayern Munich won the Champions League final in 2020.
24,trophies,Which club won the Champions League in 2020?,Bayern Munich won the Champions League final in 2020.
24,trophies,Who won the Champions League in 2020?,Bayern Munich won the Champions League final in 2020.
24,trophies,2020 Champions League winning team?,Bayern Munich won the Champions League final in 2020.
24,trophies,Name the 2020 Champions League winner.,Bayern Munich won the Champions League final in 2020.
24,trophies,Which team won the 2020 UEFA Champions League?,Bayern Munich won the Champions League final in 2020.
24,trophies,The 2020 Champions League champions were?,Bayern Munich won the Champions League final in 2020.
24,trophies,Who claimed the 2020 Champions League title?,Bayern Munich won the Champions League final in 2020.
24,trophies,Which club lifted the 2020 Champions League trophy?,Bayern Munich won the Champions League final in 2020.
24,trophies,2020 European Cup winner?,Bayern Munich won the Champions League final in 2020.
24,trophies,Who won the 2020 European Cup?,Bayern Munich won the Champions League final in 2020.
24,trophies,Name the winner of the 2020 Champions League final.,Bayern Munich won the Champions League final in 2020.
24,trophies,Which team was the 2020 Champions League champion?,Bayern Munich won the Champions League final in 2020.
24,trophies,The winner of the 2020 Champions League was?,Bayern Munich won the Champions League final in 2020.
24,trophies,Who were the champions of Europe in 2020?,Bayern Munich won the Champions League final in 2020.
24,trophies,Which team won the European Cup in 2020?,Bayern Munich won the Champions League final in 2020.
24,trophies,2020 UEFA Champions League winner?,Bayern Munich won the Champions League final in 2020.
24,trophies,Who lifted the 2020 Champions League trophy?,Bayern Munich won the Champions League final in 2020.
104,awards,Who took home the Ballon d'Or in 2024?,Rodri won the 2024 Ballon d'Or.
104,awards,Who won the Ballon d'Or in 2024?,Rodri won the 2024 Ballon d'Or.
104,awards,Name the 2024 Ballon d'Or winner.,Rodri won the 2024 Ballon d'Or.
104,awards,Which player was awarded the 2024 Ballon d'Or?,Rodri won the 2024 Ballon d'Or.
104,awards,The 2024 Ballon d'Or was won by?,Rodri won the 2024 Ballon d'Or.
104,awards,Who was the 2024 Ballon d'Or recipient?,Rodri won the 2024 Ballon d'Or.
104,awards,Which player won the 2024 Ballon d'Or?,Rodri won the 2024 Ballon d'Or.
104,awards,2024 Ballon d'Or winner?,Rodri won the 2024 Ballon d'Or.
104,awards,Name the recipient of the 2024 Ballon d'Or.,Rodri won the 2024 Ballon d'Or.
104,awards,Who was awarded the Ballon d'Or in 2024?,Rodri won the 2024 Ballon d'Or.
104,awards,The winner of the 2024 Ballon d'Or was?,Rodri won the 2024 Ballon d'Or.
104,awards,Which footballer won the 2024 Ballon d'Or?,Rodri won the 2024 Ballon d'Or.
104,awards,2024 Ballon d'Or award winner?,Rodri won the 2024 Ballon d'Or.
104,awards,Who claimed the 2024 Ballon d'Or?,Rodri won the 2024 Ballon d'Or.
104,awards,Name the player who won the 2024 Ballon d'Or.,Rodri won the 2024 Ballon d'Or.
104,awards,Who received the 2024 Ballon d'Or?,Rodri won the 2024 Ballon d'Or.
104,awards,2024 Ballon d'Or winner is?,Rodri won the 2024 Ballon d'Or.
104,awards,Which player took the 2024 Ballon d'Or?,Rodri won the 2024 Ballon d'Or.
104,awards,Who was the winner of the 2024 Ballon d'Or?,Rodri won the 2024 Ballon d'Or.
104,awards,The 2024 Ballon d'Or recipient was?,Rodri won the 2024 Ballon d'Or.
132,clubs,Name the ground of Celtic.,Celtic play at Celtic Park.
132,clubs,Where does Celtic play its home games?,Celtic play at Celtic Park.
132,clubs,Which stadium is home to Celtic?,Celtic play at Celtic Park.
132,clubs,What is the name of Celtic's home stadium?,Celtic play at Celtic Park.
132,clubs,What stadium do Celtic play in?,Celtic play at Celtic Park.
132,clubs,Celtic's home ground is called?,Celtic play at Celtic Park.
132,clubs,The home stadium of Celtic is?,Celtic play at Celtic Park.
132,clubs,What is the name of the stadium where Celtic plays?,Celtic play at Celtic Park.
132,clubs,Which ground does Celtic use for home matches?,Celtic play at Celtic Park.
132,clubs,Name the home venue of Celtic.,Celtic play at Celtic Park.
132,clubs,What is Celtic's stadium called?,Celtic play at Celtic Park.
132,clubs,Where do Celtic play their home fixtures?,Celtic play at Celtic Park.
132,clubs,The stadium of Celtic is known as?,Celtic play at Celtic Park.
132,clubs,Celtic's home field is?,Celtic play at Celtic Park.
132,clubs,What is the home of Celtic?,Celtic play at Celtic Park.
132,clubs,Which stadium does Celtic call home?,Celtic play at Celtic Park.
132,clubs,Name Celtic's stadium.,Celtic play at Celtic Park.
132,clubs,The home ground for Celtic is?,Celtic play at Celtic Park.
132,clubs,Where is Celtic's home stadium?,Celtic play at Celtic Park.
132,clubs,What stadium is Celtic's home?,Celtic play at Celtic Park.
242,rules,How many footballers start a match for each side?,"Each team fields 11 players on the pitch, including the goalkeeper."
242,rules,How many players are allowed on the field for one team?,"Each team fields 11 players on the pitch, including the goalkeeper."
242,rules,What is the number of players in a football team during a match?,"Each team fields 11 players on the pitch, including the goalkeeper."
242,rules,How many players does each team have on the pitch?,"Each team fields 11 players on the pitch, including the goalkeeper."
242,rules,How many players are on a football team on the field?,"Each team fields 11 players on the pitch, including the goalkeeper."
242,rules,What is the number of players per team in a football match?,"Each team fields 11 players on the pitch, including the goalkeeper."
242,rules,How many players are in a football team?,"Each team fields 11 players on the pitch, including the goalkeeper."
242,rules,What is the player count for a football team on the field?,"Each team fields 11 players on the pitch, including the goalkeeper."
242,rules,How many players start a football match for one team?,"Each team fields 11 players on the pitch, including the goalkeeper."
242,rules,What is the number of players on the field for a team?,"Each team fields 11 players on the pitch, including the goalkeeper."
242,rules,How many players are on the pitch for each team?,"Each team fields 11 players on the pitch, including the goalkeeper."
242,rules,What is the standard number of players in a football team?,"Each team fields 11 players on the pitch, including the goalkeeper."
242,rules,How many players are in a starting football lineup?,"Each team fields 11 players on the pitch, including the goalkeeper."
242,rules,What is the total number of players on the field for one team?,"Each team fields 11 players on the pitch, including the goalkeeper."
242,rules,How many players make up a football team on the field?,"Each team fields 11 players on the pitch, including the goalkeeper."
242,rules,What is the number of players allowed on the pitch per team?,"Each team fields 11 players on the pitch, including the goalkeeper."
242,rules,How many players are in a football starting eleven?,"Each team fields 11 players on the pitch, including the goalkeeper."
242,rules,What is the number of players in a football side?,"Each team fields 11 players on the pitch, including the goalkeeper."
242,rules,How many players are on the field for a single team?,"Each team fields 11 players on the pitch, including the goalkeeper."
242,rules,What is the player count for one team in football?,"Each team fields 11 players on the pitch, including the goalkeeper."
34,world_cup,How many World Cups has France won?,France have won the FIFA World Cup 2 time(s).
34,world_cup,What is the World Cup trophy count of France?,France have won the FIFA World Cup 2 time(s).
34,world_cup,How many times has France been crowned world champion?,France have won the FIFA World Cup 2 time(s).
34,world_cup,Number of FIFA World Cup titles won by France?,France have won the FIFA World Cup 2 time(s).
34,world_cup,France has won how many World Cups?,France have won the FIFA World Cup 2 time(s).
34,world_cup,What is France's World Cup title count?,France have won the FIFA World Cup 2 time(s).
34,world_cup,How many World Cup trophies does France have?,France have won the FIFA World Cup 2 time(s).
34,world_cup,France's World Cup wins count?,France have won the FIFA World Cup 2 time(s).
34,world_cup,The number of World Cup titles for France is?,France have won the FIFA World Cup 2 time(s).
34,world_cup,How many times did France win the World Cup?,France have won the FIFA World Cup 2 time(s).
34,world_cup,What is the total World Cup count for France?,France have won the FIFA World Cup 2 time(s).
34,world_cup,How many World Cup awards did France win?,France have won the FIFA World Cup 2 time(s).
34,world_cup,France World Cup total?,France have won the FIFA World Cup 2 time(s).
34,world_cup,Count of France's World Cup titles?,France have won the FIFA World Cup 2 time(s).
34,world_cup,How many World Cup trophies has France won?,France have won the FIFA World Cup 2 time(s).
34,world_cup,France has won the World Cup how many times?,France have won the FIFA World Cup 2 time(s).
34,world_cup,Number of World Cup trophies for France?,France have won the FIFA World Cup 2 time(s).
34,world_cup,What is the number of World Cup titles France has?,France have won the FIFA World Cup 2 time(s).
34,world_cup,How many times has France won the World Cup?,France have won the FIFA World Cup 2 time(s).
34,world_cup,France's FIFA World Cup trophy count?,France have won the FIFA World Cup 2 time(s).
159,players,What is the nationality of Lamine Yamal?,Lamine Yamal is from Spain.
159,players,For which country did Lamine Yamal play international football?,Lamine Yamal is from Spain.
159,players,Which country does Lamine Yamal come from?,Lamine Yamal is from Spain.
159,players,Lamine Yamal is from which country?,Lamine Yamal is from Spain.
159,players,Which nation does Lamine Yamal represent?,Lamine Yamal is from Spain.
159,players,What country is Lamine Yamal from?,Lamine Yamal is from Spain.
159,players,Lamine Yamal's nationality is?,Lamine Yamal is from Spain.
159,players,Where is Lamine Yamal from?,Lamine Yamal is from Spain.
159,players,Which country is Lamine Yamal a citizen of?,Lamine Yamal is from Spain.
159,players,Lamine Yamal plays for which country?,Lamine Yamal is from Spain.
159,players,What is Lamine Yamal's country of origin?,Lamine Yamal is from Spain.
159,players,Which country does Lamine Yamal play for?,Lamine Yamal is from Spain.
159,players,Lamine Yamal represents which nation?,Lamine Yamal is from Spain.
159,players,What nationality is Lamine Yamal?,Lamine Yamal is from Spain.
159,players,Which country is Lamine Yamal from?,Lamine Yamal is from Spain.
159,players,Lamine Yamal's country is?,Lamine Yamal is from Spain.
159,players,Where does Lamine Yamal come from?,Lamine Yamal is from Spain.
159,players,What nation is Lamine Yamal from?,Lamine Yamal is from Spain.
159,players,Which country is Lamine Yamal associated with?,Lamine Yamal is from Spain.
159,players,Lamine Yamal is a player from which country?,Lamine Yamal is from Spain.
183,players,What position does Lev Yashin play?,Lev Yashin plays as a goalkeeper.
183,players,Which position is Lev Yashin best known for?,Lev Yashin plays as a goalkeeper.
183,players,Which role did Lev Yashin have on the pitch?,Lev Yashin plays as a goalkeeper.
183,players,Lev Yashin plays as what type of player?,Lev Yashin plays as a goalkeeper.
183,players,What is Lev Yashin's position?,Lev Yashin plays as a goalkeeper.
183,players,Lev Yashin's playing position is?,Lev Yashin plays as a goalkeeper.
183,players,Where does Lev Yashin play on the pitch?,Lev Yashin plays as a goalkeeper.
183,players,What role does Lev Yashin play?,Lev Yashin plays as a goalkeeper.
183,players,Lev Yashin is a?,Lev Yashin plays as a goalkeeper.
183,players,What position is Lev Yashin known for?,Lev Yashin plays as a goalkeeper.
183,players,Lev Yashin's role in the team is?,Lev Yashin plays as a goalkeeper.
183,players,What type of player is Lev Yashin?,Lev Yashin plays as a goalkeeper.
183,players,Lev Yashin plays in which position?,Lev Yashin plays as a goalkeeper.
183,players,What is the playing position of Lev Yashin?,Lev Yashin plays as a goalkeeper.
183,players,Lev Yashin is best known for playing as a?,Lev Yashin plays as a goalkeeper.
183,players,What position does Lev Yashin occupy?,Lev Yashin plays as a goalkeeper.
183,players,Lev Yashin's position on the field is?,Lev Yashin plays as a goalkeeper.
183,players,What is Lev Yashin's role?,Lev Yashin plays as a goalkeeper.
183,players,Lev Yashin is a player in which position?,Lev Yashin plays as a goalkeeper.
183,players,What position did Lev Yashin play?,Lev Yashin plays as a goalkeeper.
84,league,Name the team that won the English league title in 2020-21.,Manchester City won the Premier League in 2020-21.
84,league,Which team topped the Premier League table in 2020-21?,Manchester City won the Premier League in 2020-21.
84,league,Which club were the 2020-21 Premier League champions?,Manchester City won the Premier League in 2020-21.
84,league,Who won the Premier League in the 2020-21 season?,Manchester City won the Premier League in 2020-21.
84,league,Who were the 2020-21 Premier League winners?,Manchester City won the Premier League in 2020-21.
84,league,Which team won the 2020-21 Premier League?,Manchester City won the Premier League in 2020-21.
84,league,The 2020-21 Premier League champions were?,Manchester City won the Premier League in 2020-21.
84,league,Which club won the 2020-21 Premier League title?,Manchester City won the Premier League in 2020-21.
84,league,Who claimed the 2020-21 Premier League title?,Manchester City won the Premier League in 2020-21.
84,league,2020-21 Premier League winning team?,Manchester City won the Premier League in 2020-21.
84,league,Name the 2020-21 Premier League winner.,Manchester City won the Premier League in 2020-21.
84,league,Which team were the 2020-21 English league champions?,Manchester City won the Premier League in 2020-21.
84,league,Who won the English Premier League in 2020-21?,Manchester City won the Premier League in 2020-21.
84,league,The winner of the 2020-21 Premier League was?,Manchester City won the Premier League in 2020-21.
84,league,Which club topped the 2020-21 Premier League?,Manchester City won the Premier League in 2020-21.
84,league,Who were the champions of the 2020-21 Premier League?,Manchester City won the Premier League in 2020-21.
84,league,2020-21 Premier League title winner?,Manchester City won the Premier League in 2020-21.
84,league,Which team won the 2020-21 English Premier League?,Manchester City won the Premier League in 2020-21.
84,league,Who won the 2020-21 Premier League season?,Manchester City won the Premier League in 2020-21.
84,league,Premier League 2020-21 champions?,Manchester City won the Premier League in 2020-21.
219,records,Who has the most assists in Premier League history?,Ryan Giggs holds the Premier League assist record with 162.
219,records,Who holds the record for Premier League assists?,Ryan Giggs holds the Premier League assist record with 162.
219,records,Which player has provided the most Premier League assists?,Ryan Giggs holds the Premier League assist record with 162.
219,records,Name the Premier League all-time assist leader.,Ryan Giggs holds the Premier League assist record with 162.
219,records,Who has the record for most assists in the Premier League?,Ryan Giggs holds the Premier League assist record with 162.
219,records,The Premier League assist record is held by?,Ryan Giggs holds the Premier League assist record with 162.
219,records,Who has the most assists in the Premier League?,Ryan Giggs holds the Premier League assist record with 162.
219,records,Most Premier League assists by which player?,Ryan Giggs holds the Premier League assist record with 162.
219,records,Who is the all-time assist leader in the Premier League?,Ryan Giggs holds the Premier League assist record with 162.
219,records,Which player has the most assists in Premier League history?,Ryan Giggs holds the Premier League assist record with 162.
219,records,Premier League all-time assist leader?,Ryan Giggs holds the Premier League assist record with 162.
219,records,Who is the highest assist provider in Premier League history?,Ryan Giggs holds the Premier League assist record with 162.
219,records,Name the player with the most Premier League assists.,Ryan Giggs holds the Premier League assist record with 162.
219,records,Who has the record for most assists in the Premier League?,Ryan Giggs holds the Premier League assist record with 162.
219,records,Which footballer is the top assist provider in Premier League history?,Ryan Giggs holds the Premier League assist record with 162.
219,records,Who has provided the highest number of Premier League assists?,Ryan Giggs holds the Premier League assist record with 162.
219,records,Premier League record for assists?,Ryan Giggs holds the Premier League assist record with 162.
219,records,Who is the top assist provider in the Premier League?,Ryan Giggs holds the Premier League assist record with 162.
219,records,The player with the most Premier League assists is?,Ryan Giggs holds the Premier League assist record with 162.
219,records,Who has the most assists in Premier League?,Ryan Giggs holds the Premier League assist record with 162.
261,rules,What is the circumference of a football?,A size 5 ball has a circumference of 68-70 cm and weighs 410-450 grams.
261,rules,What are the size and weight rules for a match ball?,A size 5 ball has a circumference of 68-70 cm and weighs 410-450 grams.
261,rules,What size is a football?,A size 5 ball has a circumference of 68-70 cm and weighs 410-450 grams.
261,rules,How big is a standard size 5 football?,A size 5 ball has a circumference of 68-70 cm and weighs 410-450 grams.
261,rules,What is the size of a football?,A size 5 ball has a circumference of 68-70 cm and weighs 410-450 grams.
261,rules,What are the dimensions of a football?,A size 5 ball has a circumference of 68-70 cm and weighs 410-450 grams.
261,rules,What is the weight of a football?,A size 5 ball has a circumference of 68-70 cm and weighs 410-450 grams.
261,rules,What is the circumference of a size 5 football?,A size 5 ball has a circumference of 68-70 cm and weighs 410-450 grams.
261,rules,What are the specifications of a football?,A size 5 ball has a circumference of 68-70 cm and weighs 410-450 grams.
261,rules,How heavy is a football?,A size 5 ball has a circumference of 68-70 cm and weighs 410-450 grams.
261,rules,What is the standard size of a football?,A size 5 ball has a circumference of 68-70 cm and weighs 410-450 grams.
261,rules,What is the size and weight of a football?,A size 5 ball has a circumference of 68-70 cm and weighs 410-450 grams.
261,rules,What are the measurements of a football?,A size 5 ball has a circumference of 68-70 cm and weighs 410-450 grams.
261,rules,What is the circumference of a standard football?,A size 5 ball has a circumference of 68-70 cm and weighs 410-450 grams.
261,rules,How big is a football?,A size 5 ball has a circumference of 68-70 cm and weighs 410-450 grams.
261,rules,What is the official size of a football?,A size 5 ball has a circumference of 68-70 cm and weighs 410-450 grams.
261,rules,What is the weight and size of a football?,A size 5 ball has a circumference of 68-70 cm and weighs 410-450 grams.
261,rules,What are the regulations for a football's size?,A size 5 ball has a circumference of 68-70 cm and weighs 410-450 grams.
261,rules,What is the circumference and weight of a football?,A size 5 ball has a circumference of 68-70 cm and weighs 410-450 grams.
261,rules,How large is a football?,A size 5 ball has a circumference of 68-70 cm and weighs 410-450 grams.
6,trophies,How many Champions League titles has Manchester United won?,Manchester United have won the European Cup / Champions League 3 time(s).
6,trophies,How many times did Manchester United win the UEFA Champions League?,Manchester United have won the European Cup / Champions League 3 time(s).
6,trophies,Tell me how many Champions League trophies Manchester United have lifted.,Manchester United have won the European Cup / Champions League 3 time(s).
6,trophies,What is the number of European Cup trophies won by Manchester United?,Manchester United have won the European Cup / Champions League 3 time(s).
6,trophies,What is Manchester United's Champions League title count?,Manchester United have won the European Cup / Champions League 3 time(s).
6,trophies,Number of Champions League titles won by Manchester United?,Manchester United have won the European Cup / Champions League 3 time(s).
6,trophies,Manchester United has won how many Champions League titles?,Manchester United have won the European Cup / Champions League 3 time(s).
6,trophies,How many Champions League trophies does Manchester United have?,Manchester United have won the European Cup / Champions League 3 time(s).
6,trophies,Manchester United's Champions League wins count?,Manchester United have won the European Cup / Champions League 3 time(s).
6,trophies,The number of Champions League titles for Manchester United is?,Manchester United have won the European Cup / Champions League 3 time(s).
6,trophies,How many European Cup / Champions League titles has Manchester United won?,Manchester United have won the European Cup / Champions League 3 time(s).
6,trophies,What is the total Champions League count for Manchester United?,Manchester United have won the European Cup / Champions League 3 time(s).
6,trophies,How many Champions League awards did Manchester United win?,Manchester United have won the European Cup / Champions League 3 time(s).
6,trophies,Manchester United Champions League total?,Manchester United have won the European Cup / Champions League 3 time(s).
6,trophies,Count of Manchester United's Champions League titles?,Manchester United have won the European Cup / Champions League 3 time(s).
6,trophies,How many Champions League trophies has Manchester United won?,Manchester United have won the European Cup / Champions League 3 time(s).
6,trophies,Manchester United has won the Champions League how many times?,Manchester United have won the European Cup / Champions League 3 time(s).
6,trophies,Number of Champions League trophies for Manchester United?,Manchester United have won the European Cup / Champions League 3 time(s).
6,trophies,What is the number of Champions League titles Manchester United has?,Manchester United have won the European Cup / Champions League 3 time(s).
6,trophies,How many times has Manchester United won the Champions League?,Manchester United have won the European Cup / Champions League 3 time(s).
159,players,Which country does Lamine Yamal come from?,Lamine Yamal is from Spain.
159,players,What is the nationality of Lamine Yamal?,Lamine Yamal is from Spain.
159,players,For which country did Lamine Yamal play international football?,Lamine Yamal is from Spain.
159,players,Lamine Yamal is from which country?,Lamine Yamal is from Spain.
159,players,Which nation does Lamine Yamal represent?,Lamine Yamal is from Spain.
159,players,What country is Lamine Yamal from?,Lamine Yamal is from Spain.
159,players,Lamine Yamal's nationality is?,Lamine Yamal is from Spain.
159,players,Where is Lamine Yamal from?,Lamine Yamal is from Spain.
159,players,Which country is Lamine Yamal a citizen of?,Lamine Yamal is from Spain.
159,players,Lamine Yamal plays for which country?,Lamine Yamal is from Spain.
159,players,What is Lamine Yamal's country of origin?,Lamine Yamal is from Spain.
159,players,Which country does Lamine Yamal play for?,Lamine Yamal is from Spain.
159,players,Lamine Yamal represents which nation?,Lamine Yamal is from Spain.
159,players,What nationality is Lamine Yamal?,Lamine Yamal is from Spain.
159,players,Which country is Lamine Yamal from?,Lamine Yamal is from Spain.
159,players,Lamine Yamal's country is?,Lamine Yamal is from Spain.
159,players,Where does Lamine Yamal come from?,Lamine Yamal is from Spain.
159,players,What nation is Lamine Yamal from?,Lamine Yamal is from Spain.
159,players,Which country is Lamine Yamal associated with?,Lamine Yamal is from Spain.
159,players,Lamine Yamal is a player from which country?,Lamine Yamal is from Spain.
149,players,What is the nationality of Kylian Mbappe?,Kylian Mbappe is from France.
149,players,For which country did Kylian Mbappe play international football?,Kylian Mbappe is from France.
149,players,Which country does Kylian Mbappe come from?,Kylian Mbappe is from France.
149,players,Kylian Mbappe is from which country?,Kylian Mbappe is from France.
149,players,Which nation does Kylian Mbappe represent?,Kylian Mbappe is from France.
149,players,What country is Kylian Mbappe from?,Kylian Mbappe is from France.
149,players,Kylian Mbappe's nationality is?,Kylian Mbappe is from France.
149,players,Where is Kylian Mbappe from?,Kylian Mbappe is from France.
149,players,Which country is Kylian Mbappe a citizen of?,Kylian Mbappe is from France.
149,players,Kylian Mbappe plays for which country?,Kylian Mbappe is from France.
149,players,What is Kylian Mbappe's country of origin?,Kylian Mbappe is from France.
149,players,Which country does Kylian Mbappe play for?,Kylian Mbappe is from France.
149,players,Kylian Mbappe represents which nation?,Kylian Mbappe is from France.
149,players,What nationality is Kylian Mbappe?,Kylian Mbappe is from France.
149,players,Which country is Kylian Mbappe from?,Kylian Mbappe is from France.
149,players,Kylian Mbappe's country is?,Kylian Mbappe is from France.
149,players,Where does Kylian Mbappe come from?,Kylian Mbappe is from France.
149,players,What nation is Kylian Mbappe from?,Kylian Mbappe is from France.
149,players,Which country is Kylian Mbappe associated with?,Kylian Mbappe is from France.
149,players,Kylian Mbappe is a player from which country?,Kylian Mbappe is from France.
138,clubs,Newcastle United is commonly referred to as what?,Newcastle United are nicknamed The Magpies.
138,clubs,What do fans call Newcastle United?,Newcastle United are nicknamed The Magpies.
138,clubs,What nickname are Newcastle United known by?,Newcastle United are nicknamed The Magpies.
138,clubs,What is Newcastle United's nickname?,Newcastle United are nicknamed The Magpies.
138,clubs,What is the nickname of Newcastle United?,Newcastle United are nicknamed The Magpies.
138,clubs,What are Newcastle United nicknamed?,Newcastle United are nicknamed The Magpies.
138,clubs,Newcastle United's nickname is?,Newcastle United are nicknamed The Magpies.
138,clubs,What is Newcastle United commonly called?,Newcastle United are nicknamed The Magpies.
138,clubs,The nickname of Newcastle United is?,Newcastle United are nicknamed The Magpies.
138,clubs,What moniker is used for Newcastle United?,Newcastle United are nicknamed The Magpies.
138,clubs,What are Newcastle United also known as?,Newcastle United are nicknamed The Magpies.
138,clubs,Newcastle United are known as?,Newcastle United are nicknamed The Magpies.
138,clubs,What is the alias of Newcastle United?,Newcastle United are nicknamed The Magpies.
138,clubs,What do people call Newcastle United?,Newcastle United are nicknamed The Magpies.
138,clubs,The nickname for Newcastle United is?,Newcastle United are nicknamed The Magpies.
138,clubs,What is Newcastle United's moniker?,Newcastle United are nicknamed The Magpies.
138,clubs,By what nickname is Newcastle United known?,Newcastle United are nicknamed The Magpies.
138,clubs,What is the common name for Newcastle United?,Newcastle United are nicknamed The Magpies.
138,clubs,What are Newcastle United popularly called?,Newcastle United are nicknamed The Magpies.
138,clubs,Newcastle United's alias is?,Newcastle United are nicknamed The Magpies.
81,league,Which club were the 2017-18 Premier League champions?,Manchester City won the Premier League in 2017-18.
81,league,Which team topped the Premier League table in 2017-18?,Manchester City won the Premier League in 2017-18.
81,league,Name the team that won the English league title in 2017-18.,Manchester City won the Premier League in 2017-18.
81,league,Who won the Premier League in the 2017-18 season?,Manchester City won the Premier League in 2017-18.
81,league,Who were the 2017-18 Premier League winners?,Manchester City won the Premier League in 2017-18.
81,league,Which team won the 2017-18 Premier League?,Manchester City won the Premier League in 2017-18.
81,league,The 2017-18 Premier League champions were?,Manchester City won the Premier League in 2017-18.
81,league,Which club won the 2017-18 Premier League title?,Manchester City won the Premier League in 2017-18.
81,league,Who claimed the 2017-18 Premier League title?,Manchester City won the Premier League in 2017-18.
81,league,2017-18 Premier League winning team?,Manchester City won the Premier League in 2017-18.
81,league,Name the 2017-18 Premier League winner.,Manchester City won the Premier League in 2017-18.
81,league,Which team were the 2017-18 English league champions?,Manchester City won the Premier League in 2017-18.
81,league,Who won the English Premier League in 2017-18?,Manchester City won the Premier League in 2017-18.
81,league,The winner of the 2017-18 Premier League was?,Manchester City won the Premier League in 2017-18.
81,league,Which club topped the 2017-18 Premier League?,Manchester City won the Premier League in 2017-18.
81,league,Who were the champions of the 2017-18 Premier League?,Manchester City won the Premier League in 2017-18.
81,league,2017-18 Premier League title winner?,Manchester City won the Premier League in 2017-18.
81,league,Which team won the 2017-18 English Premier League?,Manchester City won the Premier League in 2017-18.
81,league,Who won the 2017-18 Premier League season?,Manchester City won the Premier League in 2017-18.
81,league,Premier League 2017-18 champions?,Manchester City won the Premier League in 2017-18.
112,awards,How many times did Ronaldo Nazario win the Ballon d'Or?,Ronaldo Nazario has won the Ballon d'Or 2 time(s).
112,awards,How many Ballon d'Or awards has Ronaldo Nazario won?,Ronaldo Nazario has won the Ballon d'Or 2 time(s).
112,awards,Tell me the number of Ballon d'Or trophies Ronaldo Nazario has.,Ronaldo Nazario has won the Ballon d'Or 2 time(s).
112,awards,What is the Ballon d'Or count of Ronaldo Nazario?,Ronaldo Nazario has won the Ballon d'Or 2 time(s).
112,awards,What is Ronaldo Nazario's Ballon d'Or tally?,Ronaldo Nazario has won the Ballon d'Or 2 time(s).
112,awards,Number of Ballon d'Or awards won by Ronaldo Nazario?,Ronaldo Nazario has won the Ballon d'Or 2 time(s).
112,awards,Ronaldo Nazario has won how many Ballon d'Or awards?,Ronaldo Nazario has won the Ballon d'Or 2 time(s).
112,awards,How many Ballon d'Ors does Ronaldo Nazario have?,Ronaldo Nazario has won the Ballon d'Or 2 time(s).
112,awards,Ronaldo Nazario's Ballon d'Or wins count?,Ronaldo Nazario has won the Ballon d'Or 2 time(s).
112,awards,The number of Ballon d'Or awards for Ronaldo Nazario is?,Ronaldo Nazario has won the Ballon d'Or 2 time(s).
112,awards,How many Ballon d'Or trophies has Ronaldo Nazario won?,Ronaldo Nazario has won the Ballon d'Or 2 time(s).
112,awards,What is the total Ballon d'Or count for Ronaldo Nazario?,Ronaldo Nazario has won the Ballon d'Or 2 time(s).
112,awards,How many Ballon d'Or awards did Ronaldo Nazario win?,Ronaldo Nazario has won the Ballon d'Or 2 time(s).
112,awards,Ronaldo Nazario Ballon d'Or total?,Ronaldo Nazario has won the Ballon d'Or 2 time(s).
112,awards,Count of Ronaldo Nazario's Ballon d'Or awards?,Ronaldo Nazario has won the Ballon d'Or 2 time(s).
112,awards,How many Ballon d'Ors has Ronaldo Nazario won?,Ronaldo Nazario has won the Ballon d'Or 2 time(s).
112,awards,Ronaldo Nazario has won the Ballon d'Or how many times?,Ronaldo Nazario has won the Ballon d'Or 2 time(s).
112,awards,Number of Ballon d'Or trophies for Ronaldo Nazario?,Ronaldo Nazario has won the Ballon d'Or 2 time(s).
112,awards,What is the number of Ballon d'Or awards Ronaldo Nazario has?,Ronaldo Nazario has won the Ballon d'Or 2 time(s).
112,awards,How many times has Ronaldo Nazario won the Ballon d'Or?,Ronaldo Nazario has won the Ballon d'Or 2 time(s).
152,players,Which country does Robert Lewandowski come from?,Robert Lewandowski is from Poland.
152,players,Robert Lewandowski is from which country?,Robert Lewandowski is from Poland.
152,players,For which country did Robert Lewandowski play international football?,Robert Lewandowski is from Poland.
152,players,What is the nationality of Robert Lewandowski?,Robert Lewandowski is from Poland.
152,players,Which nation does Robert Lewandowski represent?,Robert Lewandowski is from Poland.
152,players,What country is Robert Lewandowski from?,Robert Lewandowski is from Poland.
152,players,Robert Lewandowski's nationality is?,Robert Lewandowski is from Poland.
152,players,Where is Robert Lewandowski from?,Robert Lewandowski is from Poland.
152,players,Which country is Robert Lewandowski a citizen of?,Robert Lewandowski is from Poland.
152,players,Robert Lewandowski plays for which country?,Robert Lewandowski is from Poland.
152,players,What is Robert Lewandowski's country of origin?,Robert Lewandowski is from Poland.
152,players,Which country does Robert Lewandowski play for?,Robert Lewandowski is from Poland.
152,players,Robert Lewandowski represents which nation?,Robert Lewandowski is from Poland.
152,players,What nationality is Robert Lewandowski?,Robert Lewandowski is from Poland.
152,players,Which country is Robert Lewandowski from?,Robert Lewandowski is from Poland.
152,players,Robert Lewandowski's country is?,Robert Lewandowski is from Poland.
152,players,Where does Robert Lewandowski come from?,Robert Lewandowski is from Poland.
152,players,What nation is Robert Lewandowski from?,Robert Lewandowski is from Poland.
152,players,Which country is Robert Lewandowski associated with?,Robert Lewandowski is from Poland.
152,players,Robert Lewandowski is a player from which country?,Robert Lewandowski is from Poland.
235,records,Which team has the most Europa League trophies?,"Sevilla have won the most Europa League titles, with 7."
235,records,Who is the most successful team in UEFA Cup and Europa League history?,"Sevilla have won the most Europa League titles, with 7."
235,records,Name the record Europa League champion.,"Sevilla have won the most Europa League titles, with 7."
235,records,Which club has won the most Europa League titles?,"Sevilla have won the most Europa League titles, with 7."
235,records,Who has won the most UEFA Cup/Europa League titles?,"Sevilla have won the most Europa League titles, with 7."
235,records,The most successful club in Europa League history is?,"Sevilla have won the most Europa League titles, with 7."
235,records,Which team has won the most UEFA Cup and Europa League titles?,"Sevilla have won the most Europa League titles, with 7."
235,records,Most Europa League titles won by which club?,"Sevilla have won the most Europa League titles, with 7."
235,records,Who is the most decorated team in the Europa League?,"Sevilla have won the most Europa League titles, with 7."
235,records,Which club has the most UEFA Cup/Europa League wins?,"Sevilla have won the most Europa League titles, with 7."
235,records,Name the most successful team in Europa League history.,"Sevilla have won the most Europa League titles, with 7."
235,records,Which team holds the record for most Europa League titles?,"Sevilla have won the most Europa League titles, with 7."
235,records,The club with the most Europa League trophies is?,"Sevilla have won the most Europa League titles, with 7."
235,records,Who has the most UEFA Cup/Europa League trophies?,"Sevilla have won the most Europa League titles, with 7."
235,records,Which team is the most successful in Europa League history?,"Sevilla have won the most Europa League titles, with 7."
235,records,Most successful club in the UEFA Cup/Europa League?,"Sevilla have won the most Europa League titles, with 7."
235,records,Which club has won the most Europa League championships?,"Sevilla have won the most Europa League titles, with 7."
235,records,Name the team with the most Europa League wins.,"Sevilla have won the most Europa League titles, with 7."
235,records,Which club is the record Europa League champion?,"Sevilla have won the most Europa League titles, with 7."
235,records,The team with the most Europa League titles is?,"Sevilla have won the most Europa League titles, with 7."
47,world_cup,Name the team that won the 2006 World Cup.,Italy won the 2006 World Cup.
47,world_cup,Which country were the 2006 World Cup champions?,Italy won the 2006 World Cup.
47,world_cup,Who won the FIFA World Cup in 2006?,Italy won the 2006 World Cup.
47,world_cup,Which nation lifted the World Cup trophy in 2006?,Italy won the 2006 World Cup.
47,world_cup,Who were the 2006 World Cup winners?,Italy won the 2006 World Cup.
47,world_cup,Which team was the 2006 World Cup champion?,Italy won the 2006 World Cup.
47,world_cup,The winner of the 2006 World Cup was?,Italy won the 2006 World Cup.
47,world_cup,Which country won the 2006 FIFA World Cup?,Italy won the 2006 World Cup.
47,world_cup,2006 World Cup winning team?,Italy won the 2006 World Cup.
47,world_cup,Name the 2006 World Cup winner.,Italy won the 2006 World Cup.
47,world_cup,Who was the 2006 World Cup champion?,Italy won the 2006 World Cup.
47,world_cup,Which nation won the 2006 World Cup?,Italy won the 2006 World Cup.
47,world_cup,Who lifted the 2006 World Cup?,Italy won the 2006 World Cup.
47,world_cup,The 2006 World Cup was won by which country?,Italy won the 2006 World Cup.
47,world_cup,Which team won the 2006 FIFA World Cup?,Italy won the 2006 World Cup.
47,world_cup,2006 FIFA World Cup champion?,Italy won the 2006 World Cup.
47,world_cup,Name the 2006 FIFA World Cup winning nation.,Italy won the 2006 World Cup.
47,world_cup,Who won the 2006 World Cup final?,Italy won the 2006 World Cup.
47,world_cup,Which country was the 2006 World Cup winner?,Italy won the 2006 World Cup.
47,world_cup,The 2006 World Cup champions were?,Italy won the 2006 World Cup.
94,awards,Who took home the Ballon d'Or in 2013?,Cristiano Ronaldo won the 2013 Ballon d'Or.
94,awards,Who won the Ballon d'Or in 2013?,Cristiano Ronaldo won the 2013 Ballon d'Or.
94,awards,Name the 2013 Ballon d'Or winner.,Cristiano Ronaldo won the 2013 Ballon d'Or.
94,awards,Which player was awarded the 2013 Ballon d'Or?,Cristiano Ronaldo won the 2013 Ballon d'Or.
94,awards,The 2013 Ballon d'Or was won by?,Cristiano Ronaldo won the 2013 Ballon d'Or.
94,awards,Who was the 2013 Ballon d'Or recipient?,Cristiano Ronaldo won the 2013 Ballon d'Or.
94,awards,Which player won the 2013 Ballon d'Or?,Cristiano Ronaldo won the 2013 Ballon d'Or.
94,awards,2013 Ballon d'Or winner?,Cristiano Ronaldo won the 2013 Ballon d'Or.
94,awards,Name the recipient of the 2013 Ballon d'Or.,Cristiano Ronaldo won the 2013 Ballon d'Or.
94,awards,Who was awarded the Ballon d'Or in 2013?,Cristiano Ronaldo won the 2013 Ballon d'Or.
94,awards,The winner of the 2013 Ballon d'Or was?,Cristiano Ronaldo won the 2013 Ballon d'Or.
94,awards,Which footballer won the 2013 Ballon d'Or?,Cristiano Ronaldo won the 2013 Ballon d'Or.
94,awards,2013 Ballon d'Or award winner?,Cristiano Ronaldo won the 2013 Ballon d'Or.
94,awards,Who claimed the 2013 Ballon d'Or?,Cristiano Ronaldo won the 2013 Ballon d'Or.
94,awards,Name the player who won the 2013 Ballon d'Or.,Cristiano Ronaldo won the 2013 Ballon d'Or.
94,awards,Who received the 2013 Ballon d'Or?,Cristiano Ronaldo won the 2013 Ballon d'Or.
94,awards,2013 Ballon d'Or winner is?,Cristiano Ronaldo won the 2013 Ballon d'Or.
94,awards,Which player took the 2013 Ballon d'Or?,Cristiano Ronaldo won the 2013 Ballon d'Or.
94,awards,Who was the winner of the 2013 Ballon d'Or?,Cristiano Ronaldo won the 2013 Ballon d'Or.
94,awards,The 2013 Ballon d'Or recipient was?,Cristiano Ronaldo won the 2013 Ballon d'Or.
81,league,Which team topped the Premier League table in 2017-18?,Manchester City won the Premier League in 2017-18.
81,league,Which club were the 2017-18 Premier League champions?,Manchester City won the Premier League in 2017-18.
81,league,Name the team that won the English league title in 2017-18.,Manchester City won the Premier League in 2017-18.
81,league,Who won the Premier League in the 2017-18 season?,Manchester City won the Premier League in 2017-18.
81,league,Who were the 2017-18 Premier League winners?,Manchester City won the Premier League in 2017-18.
81,league,Which team won the 2017-18 Premier League?,Manchester City won the Premier League in 2017-18.
81,league,The 2017-18 Premier League champions were?,Manchester City won the Premier League in 2017-18.
81,league,Which club won the 2017-18 Premier League title?,Manchester City won the Premier League in 2017-18.
81,league,Who claimed the 2017-18 Premier League title?,Manchester City won the Premier League in 2017-18.
81,league,2017-18 Premier League winning team?,Manchester City won the Premier League in 2017-18.
81,league,Name the 2017-18 Premier League winner.,Manchester City won the Premier League in 2017-18.
81,league,Which team were the 2017-18 English league champions?,Manchester City won the Premier League in 2017-18.
81,league,Who won the English Premier League in 2017-18?,Manchester City won the Premier League in 2017-18.
81,league,The winner of the 2017-18 Premier League was?,Manchester City won the Premier League in 2017-18.
81,league,Which club topped the 2017-18 Premier League?,Manchester City won the Premier League in 2017-18.
81,league,Who were the champions of the 2017-18 Premier League?,Manchester City won the Premier League in 2017-18.
81,league,2017-18 Premier League title winner?,Manchester City won the Premier League in 2017-18.
81,league,Which team won the 2017-18 English Premier League?,Manchester City won the Premier League in 2017-18.
81,league,Who won the 2017-18 Premier League season?,Manchester City won the Premier League in 2017-18.
81,league,Premier League 2017-18 champions?,Manchester City won the Premier League in 2017-18.
179,players,N'Golo Kante plays as what type of player?,N'Golo Kante plays as a defensive midfielder.
179,players,Which position is N'Golo Kante best known for?,N'Golo Kante plays as a defensive midfielder.
179,players,What position does N'Golo Kante play?,N'Golo Kante plays as a defensive midfielder.
179,players,Which role did N'Golo Kante have on the pitch?,N'Golo Kante plays as a defensive midfielder.
179,players,What is N'Golo Kante's position?,N'Golo Kante plays as a defensive midfielder.
179,players,N'Golo Kante's playing position is?,N'Golo Kante plays as a defensive midfielder.
179,players,Where does N'Golo Kante play on the pitch?,N'Golo Kante plays as a defensive midfielder.
179,players,What role does N'Golo Kante play?,N'Golo Kante plays as a defensive midfielder.
179,players,N'Golo Kante is a?,N'Golo Kante plays as a defensive midfielder.
179,players,What position is N'Golo Kante known for?,N'Golo Kante plays as a defensive midfielder.
179,players,N'Golo Kante's role in the team is?,N'Golo Kante plays as a defensive midfielder.
179,players,What type of player is N'Golo Kante?,N'Golo Kante plays as a defensive midfielder.
179,players,N'Golo Kante plays in which position?,N'Golo Kante plays as a defensive midfielder.
179,players,What is the playing position of N'Golo Kante?,N'Golo Kante plays as a defensive midfielder.
179,players,N'Golo Kante is best known for playing as a?,N'Golo Kante plays as a defensive midfielder.
179,players,What position does N'Golo Kante occupy?,N'Golo Kante plays as a defensive midfielder.
179,players,N'Golo Kante's position on the field is?,N'Golo Kante plays as a defensive midfielder.
179,players,What is N'Golo Kante's role?,N'Golo Kante plays as a defensive midfielder.
179,players,N'Golo Kante is a player in which position?,N'Golo Kante plays as a defensive midfielder.
179,players,What position did N'Golo Kante play?,N'Golo Kante plays as a defensive midfielder.
169,players,Kevin De Bruyne plays as what type of player?,Kevin De Bruyne plays as an attacking midfielder.
169,players,Which position is Kevin De Bruyne best known for?,Kevin De Bruyne plays as an attacking midfielder.
169,players,What position does Kevin De Bruyne play?,Kevin De Bruyne plays as an attacking midfielder.
169,players,Which role did Kevin De Bruyne have on the pitch?,Kevin De Bruyne plays as an attacking midfielder.
169,players,What is Kevin De Bruyne's position?,Kevin De Bruyne plays as an attacking midfielder.
169,players,Kevin De Bruyne's playing position is?,Kevin De Bruyne plays as an attacking midfielder.
169,players,Where does Kevin De Bruyne play on the pitch?,Kevin De Bruyne plays as an attacking midfielder.
169,players,What role does Kevin De Bruyne play?,Kevin De Bruyne plays as an attacking midfielder.
169,players,Kevin De Bruyne is a?,Kevin De Bruyne plays as an attacking midfielder.
169,players,What position is Kevin De Bruyne known for?,Kevin De Bruyne plays as an attacking midfielder.
169,players,Kevin De Bruyne's role in the team is?,Kevin De Bruyne plays as an attacking midfielder.
169,players,What type of player is Kevin De Bruyne?,Kevin De Bruyne plays as an attacking midfielder.
169,players,Kevin De Bruyne plays in which position?,Kevin De Bruyne plays as an attacking midfielder.
169,players,What is the playing position of Kevin De Bruyne?,Kevin De Bruyne plays as an attacking midfielder.
169,players,Kevin De Bruyne is best known for playing as a?,Kevin De Bruyne plays as an attacking midfielder.
169,players,What position does Kevin De Bruyne occupy?,Kevin De Bruyne plays as an attacking midfielder.
169,players,Kevin De Bruyne's position on the field is?,Kevin De Bruyne plays as an attacking midfielder.
169,players,What is Kevin De Bruyne's role?,Kevin De Bruyne plays as an attacking midfielder.
169,players,Kevin De Bruyne is a player in which position?,Kevin De Bruyne plays as an attacking midfielder.
169,players,What position did Kevin De Bruyne play?,Kevin De Bruyne plays as an attacking midfielder.
72,euros,Which country won Euro 2020?,Italy (played in 2021) won Euro 2020.
72,euros,Name the winner of the 2020 Euros.,Italy (played in 2021) won Euro 2020.
72,euros,Which team were the Euro 2020 champions?,Italy (played in 2021) won Euro 2020.
72,euros,Who won the UEFA European Championship in 2020?,Italy (played in 2021) won Euro 2020.
72,euros,Who were the Euro 2020 winners?,Italy (played in 2021) won Euro 2020.
72,euros,Which team won the 2020 European Championship?,Italy (played in 2021) won Euro 2020.
72,euros,The 2020 Euro champions were?,Italy (played in 2021) won Euro 2020.
72,euros,Who claimed the Euro 2020 title?,Italy (played in 2021) won Euro 2020.
72,euros,2020 European Championship winning team?,Italy (played in 2021) won Euro 2020.
72,euros,Name the 2020 Euro winner.,Italy (played in 2021) won Euro 2020.
72,euros,Which country were the 2020 European champions?,Italy (played in 2021) won Euro 2020.
72,euros,Who won the 2020 European Football Championship?,Italy (played in 2021) won Euro 2020.
72,euros,The winner of Euro 2020 was?,Italy (played in 2021) won Euro 2020.
72,euros,Which nation won Euro 2020?,Italy (played in 2021) won Euro 2020.
72,euros,2020 Euros champion?,Italy (played in 2021) won Euro 2020.
72,euros,Who lifted the Euro 2020 trophy?,Italy (played in 2021) won Euro 2020.
72,euros,Which team won the UEFA Euro 2020?,Italy (played in 2021) won Euro 2020.
72,euros,Name the 2020 European Championship winner.,Italy (played in 2021) won Euro 2020.
72,euros,Who were the champions of Euro 2020?,Italy (played in 2021) won Euro 2020.
72,euros,Which country won the 2020 Euros?,Italy (played in 2021) won Euro 2020.
141,clubs,What is Inter Milan's nickname?,Inter Milan are nicknamed Nerazzurri.
141,clubs,What do fans call Inter Milan?,Inter Milan are nicknamed Nerazzurri.
141,clubs,Inter Milan is commonly referred to as what?,Inter Milan are nicknamed Nerazzurri.
141,clubs,What nickname are Inter Milan known by?,Inter Milan are nicknamed Nerazzurri.
141,clubs,What is the nickname of Inter Milan?,Inter Milan are nicknamed Nerazzurri.
141,clubs,What are Inter Milan nicknamed?,Inter Milan are nicknamed Nerazzurri.
141,clubs,Inter Milan's nickname is?,Inter Milan are nicknamed Nerazzurri.
141,clubs,What is Inter Milan commonly called?,Inter Milan are nicknamed Nerazzurri.
141,clubs,The nickname of Inter Milan is?,Inter Milan are nicknamed Nerazzurri.
141,clubs,What moniker is used for Inter Milan?,Inter Milan are nicknamed Nerazzurri.
141,clubs,What are Inter Milan also known as?,Inter Milan are nicknamed Nerazzurri.
141,clubs,Inter Milan are known as?,Inter Milan are nicknamed Nerazzurri.
141,clubs,What is the alias of Inter Milan?,Inter Milan are nicknamed Nerazzurri.
141,clubs,What do people call Inter Milan?,Inter Milan are nicknamed Nerazzurri.
141,clubs,The nickname for Inter Milan is?,Inter Milan are nicknamed Nerazzurri.
141,clubs,What is Inter Milan's moniker?,Inter Milan are nicknamed Nerazzurri.
141,clubs,By what nickname is Inter Milan known?,Inter Milan are nicknamed Nerazzurri.
141,clubs,What is the common name for Inter Milan?,Inter Milan are nicknamed Nerazzurri.
141,clubs,What are Inter Milan popularly called?,Inter Milan are nicknamed Nerazzurri.
141,clubs,Inter Milan's alias is?,Inter Milan are nicknamed Nerazzurri.
43,world_cup,Which country were the 1990 World Cup champions?,West Germany won the 1990 World Cup.
43,world_cup,Name the team that won the 1990 World Cup.,West Germany won the 1990 World Cup.
43,world_cup,Who won the FIFA World Cup in 1990?,West Germany won the 1990 World Cup.
43,world_cup,Which nation lifted the World Cup trophy in 1990?,West Germany won the 1990 World Cup.
43,world_cup,Who were the 1990 World Cup winners?,West Germany won the 1990 World Cup.
43,world_cup,Which team was the 1990 World Cup champion?,West Germany won the 1990 World Cup.
43,world_cup,The winner of the 1990 World Cup was?,West Germany won the 1990 World Cup.
43,world_cup,Which country won the 1990 FIFA World Cup?,West Germany won the 1990 World Cup.
43,world_cup,1990 World Cup winning team?,West Germany won the 1990 World Cup.
43,world_cup,Name the 1990 World Cup winner.,West Germany won the 1990 World Cup.
43,world_cup,Who was the 1990 World Cup champion?,West Germany won the 1990 World Cup.
43,world_cup,Which nation won the 1990 World Cup?,West Germany won the 1990 World Cup.
43,world_cup,Who lifted the 1990 World Cup?,West Germany won the 1990 World Cup.
43,world_cup,The 1990 World Cup was won by which country?,West Germany won the 1990 World Cup.
43,world_cup,Which team won the 1990 FIFA World Cup?,West Germany won the 1990 World Cup.
43,world_cup,1990 FIFA World Cup champion?,West Germany won the 1990 World Cup.
43,world_cup,Name the 1990 FIFA World Cup winning nation.,West Germany won the 1990 World Cup.
43,world_cup,Who won the 1990 World Cup final?,West Germany won the 1990 World Cup.
43,world_cup,Which country was the 1990 World Cup winner?,West Germany won the 1990 World Cup.
43,world_cup,The 1990 World Cup champions were?,West Germany won the 1990 World Cup.
111,awards,Tell me the number of Ballon d'Or trophies Franz Beckenbauer has.,Franz Beckenbauer has won the Ballon d'Or 2 time(s).
111,awards,How many times did Franz Beckenbauer win the Ballon d'Or?,Franz Beckenbauer has won the Ballon d'Or 2 time(s).
111,awards,What is the Ballon d'Or count of Franz Beckenbauer?,Franz Beckenbauer has won the Ballon d'Or 2 time(s).
111,awards,How many Ballon d'Or awards has Franz Beckenbauer won?,Franz Beckenbauer has won the Ballon d'Or 2 time(s).
111,awards,What is Franz Beckenbauer's Ballon d'Or tally?,Franz Beckenbauer has won the Ballon d'Or 2 time(s).
111,awards,Number of Ballon d'Or awards won by Franz Beckenbauer?,Franz Beckenbauer has won the Ballon d'Or 2 time(s).
111,awards,Franz Beckenbauer has won how many Ballon d'Or awards?,Franz Beckenbauer has won the Ballon d'Or 2 time(s).
111,awards,How many Ballon d'Ors does Franz Beckenbauer have?,Franz Beckenbauer has won the Ballon d'Or 2 time(s).
111,awards,Franz Beckenbauer's Ballon d'Or wins count?,Franz Beckenbauer has won the Ballon d'Or 2 time(s).
111,awards,The number of Ballon d'Or awards for Franz Beckenbauer is?,Franz Beckenbauer has won the Ballon d'Or 2 time(s).
111,awards,How many Ballon d'Or trophies has Franz Beckenbauer won?,Franz Beckenbauer has won the Ballon d'Or 2 time(s).
111,awards,What is the total Ballon d'Or count for Franz Beckenbauer?,Franz Beckenbauer has won the Ballon d'Or 2 time(s).
111,awards,How many Ballon d'Or awards did Franz Beckenbauer win?,Franz Beckenbauer has won the Ballon d'Or 2 time(s).
111,awards,Franz Beckenbauer Ballon d'Or total?,Franz Beckenbauer has won the Ballon d'Or 2 time(s).
111,awards,Count of Franz Beckenbauer's Ballon d'Or awards?,Franz Beckenbauer has won the Ballon d'Or 2 time(s).
111,awards,How many Ballon d'Ors has Franz Beckenbauer won?,Franz Beckenbauer has won the Ballon d'Or 2 time(s).
111,awards,Franz Beckenbauer has won the Ballon d'Or how many times?,Franz Beckenbauer has won the Ballon d'Or 2 time(s).
111,awards,Number of Ballon d'Or trophies for Franz Beckenbauer?,Franz Beckenbauer has won the Ballon d'Or 2 time(s).
111,awards,What is the number of Ballon d'Or awards Franz Beckenbauer has?,Franz Beckenbauer has won the Ballon d'Or 2 time(s).
111,awards,How many times has Franz Beckenbauer won the Ballon d'Or?,Franz Beckenbauer has won the Ballon d'Or 2 time(s).
121,clubs,Name the ground of Chelsea.,Chelsea play at Stamford Bridge.
121,clubs,Where does Chelsea play its home games?,Chelsea play at Stamford Bridge.
121,clubs,Which stadium is home to Chelsea?,Chelsea play at Stamford Bridge.
121,clubs,What is the name of Chelsea's home stadium?,Chelsea play at Stamford Bridge.
121,clubs,What stadium do Chelsea play in?,Chelsea play at Stamford Bridge.
121,clubs,Chelsea's home ground is called?,Chelsea play at Stamford Bridge.
121,clubs,The home stadium of Chelsea is?,Chelsea play at Stamford Bridge.
121,clubs,What is the name of the stadium where Chelsea plays?,Chelsea play at Stamford Bridge.
121,clubs,Which ground does Chelsea use for home matches?,Chelsea play at Stamford Bridge.
121,clubs,Name the home venue of Chelsea.,Chelsea play at Stamford Bridge.
121,clubs,What is Chelsea's stadium called?,Chelsea play at Stamford Bridge.
121,clubs,Where do Chelsea play their home fixtures?,Chelsea play at Stamford Bridge.
121,clubs,The stadium of Chelsea is known as?,Chelsea play at Stamford Bridge.
121,clubs,Chelsea's home field is?,Chelsea play at Stamford Bridge.
121,clubs,What is the home of Chelsea?,Chelsea play at Stamford Bridge.
121,clubs,Which stadium does Chelsea call home?,Chelsea play at Stamford Bridge.
121,clubs,Name Chelsea's stadium.,Chelsea play at Stamford Bridge.
121,clubs,The home ground for Chelsea is?,Chelsea play at Stamford Bridge.
121,clubs,Where is Chelsea's home stadium?,Chelsea play at Stamford Bridge.
121,clubs,What stadium is Chelsea's home?,Chelsea play at Stamford Bridge.
89,awards,Who won the Ballon d'Or in 2008?,Cristiano Ronaldo won the 2008 Ballon d'Or.
89,awards,Who took home the Ballon d'Or in 2008?,Cristiano Ronaldo won the 2008 Ballon d'Or.
89,awards,Name the 2008 Ballon d'Or winner.,Cristiano Ronaldo won the 2008 Ballon d'Or.
89,awards,Which player was awarded the 2008 Ballon d'Or?,Cristiano Ronaldo won the 2008 Ballon d'Or.
89,awards,The 2008 Ballon d'Or was won by?,Cristiano Ronaldo won the 2008 Ballon d'Or.
89,awards,Who was the 2008 Ballon d'Or recipient?,Cristiano Ronaldo won the 2008 Ballon d'Or.
89,awards,Which player won the 2008 Ballon d'Or?,Cristiano Ronaldo won the 2008 Ballon d'Or.
89,awards,2008 Ballon d'Or winner?,Cristiano Ronaldo won the 2008 Ballon d'Or.
89,awards,Name the recipient of the 2008 Ballon d'Or.,Cristiano Ronaldo won the 2008 Ballon d'Or.
89,awards,Who was awarded the Ballon d'Or in 2008?,Cristiano Ronaldo won the 2008 Ballon d'Or.
89,awards,The winner of the 2008 Ballon d'Or was?,Cristiano Ronaldo won the 2008 Ballon d'Or.
89,awards,Which footballer won the 2008 Ballon d'Or?,Cristiano Ronaldo won the 2008 Ballon d'Or.
89,awards,2008 Ballon d'Or award winner?,Cristiano Ronaldo won the 2008 Ballon d'Or.
89,awards,Who claimed the 2008 Ballon d'Or?,Cristiano Ronaldo won the 2008 Ballon d'Or.
89,awards,Name the player who won the 2008 Ballon d'Or.,Cristiano Ronaldo won the 2008 Ballon d'Or.
89,awards,Who received the 2008 Ballon d'Or?,Cristiano Ronaldo won the 2008 Ballon d'Or.
89,awards,2008 Ballon d'Or winner is?,Cristiano Ronaldo won the 2008 Ballon d'Or.
89,awards,Which player took the 2008 Ballon d'Or?,Cristiano Ronaldo won the 2008 Ballon d'Or.
89,awards,Who was the winner of the 2008 Ballon d'Or?,Cristiano Ronaldo won the 2008 Ballon d'Or.
89,awards,The 2008 Ballon d'Or recipient was?,Cristiano Ronaldo won the 2008 Ballon d'Or.
15,trophies,Who were the 2011 Champions League winners?,Barcelona won the Champions League final in 2011.
15,trophies,Name the team that lifted the UEFA Champions League in 2011.,Barcelona won the Champions League final in 2011.
15,trophies,Which team became European champions in 2011?,Barcelona won the Champions League final in 2011.
15,trophies,Which club won the Champions League in 2011?,Barcelona won the Champions League final in 2011.
15,trophies,Who won the Champions League in 2011?,Barcelona won the Champions League final in 2011.
15,trophies,2011 Champions League winning team?,Barcelona won the Champions League final in 2011.
15,trophies,Name the 2011 Champions League winner.,Barcelona won the Champions League final in 2011.
15,trophies,Which team won the 2011 UEFA Champions League?,Barcelona won the Champions League final in 2011.
15,trophies,The 2011 Champions League champions were?,Barcelona won the Champions League final in 2011.
15,trophies,Who claimed the 2011 Champions League title?,Barcelona won the Champions League final in 2011.
15,trophies,Which club lifted the 2011 Champions League trophy?,Barcelona won the Champions League final in 2011.
15,trophies,2011 European Cup winner?,Barcelona won the Champions League final in 2011.
15,trophies,Who won the 2011 European Cup?,Barcelona won the Champions League final in 2011.
15,trophies,Name the winner of the 2011 Champions League final.,Barcelona won the Champions League final in 2011.
15,trophies,Which team was the 2011 Champions League champion?,Barcelona won the Champions League final in 2011.
15,trophies,The winner of the 2011 Champions League was?,Barcelona won the Champions League final in 2011.
15,trophies,Who were the champions of Europe in 2011?,Barcelona won the Champions League final in 2011.
15,trophies,Which team won the European Cup in 2011?,Barcelona won the Champions League final in 2011.
15,trophies,2011 UEFA Champions League winner?,Barcelona won the Champions League final in 2011.
15,trophies,Who lifted the 2011 Champions League trophy?,Barcelona won the Champions League final in 2011.
40,world_cup,Which country were the 1978 World Cup champions?,Argentina won the 1978 World Cup.
40,world_cup,Name the team that won the 1978 World Cup.,Argentina won the 1978 World Cup.
40,world_cup,Who won the FIFA World Cup in 1978?,Argentina won the 1978 World Cup.
40,world_cup,Which nation lifted the World Cup trophy in 1978?,Argentina won the 1978 World Cup.
40,world_cup,Who were the 1978 World Cup winners?,Argentina won the 1978 World Cup.
40,world_cup,Which team was the 1978 World Cup champion?,Argentina won the 1978 World Cup.
40,world_cup,The winner of the 1978 World Cup was?,Argentina won the 1978 World Cup.
40,world_cup,Which country won the 1978 FIFA World Cup?,Argentina won the 1978 World Cup.
40,world_cup,1978 World Cup winning team?,Argentina won the 1978 World Cup.
40,world_cup,Name the 1978 World Cup winner.,Argentina won the 1978 World Cup.
40,world_cup,Who was the 1978 World Cup champion?,Argentina won the 1978 World Cup.
40,world_cup,Which nation won the 1978 World Cup?,Argentina won the 1978 World Cup.
40,world_cup,Who lifted the 1978 World Cup?,Argentina won the 1978 World Cup.
40,world_cup,The 1978 World Cup was won by which country?,Argentina won the 1978 World Cup.
40,world_cup,Which team won the 1978 FIFA World Cup?,Argentina won the 1978 World Cup.
40,world_cup,1978 FIFA World Cup champion?,Argentina won the 1978 World Cup.
40,world_cup,Name the 1978 FIFA World Cup winning nation.,Argentina won the 1978 World Cup.
40,world_cup,Who won the 1978 World Cup final?,Argentina won the 1978 World Cup.
40,world_cup,Which country was the 1978 World Cup winner?,Argentina won the 1978 World Cup.
40,world_cup,The 1978 World Cup champions were?,Argentina won the 1978 World Cup.
101,awards,Who won the Ballon d'Or in 2021?,Lionel Messi won the 2021 Ballon d'Or.
101,awards,Who took home the Ballon d'Or in 2021?,Lionel Messi won the 2021 Ballon d'Or.
101,awards,Name the 2021 Ballon d'Or winner.,Lionel Messi won the 2021 Ballon d'Or.
101,awards,Which player was awarded the 2021 Ballon d'Or?,Lionel Messi won the 2021 Ballon d'Or.
101,awards,The 2021 Ballon d'Or was won by?,Lionel Messi won the 2021 Ballon d'Or.
101,awards,Who was the 2021 Ballon d'Or recipient?,Lionel Messi won the 2021 Ballon d'Or.
101,awards,Which player won the 2021 Ballon d'Or?,Lionel Messi won the 2021 Ballon d'Or.
101,awards,2021 Ballon d'Or winner?,Lionel Messi won the 2021 Ballon d'Or.
101,awards,Name the recipient of the 2021 Ballon d'Or.,Lionel Messi won the 2021 Ballon d'Or.
101,awards,Who was awarded the Ballon d'Or in 2021?,Lionel Messi won the 2021 Ballon d'Or.
101,awards,The winner of the 2021 Ballon d'Or was?,Lionel Messi won the 2021 Ballon d'Or.
101,awards,Which footballer won the 2021 Ballon d'Or?,Lionel Messi won the 2021 Ballon d'Or.
101,awards,2021 Ballon d'Or award winner?,Lionel Messi won the 2021 Ballon d'Or.
101,awards,Who claimed the 2021 Ballon d'Or?,Lionel Messi won the 2021 Ballon d'Or.
101,awards,Name the player who won the 2021 Ballon d'Or.,Lionel Messi won the 2021 Ballon d'Or.
101,awards,Who received the 2021 Ballon d'Or?,Lionel Messi won the 2021 Ballon d'Or.
101,awards,2021 Ballon d'Or winner is?,Lionel Messi won the 2021 Ballon d'Or.
101,awards,Which player took the 2021 Ballon d'Or?,Lionel Messi won the 2021 Ballon d'Or.
101,awards,Who was the winner of the 2021 Ballon d'Or?,Lionel Messi won the 2021 Ballon d'Or.
101,awards,The 2021 Ballon d'Or recipient was?,Lionel Messi won the 2021 Ballon d'Or.
174,players,Which role did Sergio Ramos have on the pitch?,Sergio Ramos plays as a centre-back.
174,players,Which position is Sergio Ramos best known for?,Sergio Ramos plays as a centre-back.
174,players,What position does Sergio Ramos play?,Sergio Ramos plays as a centre-back.
174,players,Sergio Ramos plays as what type of player?,Sergio Ramos plays as a centre-back.
174,players,What is Sergio Ramos's position?,Sergio Ramos plays as a centre-back.
174,players,Sergio Ramos's playing position is?,Sergio Ramos plays as a centre-back.
174,players,Where does Sergio Ramos play on the pitch?,Sergio Ramos plays as a centre-back.
174,players,What role does Sergio Ramos play?,Sergio Ramos plays as a centre-back.
174,players,Sergio Ramos is a?,Sergio Ramos plays as a centre-back.
174,players,What position is Sergio Ramos known for?,Sergio Ramos plays as a centre-back.
174,players,Sergio Ramos's role in the team is?,Sergio Ramos plays as a centre-back.
174,players,What type of player is Sergio Ramos?,Sergio Ramos plays as a centre-back.
174,players,Sergio Ramos plays in which position?,Sergio Ramos plays as a centre-back.
174,players,What is the playing position of Sergio Ramos?,Sergio Ramos plays as a centre-back.
174,players,Sergio Ramos is best known for playing as a?,Sergio Ramos plays as a centre-back.
174,players,What position does Sergio Ramos occupy?,Sergio Ramos plays as a centre-back.
174,players,Sergio Ramos's position on the field is?,Sergio Ramos plays as a centre-back.
174,players,What is Sergio Ramos's role?,Sergio Ramos plays as a centre-back.
174,players,Sergio Ramos is a player in which position?,Sergio Ramos plays as a centre-back.
174,players,What position did Sergio Ramos play?,Sergio Ramos plays as a centre-back.
245,rules,What does offside mean?,"A player is offside if, when the ball is played to them, they are nearer to the opponents' goal line than both the ball and the second-last opponent, and they are in the opponents' half."
245,rules,Explain offside in football.,"A player is offside if, when the ball is played to them, they are nearer to the opponents' goal line than both the ball and the second-last opponent, and they are in the opponents' half."
245,rules,What is the offside rule in football?,"A player is offside if, when the ball is played to them, they are nearer to the opponents' goal line than both the ball and the second-last opponent, and they are in the opponents' half."
245,rules,When is a player considered offside?,"A player is offside if, when the ball is played to them, they are nearer to the opponents' goal line than both the ball and the second-last opponent, and they are in the opponents' half."
245,rules,What is offside in football?,"A player is offside if, when the ball is played to them, they are nearer to the opponents' goal line than both the ball and the second-last opponent, and they are in the opponents' half."
245,rules,How does the offside rule work?,"A player is offside if, when the ball is played to them, they are nearer to the opponents' goal line than both the ball and the second-last opponent, and they are in the opponents' half."
245,rules,Define offside in football.,"A player is offside if, when the ball is played to them, they are nearer to the opponents' goal line than both the ball and the second-last opponent, and they are in the opponents' half."
245,rules,What is the offside rule?,"A player is offside if, when the ball is played to them, they are nearer to the opponents' goal line than both the ball and the second-last opponent, and they are in the opponents' half."
245,rules,When is offside called?,"A player is offside if, when the ball is played to them, they are nearer to the opponents' goal line than both the ball and the second-last opponent, and they are in the opponents' half."
245,rules,What is an offside offence?,"A player is offside if, when the ball is played to them, they are nearer to the opponents' goal line than both the ball and the second-last opponent, and they are in the opponents' half."
245,rules,How is offside determined?,"A player is offside if, when the ball is played to them, they are nearer to the opponents' goal line than both the ball and the second-last opponent, and they are in the opponents' half."
245,rules,What is the meaning of offside?,"A player is offside if, when the ball is played to them, they are nearer to the opponents' goal line than both the ball and the second-last opponent, and they are in the opponents' half."
245,rules,Describe the offside rule.,"A player is offside if, when the ball is played to them, they are nearer to the opponents' goal line than both the ball and the second-last opponent, and they are in the opponents' half."
245,rules,When does offside occur?,"A player is offside if, when the ball is played to them, they are nearer to the opponents' goal line than both the ball and the second-last opponent, and they are in the opponents' half."
245,rules,What is the offside law?,"A player is offside if, when the ball is played to them, they are nearer to the opponents' goal line than both the ball and the second-last opponent, and they are in the opponents' half."
245,rules,How is offside judged?,"A player is offside if, when the ball is played to them, they are nearer to the opponents' goal line than both the ball and the second-last opponent, and they are in the opponents' half."
245,rules,What is considered offside?,"A player is offside if, when the ball is played to them, they are nearer to the opponents' goal line than both the ball and the second-last opponent, and they are in the opponents' half."
245,rules,What is the offside position?,"A player is offside if, when the ball is played to them, they are nearer to the opponents' goal line than both the ball and the second-last opponent, and they are in the opponents' half."
245,rules,When is a player offside?,"A player is offside if, when the ball is played to them, they are nearer to the opponents' goal line than both the ball and the second-last opponent, and they are in the opponents' half."
245,rules,What constitutes an offside offence?,"A player is offside if, when the ball is played to them, they are nearer to the opponents' goal line than both the ball and the second-last opponent, and they are in the opponents' half."
244,rules,How many players must a team have to keep playing?,A team needs at least 7 players to continue; with fewer the match is abandoned.
244,rules,What is the minimum number of players a team needs to continue a match?,A team needs at least 7 players to continue; with fewer the match is abandoned.
244,rules,What happens if a team has fewer than seven players?,A team needs at least 7 players to continue; with fewer the match is abandoned.
244,rules,What is the smallest number of players allowed on the pitch for a team?,A team needs at least 7 players to continue; with fewer the match is abandoned.
244,rules,What is the minimum number of players required for a team to continue playing?,A team needs at least 7 players to continue; with fewer the match is abandoned.
244,rules,If a team has fewer than 7 players what happens?,A team needs at least 7 players to continue; with fewer the match is abandoned.
244,rules,What is the minimum player count for a team to avoid abandonment?,A team needs at least 7 players to continue; with fewer the match is abandoned.
244,rules,How many players does a team need to not forfeit the match?,A team needs at least 7 players to continue; with fewer the match is abandoned.
244,rules,The minimum number of players a team can have to continue is?,A team needs at least 7 players to continue; with fewer the match is abandoned.
244,rules,What is the fewest number of players a team can have and still play?,A team needs at least 7 players to continue; with fewer the match is abandoned.
244,rules,If a team drops below 7 players what is the result?,A team needs at least 7 players to continue; with fewer the match is abandoned.
244,rules,What is the rule for the minimum number of players in a team?,A team needs at least 7 players to continue; with fewer the match is abandoned.
244,rules,How many players are required for a match to continue?,A team needs at least 7 players to continue; with fewer the match is abandoned.
244,rules,What is the player threshold for a team to continue a match?,A team needs at least 7 players to continue; with fewer the match is abandoned.
244,rules,What happens when a team has less than 7 players?,A team needs at least 7 players to continue; with fewer the match is abandoned.
244,rules,A team must have at least how many players to continue?,A team needs at least 7 players to continue; with fewer the match is abandoned.
244,rules,What is the minimum number of players for a team to keep playing?,A team needs at least 7 players to continue; with fewer the match is abandoned.
244,rules,How many players are needed for a team to continue a game?,A team needs at least 7 players to continue; with fewer the match is abandoned.
244,rules,What is the minimum players a team needs on the field?,A team needs at least 7 players to continue; with fewer the match is abandoned.
244,rules,What happens if a team cannot field 7 players?,A team needs at least 7 players to continue; with fewer the match is abandoned.
188,players,Who is known as El Pibe de Oro?,Diego Maradona is known as El Pibe de Oro.
188,players,Who goes by the nickname El Pibe de Oro?,Diego Maradona is known as El Pibe de Oro.
188,players,El Pibe de Oro is the nickname of which person?,Diego Maradona is known as El Pibe de Oro.
188,players,Which football figure has the nickname El Pibe de Oro?,Diego Maradona is known as El Pibe de Oro.
188,players,Which player is nicknamed El Pibe de Oro?,Diego Maradona is known as El Pibe de Oro.
188,players,The nickname El Pibe de Oro belongs to which footballer?,Diego Maradona is known as El Pibe de Oro.
188,players,Who is the footballer called El Pibe de Oro?,Diego Maradona is known as El Pibe de Oro.
188,players,El Pibe de Oro is the moniker of which player?,Diego Maradona is known as El Pibe de Oro.
188,players,Which footballer is known as El Pibe de Oro?,Diego Maradona is known as El Pibe de Oro.
188,players,Who has the nickname El Pibe de Oro?,Diego Maradona is known as El Pibe de Oro.
188,players,El Pibe de Oro nickname belongs to?,Diego Maradona is known as El Pibe de Oro.
188,players,Which player is referred to as El Pibe de Oro?,Diego Maradona is known as El Pibe de Oro.
188,players,Who is the player with the nickname El Pibe de Oro?,Diego Maradona is known as El Pibe de Oro.
188,players,The footballer known as El Pibe de Oro is?,Diego Maradona is known as El Pibe de Oro.
188,players,Which player's nickname is El Pibe de Oro?,Diego Maradona is known as El Pibe de Oro.
188,players,Who is El Pibe de Oro in football?,Diego Maradona is known as El Pibe de Oro.
188,players,El Pibe de Oro is the alias of which footballer?,Diego Maradona is known as El Pibe de Oro.
188,players,Which football star is called El Pibe de Oro?,Diego Maradona is known as El Pibe de Oro.
188,players,Name the player nicknamed El Pibe de Oro.,Diego Maradona is known as El Pibe de Oro.
188,players,The player with the nickname El Pibe de Oro is?,Diego Maradona is known as El Pibe de Oro.
164,players,What is the nationality of Pele?,Pele is from Brazil.
164,players,Which country does Pele come from?,Pele is from Brazil.
164,players,Pele is from which country?,Pele is from Brazil.
164,players,For which country did Pele play international football?,Pele is from Brazil.
164,players,Which nation does Pele represent?,Pele is from Brazil.
164,players,What country is Pele from?,Pele is from Brazil.
164,players,Pele's nationality is?,Pele is from Brazil.
164,players,Where is Pele from?,Pele is from Brazil.
164,players,Which country is Pele a citizen of?,Pele is from Brazil.
164,players,Pele plays for which country?,Pele is from Brazil.
164,players,What is Pele's country of origin?,Pele is from Brazil.
164,players,Which country does Pele play for?,Pele is from Brazil.
164,players,Pele represents which nation?,Pele is from Brazil.
164,players,What nationality is Pele?,Pele is from Brazil.
164,players,Which country is Pele from?,Pele is from Brazil.
164,players,Pele's country is?,Pele is from Brazil.
164,players,Where does Pele come from?,Pele is from Brazil.
164,players,What nation is Pele from?,Pele is from Brazil.
164,players,Which country is Pele associated with?,Pele is from Brazil.
164,players,Pele is a player from which country?,Pele is from Brazil.
179,players,What position does N'Golo Kante play?,N'Golo Kante plays as a defensive midfielder.
179,players,Which position is N'Golo Kante best known for?,N'Golo Kante plays as a defensive midfielder.
179,players,Which role did N'Golo Kante have on the pitch?,N'Golo Kante plays as a defensive midfielder.
179,players,N'Golo Kante plays as what type of player?,N'Golo Kante plays as a defensive midfielder.
179,players,What is N'Golo Kante's position?,N'Golo Kante plays as a defensive midfielder.
179,players,N'Golo Kante's playing position is?,N'Golo Kante plays as a defensive midfielder.
179,players,Where does N'Golo Kante play on the pitch?,N'Golo Kante plays as a defensive midfielder.
179,players,What role does N'Golo Kante play?,N'Golo Kante plays as a defensive midfielder.
179,players,N'Golo Kante is a?,N'Golo Kante plays as a defensive midfielder.
179,players,What position is N'Golo Kante known for?,N'Golo Kante plays as a defensive midfielder.
179,players,N'Golo Kante's role in the team is?,N'Golo Kante plays as a defensive midfielder.
179,players,What type of player is N'Golo Kante?,N'Golo Kante plays as a defensive midfielder.
179,players,N'Golo Kante plays in which position?,N'Golo Kante plays as a defensive midfielder.
179,players,What is the playing position of N'Golo Kante?,N'Golo Kante plays as a defensive midfielder.
179,players,N'Golo Kante is best known for playing as a?,N'Golo Kante plays as a defensive midfielder.
179,players,What position does N'Golo Kante occupy?,N'Golo Kante plays as a defensive midfielder.
179,players,N'Golo Kante's position on the field is?,N'Golo Kante plays as a defensive midfielder.
179,players,What is N'Golo Kante's role?,N'Golo Kante plays as a defensive midfielder.
179,players,N'Golo Kante is a player in which position?,N'Golo Kante plays as a defensive midfielder.
179,players,What position did N'Golo Kante play?,N'Golo Kante plays as a defensive midfielder.
134,clubs,What nickname are Arsenal known by?,Arsenal are nicknamed The Gunners.
134,clubs,What do fans call Arsenal?,Arsenal are nicknamed The Gunners.
134,clubs,Arsenal is commonly referred to as what?,Arsenal are nicknamed The Gunners.
134,clubs,What is Arsenal's nickname?,Arsenal are nicknamed The Gunners.
134,clubs,What is the nickname of Arsenal?,Arsenal are nicknamed The Gunners.
134,clubs,What are Arsenal nicknamed?,Arsenal are nicknamed The Gunners.
134,clubs,Arsenal's nickname is?,Arsenal are nicknamed The Gunners.
134,clubs,What is Arsenal commonly called?,Arsenal are nicknamed The Gunners.
134,clubs,The nickname of Arsenal is?,Arsenal are nicknamed The Gunners.
134,clubs,What moniker is used for Arsenal?,Arsenal are nicknamed The Gunners.
134,clubs,What are Arsenal also known as?,Arsenal are nicknamed The Gunners.
134,clubs,Arsenal are known as?,Arsenal are nicknamed The Gunners.
134,clubs,What is the alias of Arsenal?,Arsenal are nicknamed The Gunners.
134,clubs,What do people call Arsenal?,Arsenal are nicknamed The Gunners.
134,clubs,The nickname for Arsenal is?,Arsenal are nicknamed The Gunners.
134,clubs,What is Arsenal's moniker?,Arsenal are nicknamed The Gunners.
134,clubs,By what nickname is Arsenal known?,Arsenal are nicknamed The Gunners.
134,clubs,What is the common name for Arsenal?,Arsenal are nicknamed The Gunners.
134,clubs,What are Arsenal popularly called?,Arsenal are nicknamed The Gunners.
134,clubs,Arsenal's alias is?,Arsenal are nicknamed The Gunners.
98,awards,Who won the Ballon d'Or in 2017?,Cristiano Ronaldo won the 2017 Ballon d'Or.
98,awards,Who took home the Ballon d'Or in 2017?,Cristiano Ronaldo won the 2017 Ballon d'Or.
98,awards,Name the 2017 Ballon d'Or winner.,Cristiano Ronaldo won the 2017 Ballon d'Or.
98,awards,Which player was awarded the 2017 Ballon d'Or?,Cristiano Ronaldo won the 2017 Ballon d'Or.
98,awards,The 2017 Ballon d'Or was won by?,Cristiano Ronaldo won the 2017 Ballon d'Or.
98,awards,Who was the 2017 Ballon d'Or recipient?,Cristiano Ronaldo won the 2017 Ballon d'Or.
98,awards,Which player won the 2017 Ballon d'Or?,Cristiano Ronaldo won the 2017 Ballon d'Or.
98,awards,2017 Ballon d'Or winner?,Cristiano Ronaldo won the 2017 Ballon d'Or.
98,awards,Name the recipient of the 2017 Ballon d'Or.,Cristiano Ronaldo won the 2017 Ballon d'Or.
98,awards,Who was awarded the Ballon d'Or in 2017?,Cristiano Ronaldo won the 2017 Ballon d'Or.
98,awards,The winner of the 2017 Ballon d'Or was?,Cristiano Ronaldo won the 2017 Ballon d'Or.
98,awards,Which footballer won the 2017 Ballon d'Or?,Cristiano Ronaldo won the 2017 Ballon d'Or.
98,awards,2017 Ballon d'Or award winner?,Cristiano Ronaldo won the 2017 Ballon d'Or.
98,awards,Who claimed the 2017 Ballon d'Or?,Cristiano Ronaldo won the 2017 Ballon d'Or.
98,awards,Name the player who won the 2017 Ballon d'Or.,Cristiano Ronaldo won the 2017 Ballon d'Or.
98,awards,Who received the 2017 Ballon d'Or?,Cristiano Ronaldo won the 2017 Ballon d'Or.
98,awards,2017 Ballon d'Or winner is?,Cristiano Ronaldo won the 2017 Ballon d'Or.
98,awards,Which player took the 2017 Ballon d'Or?,Cristiano Ronaldo won the 2017 Ballon d'Or.
98,awards,Who was the winner of the 2017 Ballon d'Or?,Cristiano Ronaldo won the 2017 Ballon d'Or.
98,awards,The 2017 Ballon d'Or recipient was?,Cristiano Ronaldo won the 2017 Ballon d'Or.
20,trophies,Who were the 2016 Champions League winners?,Real Madrid won the Champions League final in 2016.
20,trophies,Name the team that lifted the UEFA Champions League in 2016.,Real Madrid won the Champions League final in 2016.
20,trophies,Which team became European champions in 2016?,Real Madrid won the Champions League final in 2016.
20,trophies,Which club won the Champions League in 2016?,Real Madrid won the Champions League final in 2016.
20,trophies,Who won the Champions League in 2016?,Real Madrid won the Champions League final in 2016.
20,trophies,2016 Champions League winning team?,Real Madrid won the Champions League final in 2016.
20,trophies,Name the 2016 Champions League winner.,Real Madrid won the Champions League final in 2016.
20,trophies,Which team won the 2016 UEFA Champions League?,Real Madrid won the Champions League final in 2016.
20,trophies,The 2016 Champions League champions were?,Real Madrid won the Champions League final in 2016.
20,trophies,Who claimed the 2016 Champions League title?,Real Madrid won the Champions League final in 2016.
20,trophies,Which club lifted the 2016 Champions League trophy?,Real Madrid won the Champions League final in 2016.
20,trophies,2016 European Cup winner?,Real Madrid won the Champions League final in 2016.
20,trophies,Who won the 2016 European Cup?,Real Madrid won the Champions League final in 2016.
20,trophies,Name the winner of the 2016 Champions League final.,Real Madrid won the Champions League final in 2016.
20,trophies,Which team was the 2016 Champions League champion?,Real Madrid won the Champions League final in 2016.
20,trophies,The winner of the 2016 Champions League was?,Real Madrid won the Champions League final in 2016.
20,trophies,Who were the champions of Europe in 2016?,Real Madrid won the Champions League final in 2016.
20,trophies,Which team won the European Cup in 2016?,Real Madrid won the Champions League final in 2016.
20,trophies,2016 UEFA Champions League winner?,Real Madrid won the Champions League final in 2016.
20,trophies,Who lifted the 2016 Champions League trophy?,Real Madrid won the Champions League final in 2016.
233,records,Who is the most successful team in Copa America history?,"Argentina have won the most Copa America titles, with 16."
233,records,Which country has won the most Copa America titles?,"Argentina have won the most Copa America titles, with 16."
233,records,Name the record Copa America champion.,"Argentina have won the most Copa America titles, with 16."
233,records,Which nation has the most South American championship trophies?,"Argentina have won the most Copa America titles, with 16."
233,records,Which team has the most Copa America trophies?,"Argentina have won the most Copa America titles, with 16."
233,records,The most successful club in Copa America history is?,"Argentina have won the most Copa America titles, with 16."
233,records,Which country has won the most Copa America titles?,"Argentina have won the most Copa America titles, with 16."
233,records,Most Copa America titles won by which country?,"Argentina have won the most Copa America titles, with 16."
233,records,Who is the most decorated team in the Copa America?,"Argentina have won the most Copa America titles, with 16."
233,records,Which nation has the most Copa America wins?,"Argentina have won the most Copa America titles, with 16."
233,records,Name the most successful team in Copa America history.,"Argentina have won the most Copa America titles, with 16."
233,records,Which country holds the record for most Copa America titles?,"Argentina have won the most Copa America titles, with 16."
233,records,The country with the most Copa America trophies is?,"Argentina have won the most Copa America titles, with 16."
233,records,Who has the most Copa America trophies?,"Argentina have won the most Copa America titles, with 16."
233,records,Which team is the most successful in Copa America history?,"Argentina have won the most Copa America titles, with 16."
233,records,Most successful country in the Copa America?,"Argentina have won the most Copa America titles, with 16."
233,records,Which country has won the most Copa America championships?,"Argentina have won the most Copa America titles, with 16."
233,records,Name the team with the most Copa America wins.,"Argentina have won the most Copa America titles, with 16."
233,records,Which country is the record Copa America champion?,"Argentina have won the most Copa America titles, with 16."
233,records,The team with the most Copa America titles is?,"Argentina have won the most Copa America titles, with 16."
116,clubs,Which stadium is home to Real Madrid?,Real Madrid play at Santiago Bernabeu.
116,clubs,Where does Real Madrid play its home games?,Real Madrid play at Santiago Bernabeu.
116,clubs,Name the ground of Real Madrid.,Real Madrid play at Santiago Bernabeu.
116,clubs,What is the name of Real Madrid's home stadium?,Real Madrid play at Santiago Bernabeu.
116,clubs,What stadium do Real Madrid play in?,Real Madrid play at Santiago Bernabeu.
116,clubs,Real Madrid's home ground is called?,Real Madrid play at Santiago Bernabeu.
116,clubs,The home stadium of Real Madrid is?,Real Madrid play at Santiago Bernabeu.
116,clubs,What is the name of the stadium where Real Madrid plays?,Real Madrid play at Santiago Bernabeu.
116,clubs,Which ground does Real Madrid use for home matches?,Real Madrid play at Santiago Bernabeu.
116,clubs,Name the home venue of Real Madrid.,Real Madrid play at Santiago Bernabeu.
116,clubs,What is Real Madrid's stadium called?,Real Madrid play at Santiago Bernabeu.
116,clubs,Where do Real Madrid play their home fixtures?,Real Madrid play at Santiago Bernabeu.
116,clubs,The stadium of Real Madrid is known as?,Real Madrid play at Santiago Bernabeu.
116,clubs,Real Madrid's home field is?,Real Madrid play at Santiago Bernabeu.
116,clubs,What is the home of Real Madrid?,Real Madrid play at Santiago Bernabeu.
116,clubs,Which stadium does Real Madrid call home?,Real Madrid play at Santiago Bernabeu.
116,clubs,Name Real Madrid's stadium.,Real Madrid play at Santiago Bernabeu.
116,clubs,The home ground for Real Madrid is?,Real Madrid play at Santiago Bernabeu.
116,clubs,Where is Real Madrid's home stadium?,Real Madrid play at Santiago Bernabeu.
116,clubs,What stadium is Real Madrid's home?,Real Madrid play at Santiago Bernabeu.
154,players,Luka Modric is from which country?,Luka Modric is from Croatia.
154,players,For which country did Luka Modric play international football?,Luka Modric is from Croatia.
154,players,Which country does Luka Modric come from?,Luka Modric is from Croatia.
154,players,What is the nationality of Luka Modric?,Luka Modric is from Croatia.
154,players,Which nation does Luka Modric represent?,Luka Modric is from Croatia.
154,players,What country is Luka Modric from?,Luka Modric is from Croatia.
154,players,Luka Modric's nationality is?,Luka Modric is from Croatia.
154,players,Where is Luka Modric from?,Luka Modric is from Croatia.
154,players,Which country is Luka Modric a citizen of?,Luka Modric is from Croatia.
154,players,Luka Modric plays for which country?,Luka Modric is from Croatia.
154,players,What is Luka Modric's country of origin?,Luka Modric is from Croatia.
154,players,Which country does Luka Modric play for?,Luka Modric is from Croatia.
154,players,Luka Modric represents which nation?,Luka Modric is from Croatia.
154,players,What nationality is Luka Modric?,Luka Modric is from Croatia.
154,players,Which country is Luka Modric from?,Luka Modric is from Croatia.
154,players,Luka Modric's country is?,Luka Modric is from Croatia.
154,players,Where does Luka Modric come from?,Luka Modric is from Croatia.
154,players,What nation is Luka Modric from?,Luka Modric is from Croatia.
154,players,Which country is Luka Modric associated with?,Luka Modric is from Croatia.
154,players,Luka Modric is a player from which country?,Luka Modric is from Croatia.
170,players,Luka Modric plays as what type of player?,Luka Modric plays as a central midfielder.
170,players,Which position is Luka Modric best known for?,Luka Modric plays as a central midfielder.
170,players,What position does Luka Modric play?,Luka Modric plays as a central midfielder.
170,players,Which role did Luka Modric have on the pitch?,Luka Modric plays as a central midfielder.
170,players,What is Luka Modric's position?,Luka Modric plays as a central midfielder.
170,players,Luka Modric's playing position is?,Luka Modric plays as a central midfielder.
170,players,Where does Luka Modric play on the pitch?,Luka Modric plays as a central midfielder.
170,players,What role does Luka Modric play?,Luka Modric plays as a central midfielder.
170,players,Luka Modric is a?,Luka Modric plays as a central midfielder.
170,players,What position is Luka Modric known for?,Luka Modric plays as a central midfielder.
170,players,Luka Modric's role in the team is?,Luka Modric plays as a central midfielder.
170,players,What type of player is Luka Modric?,Luka Modric plays as a central midfielder.
170,players,Luka Modric plays in which position?,Luka Modric plays as a central midfielder.
170,players,What is the playing position of Luka Modric?,Luka Modric plays as a central midfielder.
170,players,Luka Modric is best known for playing as a?,Luka Modric plays as a central midfielder.
170,players,What position does Luka Modric occupy?,Luka Modric plays as a central midfielder.
170,players,Luka Modric's position on the field is?,Luka Modric plays as a central midfielder.
170,players,What is Luka Modric's role?,Luka Modric plays as a central midfielder.
170,players,Luka Modric is a player in which position?,Luka Modric plays as a central midfielder.
170,players,What position did Luka Modric play?,Luka Modric plays as a central midfielder.
195,players,Which football figure has the nickname The Divine Ponytail?,Roberto Baggio is known as The Divine Ponytail.
195,players,Who is known as The Divine Ponytail?,Roberto Baggio is known as The Divine Ponytail.
195,players,Who goes by the nickname The Divine Ponytail?,Roberto Baggio is known as The Divine Ponytail.
195,players,Which player is nicknamed The Divine Ponytail?,Roberto Baggio is known as The Divine Ponytail.
195,players,The nickname The Divine Ponytail belongs to which footballer?,Roberto Baggio is known as The Divine Ponytail.
195,players,Who is the footballer called The Divine Ponytail?,Roberto Baggio is known as The Divine Ponytail.
195,players,The Divine Ponytail is the moniker of which player?,Roberto Baggio is known as The Divine Ponytail.
195,players,Which footballer is known as The Divine Ponytail?,Roberto Baggio is known as The Divine Ponytail.
195,players,Who has the nickname The Divine Ponytail?,Roberto Baggio is known as The Divine Ponytail.
195,players,The Divine Ponytail nickname belongs to?,Roberto Baggio is known as The Divine Ponytail.
195,players,Which player is referred to as The Divine Ponytail?,Roberto Baggio is known as The Divine Ponytail.
195,players,Who is the player with the nickname The Divine Ponytail?,Roberto Baggio is known as The Divine Ponytail.
195,players,The footballer known as The Divine Ponytail is?,Roberto Baggio is known as The Divine Ponytail.
195,players,Which player's nickname is The Divine Ponytail?,Roberto Baggio is known as The Divine Ponytail.
195,players,Who is The Divine Ponytail in football?,Roberto Baggio is known as The Divine Ponytail.
195,players,The Divine Ponytail is the alias of which footballer?,Roberto Baggio is known as The Divine Ponytail.
195,players,Which football star is called The Divine Ponytail?,Roberto Baggio is known as The Divine Ponytail.
195,players,Name the player nicknamed The Divine Ponytail.,Roberto Baggio is known as The Divine Ponytail.
195,players,The player with the nickname The Divine Ponytail is?,Roberto Baggio is known as The Divine Ponytail.
195,players,Who is The Divine Ponytail?,Roberto Baggio is known as The Divine Ponytail.
125,clubs,What is the name of Borussia Dortmund's home stadium?,Borussia Dortmund play at Signal Iduna Park.
125,clubs,Where does Borussia Dortmund play its home games?,Borussia Dortmund play at Signal Iduna Park.
125,clubs,Which stadium is home to Borussia Dortmund?,Borussia Dortmund play at Signal Iduna Park.
125,clubs,Name the ground of Borussia Dortmund.,Borussia Dortmund play at Signal Iduna Park.
125,clubs,What stadium do Borussia Dortmund play in?,Borussia Dortmund play at Signal Iduna Park.
125,clubs,Borussia Dortmund's home ground is called?,Borussia Dortmund play at Signal Iduna Park.
125,clubs,The home stadium of Borussia Dortmund is?,Borussia Dortmund play at Signal Iduna Park.
125,clubs,What is the name of the stadium where Borussia Dortmund plays?,Borussia Dortmund play at Signal Iduna Park.
125,clubs,Which ground does Borussia Dortmund use for home matches?,Borussia Dortmund play at Signal Iduna Park.
125,clubs,Name the home venue of Borussia Dortmund.,Borussia Dortmund play at Signal Iduna Park.
125,clubs,What is Borussia Dortmund's stadium called?,Borussia Dortmund play at Signal Iduna Park.
125,clubs,Where do Borussia Dortmund play their home fixtures?,Borussia Dortmund play at Signal Iduna Park.
125,clubs,The stadium of Borussia Dortmund is known as?,Borussia Dortmund play at Signal Iduna Park.
125,clubs,Borussia Dortmund's home field is?,Borussia Dortmund play at Signal Iduna Park.
125,clubs,What is the home of Borussia Dortmund?,Borussia Dortmund play at Signal Iduna Park.
125,clubs,Which stadium does Borussia Dortmund call home?,Borussia Dortmund play at Signal Iduna Park.
125,clubs,Name Borussia Dortmund's stadium.,Borussia Dortmund play at Signal Iduna Park.
125,clubs,The home ground for Borussia Dortmund is?,Borussia Dortmund play at Signal Iduna Park.
125,clubs,Where is Borussia Dortmund's home stadium?,Borussia Dortmund play at Signal Iduna Park.
125,clubs,What stadium is Borussia Dortmund's home?,Borussia Dortmund play at Signal Iduna Park.
14,trophies,Who were the 2010 Champions League winners?,Inter Milan won the Champions League final in 2010.
14,trophies,Name the team that lifted the UEFA Champions League in 2010.,Inter Milan won the Champions League final in 2010.
14,trophies,Which team became European champions in 2010?,Inter Milan won the Champions League final in 2010.
14,trophies,Which club won the Champions League in 2010?,Inter Milan won the Champions League final in 2010.
14,trophies,Who won the Champions League in 2010?,Inter Milan won the Champions League final in 2010.
14,trophies,2010 Champions League winning team?,Inter Milan won the Champions League final in 2010.
14,trophies,Name the 2010 Champions League winner.,Inter Milan won the Champions League final in 2010.
14,trophies,Which team won the 2010 UEFA Champions League?,Inter Milan won the Champions League final in 2010.
14,trophies,The 2010 Champions League champions were?,Inter Milan won the Champions League final in 2010.
14,trophies,Who claimed the 2010 Champions League title?,Inter Milan won the Champions League final in 2010.
14,trophies,Which club lifted the 2010 Champions League trophy?,Inter Milan won the Champions League final in 2010.
14,trophies,2010 European Cup winner?,Inter Milan won the Champions League final in 2010.
14,trophies,Who won the 2010 European Cup?,Inter Milan won the Champions League final in 2010.
14,trophies,Name the winner of the 2010 Champions League final.,Inter Milan won the Champions League final in 2010.
14,trophies,Which team was the 2010 Champions League champion?,Inter Milan won the Champions League final in 2010.
14,trophies,The winner of the 2010 Champions League was?,Inter Milan won the Champions League final in 2010.
14,trophies,Who were the champions of Europe in 2010?,Inter Milan won the Champions League final in 2010.
14,trophies,Which team won the European Cup in 2010?,Inter Milan won the Champions League final in 2010.
14,trophies,2010 UEFA Champions League winner?,Inter Milan won the Champions League final in 2010.
14,trophies,Who lifted the 2010 Champions League trophy?,Inter Milan won the Champions League final in 2010.
131,clubs,Where does Newcastle United play its home games?,Newcastle United play at St James' Park.
131,clubs,Name the ground of Newcastle United.,Newcastle United play at St James' Park.
131,clubs,Which stadium is home to Newcastle United?,Newcastle United play at St James' Park.
131,clubs,What is the name of Newcastle United's home stadium?,Newcastle United play at St James' Park.
131,clubs,What stadium do Newcastle United play in?,Newcastle United play at St James' Park.
131,clubs,Newcastle United's home ground is called?,Newcastle United play at St James' Park.
131,clubs,The home stadium of Newcastle United is?,Newcastle United play at St James' Park.
131,clubs,What is the name of the stadium where Newcastle United plays?,Newcastle United play at St James' Park.
131,clubs,Which ground does Newcastle United use for home matches?,Newcastle United play at St James' Park.
131,clubs,Name the home venue of Newcastle United.,Newcastle United play at St James' Park.
131,clubs,What is Newcastle United's stadium called?,Newcastle United play at St James' Park.
131,clubs,Where do Newcastle United play their home fixtures?,Newcastle United play at St James' Park.
131,clubs,The stadium of Newcastle United is known as?,Newcastle United play at St James' Park.
131,clubs,Newcastle United's home field is?,Newcastle United play at St James' Park.
131,clubs,What is the home of Newcastle United?,Newcastle United play at St James' Park.
131,clubs,Which stadium does Newcastle United call home?,Newcastle United play at St James' Park.
131,clubs,Name Newcastle United's stadium.,Newcastle United play at St James' Park.
131,clubs,The home ground for Newcastle United is?,Newcastle United play at St James' Park.
131,clubs,Where is Newcastle United's home stadium?,Newcastle United play at St James' Park.
131,clubs,What stadium is Newcastle United's home?,Newcastle United play at St James' Park.
65,world_cup,Which country hosted the World Cup in 2022?,The 2022 World Cup was hosted by Qatar.
65,world_cup,Name the host nation of the 2022 World Cup.,The 2022 World Cup was hosted by Qatar.
65,world_cup,Who were the hosts of the 2022 World Cup?,The 2022 World Cup was hosted by Qatar.
65,world_cup,Where was the 2022 FIFA World Cup held?,The 2022 World Cup was hosted by Qatar.
65,world_cup,Which nation was the host of the 2022 World Cup?,The 2022 World Cup was hosted by Qatar.
65,world_cup,Tell me the host country of the 2022 World Cup.,The 2022 World Cup was hosted by Qatar.
65,world_cup,What country hosted the 2022 World Cup?,The 2022 World Cup was hosted by Qatar.
65,world_cup,The 2022 World Cup was held in which country?,The 2022 World Cup was hosted by Qatar.
65,world_cup,Which country was the host for the 2022 World Cup?,The 2022 World Cup was hosted by Qatar.
65,world_cup,Host nation of the 2022 FIFA World Cup?,The 2022 World Cup was hosted by Qatar.
65,world_cup,Can you name the host of the 2022 World Cup?,The 2022 World Cup was hosted by Qatar.
65,world_cup,The host nation for the 2022 World Cup was?,The 2022 World Cup was hosted by Qatar.
65,world_cup,Which nation hosted the 2022 FIFA World Cup?,The 2022 World Cup was hosted by Qatar.
65,world_cup,2022 World Cup host country?,The 2022 World Cup was hosted by Qatar.
65,world_cup,Name the country that hosted the 2022 World Cup.,The 2022 World Cup was hosted by Qatar.
65,world_cup,Who was the host of the 2022 World Cup?,The 2022 World Cup was hosted by Qatar.
65,world_cup,Which country held the 2022 World Cup?,The 2022 World Cup was hosted by Qatar.
65,world_cup,The 2022 World Cup host was which nation?,The 2022 World Cup was hosted by Qatar.
65,world_cup,Name the 2022 World Cup host.,The 2022 World Cup was hosted by Qatar.
65,world_cup,Which country was the 2022 World Cup host?,The 2022 World Cup was hosted by Qatar.
271,rules,What does transfer window mean in football?,The transfer window is the period during which clubs are allowed to register new players.
271,rules,What is the transfer window?,The transfer window is the period during which clubs are allowed to register new players.
271,rules,How does the football transfer window work?,The transfer window is the period during which clubs are allowed to register new players.
271,rules,When can clubs sign new players?,The transfer window is the period during which clubs are allowed to register new players.
271,rules,What is a transfer window in football?,The transfer window is the period during which clubs are allowed to register new players.
271,rules,Explain the transfer window.,The transfer window is the period during which clubs are allowed to register new players.
271,rules,What is the purpose of the transfer window?,The transfer window is the period during which clubs are allowed to register new players.
271,rules,When is the transfer window open?,The transfer window is the period during which clubs are allowed to register new players.
271,rules,What is the definition of a transfer window?,The transfer window is the period during which clubs are allowed to register new players.
271,rules,How are transfers registered?,The transfer window is the period during which clubs are allowed to register new players.
271,rules,What is the transfer window in football?,The transfer window is the period during which clubs are allowed to register new players.
271,rules,When are clubs allowed to sign players?,The transfer window is the period during which clubs are allowed to register new players.
271,rules,What is the meaning of transfer window?,The transfer window is the period during which clubs are allowed to register new players.
271,rules,How does the transfer window operate?,The transfer window is the period during which clubs are allowed to register new players.
271,rules,What is the role of the transfer window?,The transfer window is the period during which clubs are allowed to register new players.
271,rules,When does the transfer window occur?,The transfer window is the period during which clubs are allowed to register new players.
271,rules,What is a transfer window period?,The transfer window is the period during which clubs are allowed to register new players.
271,rules,How do clubs register new players?,The transfer window is the period during which clubs are allowed to register new players.
271,rules,What is the transfer window rule?,The transfer window is the period during which clubs are allowed to register new players.
271,rules,When can football clubs sign new players?,The transfer window is the period during which clubs are allowed to register new players.
16,trophies,Which team became European champions in 2012?,Chelsea won the Champions League final in 2012.
16,trophies,Who were the 2012 Champions League winners?,Chelsea won the Champions League final in 2012.
16,trophies,Name the team that lifted the UEFA Champions League in 2012.,Chelsea won the Champions League final in 2012.
16,trophies,Which club won the Champions League in 2012?,Chelsea won the Champions League final in 2012.
16,trophies,Who won the Champions League in 2012?,Chelsea won the Champions League final in 2012.
16,trophies,2012 Champions League winning team?,Chelsea won the Champions League final in 2012.
16,trophies,Name the 2012 Champions League winner.,Chelsea won the Champions League final in 2012.
16,trophies,Which team won the 2012 UEFA Champions League?,Chelsea won the Champions League final in 2012.
16,trophies,The 2012 Champions League champions were?,Chelsea won the Champions League final in 2012.
16,trophies,Who claimed the 2012 Champions League title?,Chelsea won the Champions League final in 2012.
16,trophies,Which club lifted the 2012 Champions League trophy?,Chelsea won the Champions League final in 2012.
16,trophies,2012 European Cup winner?,Chelsea won the Champions League final in 2012.
16,trophies,Who won the 2012 European Cup?,Chelsea won the Champions League final in 2012.
16,trophies,Name the winner of the 2012 Champions League final.,Chelsea won the Champions League final in 2012.
16,trophies,Which team was the 2012 Champions League champion?,Chelsea won the Champions League final in 2012.
16,trophies,The winner of the 2012 Champions League was?,Chelsea won the Champions League final in 2012.
16,trophies,Who were the champions of Europe in 2012?,Chelsea won the Champions League final in 2012.
16,trophies,Which team won the European Cup in 2012?,Chelsea won the Champions League final in 2012.
16,trophies,2012 UEFA Champions League winner?,Chelsea won the Champions League final in 2012.
16,trophies,Who lifted the 2012 Champions League trophy?,Chelsea won the Champions League final in 2012.
101,awards,Name the 2021 Ballon d'Or winner.,Lionel Messi won the 2021 Ballon d'Or.
101,awards,Who won the Ballon d'Or in 2021?,Lionel Messi won the 2021 Ballon d'Or.
101,awards,Who took home the Ballon d'Or in 2021?,Lionel Messi won the 2021 Ballon d'Or.
101,awards,Which player was awarded the 2021 Ballon d'Or?,Lionel Messi won the 2021 Ballon d'Or.
101,awards,The 2021 Ballon d'Or was won by?,Lionel Messi won the 2021 Ballon d'Or.
101,awards,Who was the 2021 Ballon d'Or recipient?,Lionel Messi won the 2021 Ballon d'Or.
101,awards,Which player won the 2021 Ballon d'Or?,Lionel Messi won the 2021 Ballon d'Or.
101,awards,2021 Ballon d'Or winner?,Lionel Messi won the 2021 Ballon d'Or.
101,awards,Name the recipient of the 2021 Ballon d'Or.,Lionel Messi won the 2021 Ballon d'Or.
101,awards,Who was awarded the Ballon d'Or in 2021?,Lionel Messi won the 2021 Ballon d'Or.
101,awards,The winner of the 2021 Ballon d'Or was?,Lionel Messi won the 2021 Ballon d'Or.
101,awards,Which footballer won the 2021 Ballon d'Or?,Lionel Messi won the 2021 Ballon d'Or.
101,awards,2021 Ballon d'Or award winner?,Lionel Messi won the 2021 Ballon d'Or.
101,awards,Who claimed the 2021 Ballon d'Or?,Lionel Messi won the 2021 Ballon d'Or.
101,awards,Name the player who won the 2021 Ballon d'Or.,Lionel Messi won the 2021 Ballon d'Or.
101,awards,Who received the 2021 Ballon d'Or?,Lionel Messi won the 2021 Ballon d'Or.
101,awards,2021 Ballon d'Or winner is?,Lionel Messi won the 2021 Ballon d'Or.
101,awards,Which player took the 2021 Ballon d'Or?,Lionel Messi won the 2021 Ballon d'Or.
101,awards,Who was the winner of the 2021 Ballon d'Or?,Lionel Messi won the 2021 Ballon d'Or.
101,awards,The 2021 Ballon d'Or recipient was?,Lionel Messi won the 2021 Ballon d'Or.
125,clubs,Where does Borussia Dortmund play its home games?,Borussia Dortmund play at Signal Iduna Park.
125,clubs,Name the ground of Borussia Dortmund.,Borussia Dortmund play at Signal Iduna Park.
125,clubs,Which stadium is home to Borussia Dortmund?,Borussia Dortmund play at Signal Iduna Park.
125,clubs,What is the name of Borussia Dortmund's home stadium?,Borussia Dortmund play at Signal Iduna Park.
125,clubs,What stadium do Borussia Dortmund play in?,Borussia Dortmund play at Signal Iduna Park.
125,clubs,Borussia Dortmund's home ground is called?,Borussia Dortmund play at Signal Iduna Park.
125,clubs,The home stadium of Borussia Dortmund is?,Borussia Dortmund play at Signal Iduna Park.
125,clubs,What is the name of the stadium where Borussia Dortmund plays?,Borussia Dortmund play at Signal Iduna Park.
125,clubs,Which ground does Borussia Dortmund use for home matches?,Borussia Dortmund play at Signal Iduna Park.
125,clubs,Name the home venue of Borussia Dortmund.,Borussia Dortmund play at Signal Iduna Park.
125,clubs,What is Borussia Dortmund's stadium called?,Borussia Dortmund play at Signal Iduna Park.
125,clubs,Where do Borussia Dortmund play their home fixtures?,Borussia Dortmund play at Signal Iduna Park.
125,clubs,The stadium of Borussia Dortmund is known as?,Borussia Dortmund play at Signal Iduna Park.
125,clubs,Borussia Dortmund's home field is?,Borussia Dortmund play at Signal Iduna Park.
125,clubs,What is the home of Borussia Dortmund?,Borussia Dortmund play at Signal Iduna Park.
125,clubs,Which stadium does Borussia Dortmund call home?,Borussia Dortmund play at Signal Iduna Park.
125,clubs,Name Borussia Dortmund's stadium.,Borussia Dortmund play at Signal Iduna Park.
125,clubs,The home ground for Borussia Dortmund is?,Borussia Dortmund play at Signal Iduna Park.
125,clubs,Where is Borussia Dortmund's home stadium?,Borussia Dortmund play at Signal Iduna Park.
125,clubs,What stadium is Borussia Dortmund's home?,Borussia Dortmund play at Signal Iduna Park.
162,players,Zlatan Ibrahimovic is from which country?,Zlatan Ibrahimovic is from Sweden.
162,players,For which country did Zlatan Ibrahimovic play international football?,Zlatan Ibrahimovic is from Sweden.
162,players,Which country does Zlatan Ibrahimovic come from?,Zlatan Ibrahimovic is from Sweden.
162,players,What is the nationality of Zlatan Ibrahimovic?,Zlatan Ibrahimovic is from Sweden.
162,players,Which nation does Zlatan Ibrahimovic represent?,Zlatan Ibrahimovic is from Sweden.
162,players,What country is Zlatan Ibrahimovic from?,Zlatan Ibrahimovic is from Sweden.
162,players,Zlatan Ibrahimovic's nationality is?,Zlatan Ibrahimovic is from Sweden.
162,players,Where is Zlatan Ibrahimovic from?,Zlatan Ibrahimovic is from Sweden.
162,players,Which country is Zlatan Ibrahimovic a citizen of?,Zlatan Ibrahimovic is from Sweden.
162,players,Zlatan Ibrahimovic plays for which country?,Zlatan Ibrahimovic is from Sweden.
162,players,What is Zlatan Ibrahimovic's country of origin?,Zlatan Ibrahimovic is from Sweden.
162,players,Which country does Zlatan Ibrahimovic play for?,Zlatan Ibrahimovic is from Sweden.
162,players,Zlatan Ibrahimovic represents which nation?,Zlatan Ibrahimovic is from Sweden.
162,players,What nationality is Zlatan Ibrahimovic?,Zlatan Ibrahimovic is from Sweden.
162,players,Which country is Zlatan Ibrahimovic from?,Zlatan Ibrahimovic is from Sweden.
162,players,Zlatan Ibrahimovic's country is?,Zlatan Ibrahimovic is from Sweden.
162,players,Where does Zlatan Ibrahimovic come from?,Zlatan Ibrahimovic is from Sweden.
162,players,What nation is Zlatan Ibrahimovic from?,Zlatan Ibrahimovic is from Sweden.
162,players,Which country is Zlatan Ibrahimovic associated with?,Zlatan Ibrahimovic is from Sweden.
162,players,Zlatan Ibrahimovic is a player from which country?,Zlatan Ibrahimovic is from Sweden.
191,players,Who is known as The Kaiser?,Franz Beckenbauer is known as The Kaiser.
191,players,Who goes by the nickname The Kaiser?,Franz Beckenbauer is known as The Kaiser.
191,players,The Kaiser is the nickname of which person?,Franz Beckenbauer is known as The Kaiser.
191,players,Which football figure has the nickname The Kaiser?,Franz Beckenbauer is known as The Kaiser.
191,players,Which player is nicknamed The Kaiser?,Franz Beckenbauer is known as The Kaiser.
191,players,The nickname The Kaiser belongs to which footballer?,Franz Beckenbauer is known as The Kaiser.
191,players,Who is the footballer called The Kaiser?,Franz Beckenbauer is known as The Kaiser.
191,players,The Kaiser is the moniker of which player?,Franz Beckenbauer is known as The Kaiser.
191,players,Which footballer is known as The Kaiser?,Franz Beckenbauer is known as The Kaiser.
191,players,Who has the nickname The Kaiser?,Franz Beckenbauer is known as The Kaiser.
191,players,The Kaiser nickname belongs to?,Franz Beckenbauer is known as The Kaiser.
191,players,Which player is referred to as The Kaiser?,Franz Beckenbauer is known as The Kaiser.
191,players,Who is the player with the nickname The Kaiser?,Franz Beckenbauer is known as The Kaiser.
191,players,The footballer known as The Kaiser is?,Franz Beckenbauer is known as The Kaiser.
191,players,Which player's nickname is The Kaiser?,Franz Beckenbauer is known as The Kaiser.
191,players,Who is The Kaiser in football?,Franz Beckenbauer is known as The Kaiser.
191,players,The Kaiser is the alias of which footballer?,Franz Beckenbauer is known as The Kaiser.
191,players,Which football star is called The Kaiser?,Franz Beckenbauer is known as The Kaiser.
191,players,Name the player nicknamed The Kaiser.,Franz Beckenbauer is known as The Kaiser.
191,players,The player with the nickname The Kaiser is?,Franz Beckenbauer is known as The Kaiser.
262,rules,What is the size of a football pitch?,Pitch length is 90-120 m and width 45-90 m; for international matches it is 100-110 m by 64-75 m.
262,rules,What are the length and width limits of the pitch for international matches?,Pitch length is 90-120 m and width 45-90 m; for international matches it is 100-110 m by 64-75 m.
262,rules,How long and wide is a football field?,Pitch length is 90-120 m and width 45-90 m; for international matches it is 100-110 m by 64-75 m.
262,rules,What are the dimensions of a football pitch?,Pitch length is 90-120 m and width 45-90 m; for international matches it is 100-110 m by 64-75 m.
262,rules,What is the length of a football pitch?,Pitch length is 90-120 m and width 45-90 m; for international matches it is 100-110 m by 64-75 m.
262,rules,What is the width of a football pitch?,Pitch length is 90-120 m and width 45-90 m; for international matches it is 100-110 m by 64-75 m.
262,rules,What are the standard dimensions of a football pitch?,Pitch length is 90-120 m and width 45-90 m; for international matches it is 100-110 m by 64-75 m.
262,rules,What is the size of a standard football pitch?,Pitch length is 90-120 m and width 45-90 m; for international matches it is 100-110 m by 64-75 m.
262,rules,How big is a football pitch?,Pitch length is 90-120 m and width 45-90 m; for international matches it is 100-110 m by 64-75 m.
262,rules,What are the measurements of a football pitch?,Pitch length is 90-120 m and width 45-90 m; for international matches it is 100-110 m by 64-75 m.
262,rules,What is the length and width of a football pitch?,Pitch length is 90-120 m and width 45-90 m; for international matches it is 100-110 m by 64-75 m.
262,rules,What are the pitch dimensions for international football?,Pitch length is 90-120 m and width 45-90 m; for international matches it is 100-110 m by 64-75 m.
262,rules,What is the standard size of a football field?,Pitch length is 90-120 m and width 45-90 m; for international matches it is 100-110 m by 64-75 m.
262,rules,What are the dimensions of a standard football pitch?,Pitch length is 90-120 m and width 45-90 m; for international matches it is 100-110 m by 64-75 m.
262,rules,What is the size of the football field?,Pitch length is 90-120 m and width 45-90 m; for international matches it is 100-110 m by 64-75 m.
262,rules,What are the regulations for football pitch dimensions?,Pitch length is 90-120 m and width 45-90 m; for international matches it is 100-110 m by 64-75 m.
262,rules,How large is a football pitch?,Pitch length is 90-120 m and width 45-90 m; for international matches it is 100-110 m by 64-75 m.
262,rules,What is the measurement of a football pitch?,Pitch length is 90-120 m and width 45-90 m; for international matches it is 100-110 m by 64-75 m.
262,rules,What is the dimension of a football pitch?,Pitch length is 90-120 m and width 45-90 m; for international matches it is 100-110 m by 64-75 m.
262,rules,What is the size range for a football pitch?,Pitch length is 90-120 m and width 45-90 m; for international matches it is 100-110 m by 64-75 m.
202,managers,Who was the head coach when Spain won the 2010 World Cup?,Vicente del Bosque was the manager when that happened.
202,managers,Which coach led the team when Spain won the 2010 World Cup?,Vicente del Bosque was the manager when that happened.
202,managers,Who was the manager when Spain won the 2010 World Cup?,Vicente del Bosque was the manager when that happened.
202,managers,Name the manager in charge when Spain won the 2010 World Cup.,Vicente del Bosque was the manager when that happened.
202,managers,Which manager guided Spain to the 2010 World Cup?,Vicente del Bosque was the manager when that happened.
202,managers,Who managed Spain during their 2010 World Cup win?,Vicente del Bosque was the manager when that happened.
202,managers,Spain's 2010 World Cup winning manager was?,Vicente del Bosque was the manager when that happened.
202,managers,Who was Spain's manager for their 2010 World Cup title?,Vicente del Bosque was the manager when that happened.
202,managers,The coach who led Spain to the 2010 World Cup was?,Vicente del Bosque was the manager when that happened.
202,managers,Name the Spain manager for the 2010 World Cup victory.,Vicente del Bosque was the manager when that happened.
202,managers,Who was in charge of Spain when they won the 2010 World Cup?,Vicente del Bosque was the manager when that happened.
202,managers,Which coach was at Spain for their 2010 World Cup win?,Vicente del Bosque was the manager when that happened.
202,managers,Manager of Spain's 2010 World Cup winning team?,Vicente del Bosque was the manager when that happened.
202,managers,Who was the Spain coach in their 2010 World Cup triumph?,Vicente del Bosque was the manager when that happened.
202,managers,Spain won the 2010 World Cup under which manager?,Vicente del Bosque was the manager when that happened.
202,managers,Which manager was in charge for Spain's 2010 World Cup title?,Vicente del Bosque was the manager when that happened.
202,managers,Name the coach of Spain's 2010 World Cup champions.,Vicente del Bosque was the manager when that happened.
202,managers,Who was the manager of Spain in 2010?,Vicente del Bosque was the manager when that happened.
202,managers,Who was Spain's coach when they won the World Cup in 2010?,Vicente del Bosque was the manager when that happened.
202,managers,The manager of Spain's 2010 World Cup win was?,Vicente del Bosque was the manager when that happened.
119,clubs,Name the ground of Liverpool.,Liverpool play at Anfield.
119,clubs,Where does Liverpool play its home games?,Liverpool play at Anfield.
119,clubs,Which stadium is home to Liverpool?,Liverpool play at Anfield.
119,clubs,What is the name of Liverpool's home stadium?,Liverpool play at Anfield.
119,clubs,What stadium do Liverpool play in?,Liverpool play at Anfield.
119,clubs,Liverpool's home ground is called?,Liverpool play at Anfield.
119,clubs,The home stadium of Liverpool is?,Liverpool play at Anfield.
119,clubs,What is the name of the stadium where Liverpool plays?,Liverpool play at Anfield.
119,clubs,Which ground does Liverpool use for home matches?,Liverpool play at Anfield.
119,clubs,Name the home venue of Liverpool.,Liverpool play at Anfield.
119,clubs,What is Liverpool's stadium called?,Liverpool play at Anfield.
119,clubs,Where do Liverpool play their home fixtures?,Liverpool play at Anfield.
119,clubs,The stadium of Liverpool is known as?,Liverpool play at Anfield.
119,clubs,Liverpool's home field is?,Liverpool play at Anfield.
119,clubs,What is the home of Liverpool?,Liverpool play at Anfield.
119,clubs,Which stadium does Liverpool call home?,Liverpool play at Anfield.
119,clubs,Name Liverpool's stadium.,Liverpool play at Anfield.
119,clubs,The home ground for Liverpool is?,Liverpool play at Anfield.
119,clubs,Where is Liverpool's home stadium?,Liverpool play at Anfield.
119,clubs,What stadium is Liverpool's home?,Liverpool play at Anfield.
70,euros,Which country won Euro 2012?,Spain won Euro 2012.
70,euros,Name the winner of the 2012 Euros.,Spain won Euro 2012.
70,euros,Which team were the Euro 2012 champions?,Spain won Euro 2012.
70,euros,Who won the UEFA European Championship in 2012?,Spain won Euro 2012.
70,euros,Who were the Euro 2012 winners?,Spain won Euro 2012.
70,euros,Which team won the 2012 European Championship?,Spain won Euro 2012.
70,euros,The 2012 Euro champions were?,Spain won Euro 2012.
70,euros,Who claimed the Euro 2012 title?,Spain won Euro 2012.
70,euros,2012 European Championship winning team?,Spain won Euro 2012.
70,euros,Name the 2012 Euro winner.,Spain won Euro 2012.
70,euros,Which country were the 2012 European champions?,Spain won Euro 2012.
70,euros,Who won the 2012 European Football Championship?,Spain won Euro 2012.
70,euros,The winner of Euro 2012 was?,Spain won Euro 2012.
70,euros,Which nation won Euro 2012?,Spain won Euro 2012.
70,euros,2012 Euros champion?,Spain won Euro 2012.
70,euros,Who lifted the Euro 2012 trophy?,Spain won Euro 2012.
70,euros,Which team won the UEFA Euro 2012?,Spain won Euro 2012.
70,euros,Name the 2012 European Championship winner.,Spain won Euro 2012.
70,euros,Who were the champions of Euro 2012?,Spain won Euro 2012.
70,euros,Which country won the 2012 Euros?,Spain won Euro 2012.
243,rules,How long is a standard football match?,"A standard match lasts 90 minutes, in two halves of 45 minutes, plus stoppage time."
243,rules,What is the duration of a football game?,"A standard match lasts 90 minutes, in two halves of 45 minutes, plus stoppage time."
243,rules,How many minutes does a football match last?,"A standard match lasts 90 minutes, in two halves of 45 minutes, plus stoppage time."
243,rules,How long is each half in a football match?,"A standard match lasts 90 minutes, in two halves of 45 minutes, plus stoppage time."
243,rules,What is the length of a football game?,"A standard match lasts 90 minutes, in two halves of 45 minutes, plus stoppage time."
243,rules,How long does a football match last?,"A standard match lasts 90 minutes, in two halves of 45 minutes, plus stoppage time."
243,rules,What is the standard duration of a football match?,"A standard match lasts 90 minutes, in two halves of 45 minutes, plus stoppage time."
243,rules,How many minutes are in a football match?,"A standard match lasts 90 minutes, in two halves of 45 minutes, plus stoppage time."
243,rules,What is the time duration of a football match?,"A standard match lasts 90 minutes, in two halves of 45 minutes, plus stoppage time."
243,rules,How long is a football game?,"A standard match lasts 90 minutes, in two halves of 45 minutes, plus stoppage time."
243,rules,What is the length of a standard football match?,"A standard match lasts 90 minutes, in two halves of 45 minutes, plus stoppage time."
243,rules,How many minutes long is a football match?,"A standard match lasts 90 minutes, in two halves of 45 minutes, plus stoppage time."
243,rules,What is the duration of a standard football game?,"A standard match lasts 90 minutes, in two halves of 45 minutes, plus stoppage time."
243,rules,How long is a regulation football match?,"A standard match lasts 90 minutes, in two halves of 45 minutes, plus stoppage time."
243,rules,What is the playing time of a football match?,"A standard match lasts 90 minutes, in two halves of 45 minutes, plus stoppage time."
243,rules,How long do football matches last?,"A standard match lasts 90 minutes, in two halves of 45 minutes, plus stoppage time."
243,rules,What is the total time of a football match?,"A standard match lasts 90 minutes, in two halves of 45 minutes, plus stoppage time."
243,rules,How many minutes is a football game?,"A standard match lasts 90 minutes, in two halves of 45 minutes, plus stoppage time."
243,rules,What is the duration of a football match?,"A standard match lasts 90 minutes, in two halves of 45 minutes, plus stoppage time."
243,rules,How long is a football match?,"A standard match lasts 90 minutes, in two halves of 45 minutes, plus stoppage time."
113,awards,What is the Ballon d'Or count of Karim Benzema?,Karim Benzema has won the Ballon d'Or 1 time(s).
113,awards,How many times did Karim Benzema win the Ballon d'Or?,Karim Benzema has won the Ballon d'Or 1 time(s).
113,awards,Tell me the number of Ballon d'Or trophies Karim Benzema has.,Karim Benzema has won the Ballon d'Or 1 time(s).
113,awards,How many Ballon d'Or awards has Karim Benzema won?,Karim Benzema has won the Ballon d'Or 1 time(s).
113,awards,What is Karim Benzema's Ballon d'Or tally?,Karim Benzema has won the Ballon d'Or 1 time(s).
113,awards,Number of Ballon d'Or awards won by Karim Benzema?,Karim Benzema has won the Ballon d'Or 1 time(s).
113,awards,Karim Benzema has won how many Ballon d'Or awards?,Karim Benzema has won the Ballon d'Or 1 time(s).
113,awards,How many Ballon d'Ors does Karim Benzema have?,Karim Benzema has won the Ballon d'Or 1 time(s).
113,awards,Karim Benzema's Ballon d'Or wins count?,Karim Benzema has won the Ballon d'Or 1 time(s).
113,awards,The number of Ballon d'Or awards for Karim Benzema is?,Karim Benzema has won the Ballon d'Or 1 time(s).
113,awards,How many Ballon d'Or trophies has Karim Benzema won?,Karim Benzema has won the Ballon d'Or 1 time(s).
113,awards,What is the total Ballon d'Or count for Karim Benzema?,Karim Benzema has won the Ballon d'Or 1 time(s).
113,awards,How many Ballon d'Or awards did Karim Benzema win?,Karim Benzema has won the Ballon d'Or 1 time(s).
113,awards,Karim Benzema Ballon d'Or total?,Karim Benzema has won the Ballon d'Or 1 time(s).
113,awards,Count of Karim Benzema's Ballon d'Or awards?,Karim Benzema has won the Ballon d'Or 1 time(s).
113,awards,How many Ballon d'Ors has Karim Benzema won?,Karim Benzema has won the Ballon d'Or 1 time(s).
113,awards,Karim Benzema has won the Ballon d'Or how many times?,Karim Benzema has won the Ballon d'Or 1 time(s).
113,awards,Number of Ballon d'Or trophies for Karim Benzema?,Karim Benzema has won the Ballon d'Or 1 time(s).
113,awards,What is the number of Ballon d'Or awards Karim Benzema has?,Karim Benzema has won the Ballon d'Or 1 time(s).
113,awards,How many times has Karim Benzema won the Ballon d'Or?,Karim Benzema has won the Ballon d'Or 1 time(s).
233,records,Which nation has the most South American championship trophies?,"Argentina have won the most Copa America titles, with 16."
233,records,Which country has won the most Copa America titles?,"Argentina have won the most Copa America titles, with 16."
233,records,Name the record Copa America champion.,"Argentina have won the most Copa America titles, with 16."
233,records,Who is the most successful team in Copa America history?,"Argentina have won the most Copa America titles, with 16."
233,records,Which team has the most Copa America trophies?,"Argentina have won the most Copa America titles, with 16."
233,records,The most successful club in Copa America history is?,"Argentina have won the most Copa America titles, with 16."
233,records,Which country has won the most Copa America titles?,"Argentina have won the most Copa America titles, with 16."
233,records,Most Copa America titles won by which country?,"Argentina have won the most Copa America titles, with 16."
233,records,Who is the most decorated team in the Copa America?,"Argentina have won the most Copa America titles, with 16."
233,records,Which nation has the most Copa America wins?,"Argentina have won the most Copa America titles, with 16."
233,records,Name the most successful team in Copa America history.,"Argentina have won the most Copa America titles, with 16."
233,records,Which country holds the record for most Copa America titles?,"Argentina have won the most Copa America titles, with 16."
233,records,The country with the most Copa America trophies is?,"Argentina have won the most Copa America titles, with 16."
233,records,Who has the most Copa America trophies?,"Argentina have won the most Copa America titles, with 16."
233,records,Which team is the most successful in Copa America history?,"Argentina have won the most Copa America titles, with 16."
233,records,Most successful country in the Copa America?,"Argentina have won the most Copa America titles, with 16."
233,records,Which country has won the most Copa America championships?,"Argentina have won the most Copa America titles, with 16."
233,records,Name the team with the most Copa America wins.,"Argentina have won the most Copa America titles, with 16."
233,records,Which country is the record Copa America champion?,"Argentina have won the most Copa America titles, with 16."
233,records,The team with the most Copa America titles is?,"Argentina have won the most Copa America titles, with 16."
234,records,Which country has won the most Africa Cup of Nations titles?,"Egypt have won the most Africa Cup of Nations titles, with 7."
234,records,Name the record Africa Cup of Nations champion.,"Egypt have won the most Africa Cup of Nations titles, with 7."
234,records,Who is the most successful team in AFCON history?,"Egypt have won the most Africa Cup of Nations titles, with 7."
234,records,Which nation has the most African championship trophies?,"Egypt have won the most Africa Cup of Nations titles, with 7."
234,records,Which team has the most Africa Cup of Nations trophies?,"Egypt have won the most Africa Cup of Nations titles, with 7."
234,records,The most successful club in AFCON history is?,"Egypt have won the most Africa Cup of Nations titles, with 7."
234,records,Which country has won the most AFCON titles?,"Egypt have won the most Africa Cup of Nations titles, with 7."
234,records,Most Africa Cup of Nations titles won by which country?,"Egypt have won the most Africa Cup of Nations titles, with 7."
234,records,Who is the most decorated team in the Africa Cup of Nations?,"Egypt have won the most Africa Cup of Nations titles, with 7."
234,records,Which nation has the most AFCON wins?,"Egypt have won the most Africa Cup of Nations titles, with 7."
234,records,Name the most successful team in Africa Cup of Nations history.,"Egypt have won the most Africa Cup of Nations titles, with 7."
234,records,Which country holds the record for most AFCON titles?,"Egypt have won the most Africa Cup of Nations titles, with 7."
234,records,The country with the most Africa Cup of Nations trophies is?,"Egypt have won the most Africa Cup of Nations titles, with 7."
234,records,Who has the most AFCON trophies?,"Egypt have won the most Africa Cup of Nations titles, with 7."
234,records,Which team is the most successful in AFCON history?,"Egypt have won the most Africa Cup of Nations titles, with 7."
234,records,Most successful country in the Africa Cup of Nations?,"Egypt have won the most Africa Cup of Nations titles, with 7."
234,records,Which country has won the most Africa Cup of Nations championships?,"Egypt have won the most Africa Cup of Nations titles, with 7."
234,records,Name the team with the most AFCON wins.,"Egypt have won the most Africa Cup of Nations titles, with 7."
234,records,Which country is the record AFCON champion?,"Egypt have won the most Africa Cup of Nations titles, with 7."
234,records,The team with the most AFCON titles is?,"Egypt have won the most Africa Cup of Nations titles, with 7."
254,rules,How many changes can a manager make in a match?,Most competitions allow up to five substitutions per team.
254,rules,How many players can a team replace during a game?,Most competitions allow up to five substitutions per team.
254,rules,What is the maximum number of substitutes a team can use?,Most competitions allow up to five substitutions per team.
254,rules,How many substitutions are allowed in a football match?,Most competitions allow up to five substitutions per team.
254,rules,What is the number of substitutions allowed?,Most competitions allow up to five substitutions per team.
254,rules,How many subs can a team make?,Most competitions allow up to five substitutions per team.
254,rules,What is the substitution limit in football?,Most competitions allow up to five substitutions per team.
254,rules,How many player changes are permitted?,Most competitions allow up to five substitutions per team.
254,rules,What is the maximum number of substitutions?,Most competitions allow up to five substitutions per team.
254,rules,How many players can be substituted?,Most competitions allow up to five substitutions per team.
254,rules,What is the rule for substitutions?,Most competitions allow up to five substitutions per team.
254,rules,How many substitutions can be made in a match?,Most competitions allow up to five substitutions per team.
254,rules,What is the number of allowed substitutions?,Most competitions allow up to five substitutions per team.
254,rules,How many substitutions are teams allowed?,Most competitions allow up to five substitutions per team.
254,rules,What is the substitution rule in football?,Most competitions allow up to five substitutions per team.
254,rules,How many player substitutions are allowed?,Most competitions allow up to five substitutions per team.
254,rules,What is the limit on substitutions?,Most competitions allow up to five substitutions per team.
254,rules,How many substitutes can a team use?,Most competitions allow up to five substitutions per team.
254,rules,What is the maximum substitutions allowed in a game?,Most competitions allow up to five substitutions per team.
254,rules,How many substitutions can a manager make?,Most competitions allow up to five substitutions per team.
148,players,Neymar is from which country?,Neymar is from Brazil.
148,players,Which country does Neymar come from?,Neymar is from Brazil.
148,players,For which country did Neymar play international football?,Neymar is from Brazil.
148,players,What is the nationality of Neymar?,Neymar is from Brazil.
148,players,Which nation does Neymar represent?,Neymar is from Brazil.
148,players,What country is Neymar from?,Neymar is from Brazil.
148,players,Neymar's nationality is?,Neymar is from Brazil.
148,players,Where is Neymar from?,Neymar is from Brazil.
148,players,Which country is Neymar a citizen of?,Neymar is from Brazil.
148,players,Neymar plays for which country?,Neymar is from Brazil.
148,players,What is Neymar's country of origin?,Neymar is from Brazil.
148,players,Which country does Neymar play for?,Neymar is from Brazil.
148,players,Neymar represents which nation?,Neymar is from Brazil.
148,players,What nationality is Neymar?,Neymar is from Brazil.
148,players,Which country is Neymar from?,Neymar is from Brazil.
148,players,Neymar's country is?,Neymar is from Brazil.
148,players,Where does Neymar come from?,Neymar is from Brazil.
148,players,What nation is Neymar from?,Neymar is from Brazil.
148,players,Which country is Neymar associated with?,Neymar is from Brazil.
148,players,Neymar is a player from which country?,Neymar is from Brazil.
270,rules,Which team is credited with an own goal?,An own goal is when a player puts the ball into their own team's net; the goal counts for the opposing team.
270,rules,What does own goal mean in football?,An own goal is when a player puts the ball into their own team's net; the goal counts for the opposing team.
270,rules,What is an own goal?,An own goal is when a player puts the ball into their own team's net; the goal counts for the opposing team.
270,rules,What happens when a player scores an own goal?,An own goal is when a player puts the ball into their own team's net; the goal counts for the opposing team.
270,rules,What is an own goal in football?,An own goal is when a player puts the ball into their own team's net; the goal counts for the opposing team.
270,rules,How is an own goal scored?,An own goal is when a player puts the ball into their own team's net; the goal counts for the opposing team.
270,rules,What is the definition of an own goal?,An own goal is when a player puts the ball into their own team's net; the goal counts for the opposing team.
270,rules,When is an own goal awarded?,An own goal is when a player puts the ball into their own team's net; the goal counts for the opposing team.
270,rules,What counts as an own goal?,An own goal is when a player puts the ball into their own team's net; the goal counts for the opposing team.
270,rules,What is an own goal in soccer?,An own goal is when a player puts the ball into their own team's net; the goal counts for the opposing team.
270,rules,How does an own goal occur?,An own goal is when a player puts the ball into their own team's net; the goal counts for the opposing team.
270,rules,What is the meaning of an own goal?,An own goal is when a player puts the ball into their own team's net; the goal counts for the opposing team.
270,rules,What is an own goal in a match?,An own goal is when a player puts the ball into their own team's net; the goal counts for the opposing team.
270,rules,How is an own goal counted?,An own goal is when a player puts the ball into their own team's net; the goal counts for the opposing team.
270,rules,What is the own goal rule?,An own goal is when a player puts the ball into their own team's net; the goal counts for the opposing team.
270,rules,When does an own goal happen?,An own goal is when a player puts the ball into their own team's net; the goal counts for the opposing team.
270,rules,What is the result of an own goal?,An own goal is when a player puts the ball into their own team's net; the goal counts for the opposing team.
270,rules,What is an own goal in football terms?,An own goal is when a player puts the ball into their own team's net; the goal counts for the opposing team.
270,rules,How is an own goal defined?,An own goal is when a player puts the ball into their own team's net; the goal counts for the opposing team.
270,rules,What is an own goal in soccer terms?,An own goal is when a player puts the ball into their own team's net; the goal counts for the opposing team.
98,awards,Name the 2017 Ballon d'Or winner.,Cristiano Ronaldo won the 2017 Ballon d'Or.
98,awards,Who won the Ballon d'Or in 2017?,Cristiano Ronaldo won the 2017 Ballon d'Or.
98,awards,Who took home the Ballon d'Or in 2017?,Cristiano Ronaldo won the 2017 Ballon d'Or.
98,awards,Which player was awarded the 2017 Ballon d'Or?,Cristiano Ronaldo won the 2017 Ballon d'Or.
98,awards,The 2017 Ballon d'Or was won by?,Cristiano Ronaldo won the 2017 Ballon d'Or.
98,awards,Who was the 2017 Ballon d'Or recipient?,Cristiano Ronaldo won the 2017 Ballon d'Or.
98,awards,Which player won the 2017 Ballon d'Or?,Cristiano Ronaldo won the 2017 Ballon d'Or.
98,awards,2017 Ballon d'Or winner?,Cristiano Ronaldo won the 2017 Ballon d'Or.
98,awards,Name the recipient of the 2017 Ballon d'Or.,Cristiano Ronaldo won the 2017 Ballon d'Or.
98,awards,Who was awarded the Ballon d'Or in 2017?,Cristiano Ronaldo won the 2017 Ballon d'Or.
98,awards,The winner of the 2017 Ballon d'Or was?,Cristiano Ronaldo won the 2017 Ballon d'Or.
98,awards,Which footballer won the 2017 Ballon d'Or?,Cristiano Ronaldo won the 2017 Ballon d'Or.
98,awards,2017 Ballon d'Or award winner?,Cristiano Ronaldo won the 2017 Ballon d'Or.
98,awards,Who claimed the 2017 Ballon d'Or?,Cristiano Ronaldo won the 2017 Ballon d'Or.
98,awards,Name the player who won the 2017 Ballon d'Or.,Cristiano Ronaldo won the 2017 Ballon d'Or.
98,awards,Who received the 2017 Ballon d'Or?,Cristiano Ronaldo won the 2017 Ballon d'Or.
98,awards,2017 Ballon d'Or winner is?,Cristiano Ronaldo won the 2017 Ballon d'Or.
98,awards,Which player took the 2017 Ballon d'Or?,Cristiano Ronaldo won the 2017 Ballon d'Or.
98,awards,Who was the winner of the 2017 Ballon d'Or?,Cristiano Ronaldo won the 2017 Ballon d'Or.
98,awards,The 2017 Ballon d'Or recipient was?,Cristiano Ronaldo won the 2017 Ballon d'Or.
194,players,Der Bomber is the nickname of which person?,Gerd Muller is known as Der Bomber.
194,players,Which football figure has the nickname Der Bomber?,Gerd Muller is known as Der Bomber.
194,players,Who is known as Der Bomber?,Gerd Muller is known as Der Bomber.
194,players,Who goes by the nickname Der Bomber?,Gerd Muller is known as Der Bomber.
194,players,Which player is nicknamed Der Bomber?,Gerd Muller is known as Der Bomber.
194,players,The nickname Der Bomber belongs to which footballer?,Gerd Muller is known as Der Bomber.
194,players,Who is the footballer called Der Bomber?,Gerd Muller is known as Der Bomber.
194,players,Der Bomber is the moniker of which player?,Gerd Muller is known as Der Bomber.
194,players,Which footballer is known as Der Bomber?,Gerd Muller is known as Der Bomber.
194,players,Who has the nickname Der Bomber?,Gerd Muller is known as Der Bomber.
194,players,Der Bomber nickname belongs to?,Gerd Muller is known as Der Bomber.
194,players,Which player is referred to as Der Bomber?,Gerd Muller is known as Der Bomber.
194,players,Who is the player with the nickname Der Bomber?,Gerd Muller is known as Der Bomber.
194,players,The footballer known as Der Bomber is?,Gerd Muller is known as Der Bomber.
194,players,Which player's nickname is Der Bomber?,Gerd Muller is known as Der Bomber.
194,players,Who is Der Bomber in football?,Gerd Muller is known as Der Bomber.
194,players,Der Bomber is the alias of which footballer?,Gerd Muller is known as Der Bomber.
194,players,Which football star is called Der Bomber?,Gerd Muller is known as Der Bomber.
194,players,Name the player nicknamed Der Bomber.,Gerd Muller is known as Der Bomber.
194,players,The player with the nickname Der Bomber is?,Gerd Muller is known as Der Bomber.
12,trophies,What is the number of European Cup trophies won by Manchester City?,Manchester City have won the European Cup / Champions League 1 time(s).
12,trophies,How many Champions League titles has Manchester City won?,Manchester City have won the European Cup / Champions League 1 time(s).
12,trophies,How many times did Manchester City win the UEFA Champions League?,Manchester City have won the European Cup / Champions League 1 time(s).
12,trophies,Tell me how many Champions League trophies Manchester City have lifted.,Manchester City have won the European Cup / Champions League 1 time(s).
12,trophies,What is Manchester City's Champions League title count?,Manchester City have won the European Cup / Champions League 1 time(s).
12,trophies,Number of Champions League titles won by Manchester City?,Manchester City have won the European Cup / Champions League 1 time(s).
12,trophies,Manchester City has won how many Champions League titles?,Manchester City have won the European Cup / Champions League 1 time(s).
12,trophies,How many Champions League trophies does Manchester City have?,Manchester City have won the European Cup / Champions League 1 time(s).
12,trophies,Manchester City's Champions League wins count?,Manchester City have won the European Cup / Champions League 1 time(s).
12,trophies,The number of Champions League titles for Manchester City is?,Manchester City have won the European Cup / Champions League 1 time(s).
12,trophies,How many European Cup / Champions League titles has Manchester City won?,Manchester City have won the European Cup / Champions League 1 time(s).
12,trophies,What is the total Champions League count for Manchester City?,Manchester City have won the European Cup / Champions League 1 time(s).
12,trophies,How many Champions League awards did Manchester City win?,Manchester City have won the European Cup / Champions League 1 time(s).
12,trophies,Manchester City Champions League total?,Manchester City have won the European Cup / Champions League 1 time(s).
12,trophies,Count of Manchester City's Champions League titles?,Manchester City have won the European Cup / Champions League 1 time(s).
12,trophies,How many Champions League trophies has Manchester City won?,Manchester City have won the European Cup / Champions League 1 time(s).
12,trophies,Manchester City has won the Champions League how many times?,Manchester City have won the European Cup / Champions League 1 time(s).
12,trophies,Number of Champions League trophies for Manchester City?,Manchester City have won the European Cup / Champions League 1 time(s).
12,trophies,What is the number of Champions League titles Manchester City has?,Manchester City have won the European Cup / Champions League 1 time(s).
12,trophies,How many times has Manchester City won the Champions League?,Manchester City have won the European Cup / Champions League 1 time(s).
86,league,Who won the Premier League in the 2022-23 season?,Manchester City won the Premier League in 2022-23.
86,league,Name the team that won the English league title in 2022-23.,Manchester City won the Premier League in 2022-23.
86,league,Which team topped the Premier League table in 2022-23?,Manchester City won the Premier League in 2022-23.
86,league,Which club were the 2022-23 Premier League champions?,Manchester City won the Premier League in 2022-23.
86,league,Who were the 2022-23 Premier League winners?,Manchester City won the Premier League in 2022-23.
86,league,Which team won the 2022-23 Premier League?,Manchester City won the Premier League in 2022-23.
86,league,The 2022-23 Premier League champions were?,Manchester City won the Premier League in 2022-23.
86,league,Which club won the 2022-23 Premier League title?,Manchester City won the Premier League in 2022-23.
86,league,Who claimed the 2022-23 Premier League title?,Manchester City won the Premier League in 2022-23.
86,league,2022-23 Premier League winning team?,Manchester City won the Premier League in 2022-23.
86,league,Name the 2022-23 Premier League winner.,Manchester City won the Premier League in 2022-23.
86,league,Which team were the 2022-23 English league champions?,Manchester City won the Premier League in 2022-23.
86,league,Who won the English Premier League in 2022-23?,Manchester City won the Premier League in 2022-23.
86,league,The winner of the 2022-23 Premier League was?,Manchester City won the Premier League in 2022-23.
86,league,Which club topped the 2022-23 Premier League?,Manchester City won the Premier League in 2022-23.
86,league,Who were the champions of the 2022-23 Premier League?,Manchester City won the Premier League in 2022-23.
86,league,2022-23 Premier League title winner?,Manchester City won the Premier League in 2022-23.
86,league,Which team won the 2022-23 English Premier League?,Manchester City won the Premier League in 2022-23.
86,league,Who won the 2022-23 Premier League season?,Manchester City won the Premier League in 2022-23.
86,league,Premier League 2022-23 champions?,Manchester City won the Premier League in 2022-23.
251,rules,When does a team get a goal kick?,A goal kick is awarded when the whole ball crosses the goal line last touched by an attacker.
251,rules,How do you get a goal kick in football?,A goal kick is awarded when the whole ball crosses the goal line last touched by an attacker.
251,rules,When is a goal kick awarded?,A goal kick is awarded when the whole ball crosses the goal line last touched by an attacker.
251,rules,What is a goal kick in football?,A goal kick is awarded when the whole ball crosses the goal line last touched by an attacker.
251,rules,How is a goal kick awarded?,A goal kick is awarded when the whole ball crosses the goal line last touched by an attacker.
251,rules,What leads to a goal kick?,A goal kick is awarded when the whole ball crosses the goal line last touched by an attacker.
251,rules,When is a goal kick given?,A goal kick is awarded when the whole ball crosses the goal line last touched by an attacker.
251,rules,What causes a goal kick?,A goal kick is awarded when the whole ball crosses the goal line last touched by an attacker.
251,rules,How is a goal kick awarded in football?,A goal kick is awarded when the whole ball crosses the goal line last touched by an attacker.
251,rules,What is the rule for a goal kick?,A goal kick is awarded when the whole ball crosses the goal line last touched by an attacker.
251,rules,When do you get a goal kick?,A goal kick is awarded when the whole ball crosses the goal line last touched by an attacker.
251,rules,What happens when the ball goes over the goal line last touched by an attacker?,A goal kick is awarded when the whole ball crosses the goal line last touched by an attacker.
251,rules,How does a goal kick happen?,A goal kick is awarded when the whole ball crosses the goal line last touched by an attacker.
251,rules,What is the condition for a goal kick?,A goal kick is awarded when the whole ball crosses the goal line last touched by an attacker.
251,rules,When is a goal kick given in football?,A goal kick is awarded when the whole ball crosses the goal line last touched by an attacker.
251,rules,What triggers a goal kick?,A goal kick is awarded when the whole ball crosses the goal line last touched by an attacker.
251,rules,How do you get a goal kick?,A goal kick is awarded when the whole ball crosses the goal line last touched by an attacker.
251,rules,What is the rule for awarding a goal kick?,A goal kick is awarded when the whole ball crosses the goal line last touched by an attacker.
251,rules,When does a goal kick occur?,A goal kick is awarded when the whole ball crosses the goal line last touched by an attacker.
251,rules,What leads to a goal kick being awarded?,A goal kick is awarded when the whole ball crosses the goal line last touched by an attacker.
127,clubs,Name the ground of Juventus.,Juventus play at the Allianz Stadium.
127,clubs,Where does Juventus play its home games?,Juventus play at the Allianz Stadium.
127,clubs,Which stadium is home to Juventus?,Juventus play at the Allianz Stadium.
127,clubs,What is the name of Juventus's home stadium?,Juventus play at the Allianz Stadium.
127,clubs,What stadium do Juventus play in?,Juventus play at the Allianz Stadium.
127,clubs,Juventus's home ground is called?,Juventus play at the Allianz Stadium.
127,clubs,The home stadium of Juventus is?,Juventus play at the Allianz Stadium.
127,clubs,What is the name of the stadium where Juventus plays?,Juventus play at the Allianz Stadium.
127,clubs,Which ground does Juventus use for home matches?,Juventus play at the Allianz Stadium.
127,clubs,Name the home venue of Juventus.,Juventus play at the Allianz Stadium.
127,clubs,What is Juventus's stadium called?,Juventus play at the Allianz Stadium.
127,clubs,Where do Juventus play their home fixtures?,Juventus play at the Allianz Stadium.
127,clubs,The stadium of Juventus is known as?,Juventus play at the Allianz Stadium.
127,clubs,Juventus's home field is?,Juventus play at the Allianz Stadium.
127,clubs,What is the home of Juventus?,Juventus play at the Allianz Stadium.
127,clubs,Which stadium does Juventus call home?,Juventus play at the Allianz Stadium.
127,clubs,Name Juventus's stadium.,Juventus play at the Allianz Stadium.
127,clubs,The home ground for Juventus is?,Juventus play at the Allianz Stadium.
127,clubs,Where is Juventus's home stadium?,Juventus play at the Allianz Stadium.
127,clubs,What stadium is Juventus's home?,Juventus play at the Allianz Stadium.
7,trophies,Tell me how many Champions League trophies Inter Milan have lifted.,Inter Milan have won the European Cup / Champions League 3 time(s).
7,trophies,How many Champions League titles has Inter Milan won?,Inter Milan have won the European Cup / Champions League 3 time(s).
7,trophies,How many times did Inter Milan win the UEFA Champions League?,Inter Milan have won the European Cup / Champions League 3 time(s).
7,trophies,What is the number of European Cup trophies won by Inter Milan?,Inter Milan have won the European Cup / Champions League 3 time(s).
7,trophies,What is Inter Milan's Champions League title count?,Inter Milan have won the European Cup / Champions League 3 time(s).
7,trophies,Number of Champions League titles won by Inter Milan?,Inter Milan have won the European Cup / Champions League 3 time(s).
7,trophies,Inter Milan has won how many Champions League titles?,Inter Milan have won the European Cup / Champions League 3 time(s).
7,trophies,How many Champions League trophies does Inter Milan have?,Inter Milan have won the European Cup / Champions League 3 time(s).
7,trophies,Inter Milan's Champions League wins count?,Inter Milan have won the European Cup / Champions League 3 time(s).
7,trophies,The number of Champions League titles for Inter Milan is?,Inter Milan have won the European Cup / Champions League 3 time(s).
7,trophies,How many European Cup / Champions League titles has Inter Milan won?,Inter Milan have won the European Cup / Champions League 3 time(s).
7,trophies,What is the total Champions League count for Inter Milan?,Inter Milan have won the European Cup / Champions League 3 time(s).
7,trophies,How many Champions League awards did Inter Milan win?,Inter Milan have won the European Cup / Champions League 3 time(s).
7,trophies,Inter Milan Champions League total?,Inter Milan have won the European Cup / Champions League 3 time(s).
7,trophies,Count of Inter Milan's Champions League titles?,Inter Milan have won the European Cup / Champions League 3 time(s).
7,trophies,How many Champions League trophies has Inter Milan won?,Inter Milan have won the European Cup / Champions League 3 time(s).
7,trophies,Inter Milan has won the Champions League how many times?,Inter Milan have won the European Cup / Champions League 3 time(s).
7,trophies,Number of Champions League trophies for Inter Milan?,Inter Milan have won the European Cup / Champions League 3 time(s).
7,trophies,What is the number of Champions League titles Inter Milan has?,Inter Milan have won the European Cup / Champions League 3 time(s).
7,trophies,How many times has Inter Milan won the Champions League?,Inter Milan have won the European Cup / Champions League 3 time(s).
161,players,Virgil van Dijk is from which country?,Virgil van Dijk is from the Netherlands.
161,players,For which country did Virgil van Dijk play international football?,Virgil van Dijk is from the Netherlands.
161,players,Which country does Virgil van Dijk come from?,Virgil van Dijk is from the Netherlands.
161,players,What is the nationality of Virgil van Dijk?,Virgil van Dijk is from the Netherlands.
161,players,Which nation does Virgil van Dijk represent?,Virgil van Dijk is from the Netherlands.
161,players,What country is Virgil van Dijk from?,Virgil van Dijk is from the Netherlands.
161,players,Virgil van Dijk's nationality is?,Virgil van Dijk is from the Netherlands.
161,players,Where is Virgil van Dijk from?,Virgil van Dijk is from the Netherlands.
161,players,Which country is Virgil van Dijk a citizen of?,Virgil van Dijk is from the Netherlands.
161,players,Virgil van Dijk plays for which country?,Virgil van Dijk is from the Netherlands.
161,players,What is Virgil van Dijk's country of origin?,Virgil van Dijk is from the Netherlands.
161,players,Which country does Virgil van Dijk play for?,Virgil van Dijk is from the Netherlands.
161,players,Virgil van Dijk represents which nation?,Virgil van Dijk is from the Netherlands.
161,players,What nationality is Virgil van Dijk?,Virgil van Dijk is from the Netherlands.
161,players,Which country is Virgil van Dijk from?,Virgil van Dijk is from the Netherlands.
161,players,Virgil van Dijk's country is?,Virgil van Dijk is from the Netherlands.
161,players,Where does Virgil van Dijk come from?,Virgil van Dijk is from the Netherlands.
161,players,What nation is Virgil van Dijk from?,Virgil van Dijk is from the Netherlands.
161,players,Which country is Virgil van Dijk associated with?,Virgil van Dijk is from the Netherlands.
161,players,Virgil van Dijk is a player from which country?,Virgil van Dijk is from the Netherlands.
1,trophies,What is the number of European Cup trophies won by AC Milan?,AC Milan have won the European Cup / Champions League 7 time(s).
1,trophies,How many Champions League titles has AC Milan won?,AC Milan have won the European Cup / Champions League 7 time(s).
1,trophies,How many times did AC Milan win the UEFA Champions League?,AC Milan have won the European Cup / Champions League 7 time(s).
1,trophies,Tell me how many Champions League trophies AC Milan have lifted.,AC Milan have won the European Cup / Champions League 7 time(s).
1,trophies,What is AC Milan's Champions League title count?,AC Milan have won the European Cup / Champions League 7 time(s).
1,trophies,Number of Champions League titles won by AC Milan?,AC Milan have won the European Cup / Champions League 7 time(s).
1,trophies,AC Milan has won how many Champions League titles?,AC Milan have won the European Cup / Champions League 7 time(s).
1,trophies,How many Champions League trophies does AC Milan have?,AC Milan have won the European Cup / Champions League 7 time(s).
1,trophies,AC Milan's Champions League wins count?,AC Milan have won the European Cup / Champions League 7 time(s).
1,trophies,The number of Champions League titles for AC Milan is?,AC Milan have won the European Cup / Champions League 7 time(s).
1,trophies,How many European Cup / Champions League titles has AC Milan won?,AC Milan have won the European Cup / Champions League 7 time(s).
1,trophies,What is the total Champions League count for AC Milan?,AC Milan have won the European Cup / Champions League 7 time(s).
1,trophies,How many Champions League awards did AC Milan win?,AC Milan have won the European Cup / Champions League 7 time(s).
1,trophies,AC Milan Champions League total?,AC Milan have won the European Cup / Champions League 7 time(s).
1,trophies,Count of AC Milan's Champions League titles?,AC Milan have won the European Cup / Champions League 7 time(s).
1,trophies,How many Champions League trophies has AC Milan won?,AC Milan have won the European Cup / Champions League 7 time(s).
1,trophies,AC Milan has won the Champions League how many times?,AC Milan have won the European Cup / Champions League 7 time(s).
1,trophies,Number of Champions League trophies for AC Milan?,AC Milan have won the European Cup / Champions League 7 time(s).
1,trophies,What is the number of Champions League titles AC Milan has?,AC Milan have won the European Cup / Champions League 7 time(s).
1,trophies,How many times has AC Milan won the Champions League?,AC Milan have won the European Cup / Champions League 7 time(s).
104,awards,Which player was awarded the 2024 Ballon d'Or?,Rodri won the 2024 Ballon d'Or.
104,awards,Who won the Ballon d'Or in 2024?,Rodri won the 2024 Ballon d'Or.
104,awards,Who took home the Ballon d'Or in 2024?,Rodri won the 2024 Ballon d'Or.
104,awards,Name the 2024 Ballon d'Or winner.,Rodri won the 2024 Ballon d'Or.
104,awards,The 2024 Ballon d'Or was won by?,Rodri won the 2024 Ballon d'Or.
104,awards,Who was the 2024 Ballon d'Or recipient?,Rodri won the 2024 Ballon d'Or.
104,awards,Which player won the 2024 Ballon d'Or?,Rodri won the 2024 Ballon d'Or.
104,awards,2024 Ballon d'Or winner?,Rodri won the 2024 Ballon d'Or.
104,awards,Name the recipient of the 2024 Ballon d'Or.,Rodri won the 2024 Ballon d'Or.
104,awards,Who was awarded the Ballon d'Or in 2024?,Rodri won the 2024 Ballon d'Or.
104,awards,The winner of the 2024 Ballon d'Or was?,Rodri won the 2024 Ballon d'Or.
104,awards,Which footballer won the 2024 Ballon d'Or?,Rodri won the 2024 Ballon d'Or.
104,awards,2024 Ballon d'Or award winner?,Rodri won the 2024 Ballon d'Or.
104,awards,Who claimed the 2024 Ballon d'Or?,Rodri won the 2024 Ballon d'Or.
104,awards,Name the player who won the 2024 Ballon d'Or.,Rodri won the 2024 Ballon d'Or.
104,awards,Who received the 2024 Ballon d'Or?,Rodri won the 2024 Ballon d'Or.
104,awards,2024 Ballon d'Or winner is?,Rodri won the 2024 Ballon d'Or.
104,awards,Which player took the 2024 Ballon d'Or?,Rodri won the 2024 Ballon d'Or.
104,awards,Who was the winner of the 2024 Ballon d'Or?,Rodri won the 2024 Ballon d'Or.
104,awards,The 2024 Ballon d'Or recipient was?,Rodri won the 2024 Ballon d'Or.
72,euros,Name the winner of the 2020 Euros.,Italy (played in 2021) won Euro 2020.
72,euros,Which country won Euro 2020?,Italy (played in 2021) won Euro 2020.
72,euros,Which team were the Euro 2020 champions?,Italy (played in 2021) won Euro 2020.
72,euros,Who won the UEFA European Championship in 2020?,Italy (played in 2021) won Euro 2020.
72,euros,Who were the Euro 2020 winners?,Italy (played in 2021) won Euro 2020.
72,euros,Which team won the 2020 European Championship?,Italy (played in 2021) won Euro 2020.
72,euros,The 2020 Euro champions were?,Italy (played in 2021) won Euro 2020.
72,euros,Who claimed the Euro 2020 title?,Italy (played in 2021) won Euro 2020.
72,euros,2020 European Championship winning team?,Italy (played in 2021) won Euro 2020.
72,euros,Name the 2020 Euro winner.,Italy (played in 2021) won Euro 2020.
72,euros,Which country were the 2020 European champions?,Italy (played in 2021) won Euro 2020.
72,euros,Who won the 2020 European Football Championship?,Italy (played in 2021) won Euro 2020.
72,euros,The winner of Euro 2020 was?,Italy (played in 2021) won Euro 2020.
72,euros,Which nation won Euro 2020?,Italy (played in 2021) won Euro 2020.
72,euros,2020 Euros champion?,Italy (played in 2021) won Euro 2020.
72,euros,Who lifted the Euro 2020 trophy?,Italy (played in 2021) won Euro 2020.
72,euros,Which team won the UEFA Euro 2020?,Italy (played in 2021) won Euro 2020.
72,euros,Name the 2020 European Championship winner.,Italy (played in 2021) won Euro 2020.
72,euros,Who were the champions of Euro 2020?,Italy (played in 2021) won Euro 2020.
72,euros,Which country won the 2020 Euros?,Italy (played in 2021) won Euro 2020.
79,league,Name the team that won the English league title in 2015-16.,Leicester City won the Premier League in 2015-16.
79,league,Which team topped the Premier League table in 2015-16?,Leicester City won the Premier League in 2015-16.
79,league,Which club were the 2015-16 Premier League champions?,Leicester City won the Premier League in 2015-16.
79,league,Who won the Premier League in the 2015-16 season?,Leicester City won the Premier League in 2015-16.
79,league,Who were the 2015-16 Premier League winners?,Leicester City won the Premier League in 2015-16.
79,league,Which team won the 2015-16 Premier League?,Leicester City won the Premier League in 2015-16.
79,league,The 2015-16 Premier League champions were?,Leicester City won the Premier League in 2015-16.
79,league,Which club won the 2015-16 Premier League title?,Leicester City won the Premier League in 2015-16.
79,league,Who claimed the 2015-16 Premier League title?,Leicester City won the Premier League in 2015-16.
79,league,2015-16 Premier League winning team?,Leicester City won the Premier League in 2015-16.
79,league,Name the 2015-16 Premier League winner.,Leicester City won the Premier League in 2015-16.
79,league,Which team were the 2015-16 English league champions?,Leicester City won the Premier League in 2015-16.
79,league,Who won the English Premier League in 2015-16?,Leicester City won the Premier League in 2015-16.
79,league,The winner of the 2015-16 Premier League was?,Leicester City won the Premier League in 2015-16.
79,league,Which club topped the 2015-16 Premier League?,Leicester City won the Premier League in 2015-16.
79,league,Who were the champions of the 2015-16 Premier League?,Leicester City won the Premier League in 2015-16.
79,league,2015-16 Premier League title winner?,Leicester City won the Premier League in 2015-16.
79,league,Which team won the 2015-16 English Premier League?,Leicester City won the Premier League in 2015-16.
79,league,Who won the 2015-16 Premier League season?,Leicester City won the Premier League in 2015-16.
79,league,Premier League 2015-16 champions?,Leicester City won the Premier League in 2015-16.
184,players,What position does Zinedine Zidane play?,Zinedine Zidane plays as an attacking midfielder.
184,players,Which position is Zinedine Zidane best known for?,Zinedine Zidane plays as an attacking midfielder.
184,players,Which role did Zinedine Zidane have on the pitch?,Zinedine Zidane plays as an attacking midfielder.
184,players,Zinedine Zidane plays as what type of player?,Zinedine Zidane plays as an attacking midfielder.
184,players,What is Zinedine Zidane's position?,Zinedine Zidane plays as an attacking midfielder.
184,players,Zinedine Zidane's playing position is?,Zinedine Zidane plays as an attacking midfielder.
184,players,Where does Zinedine Zidane play on the pitch?,Zinedine Zidane plays as an attacking midfielder.
184,players,What role does Zinedine Zidane play?,Zinedine Zidane plays as an attacking midfielder.
184,players,Zinedine Zidane is a?,Zinedine Zidane plays as an attacking midfielder.
184,players,What position is Zinedine Zidane known for?,Zinedine Zidane plays as an attacking midfielder.
184,players,Zinedine Zidane's role in the team is?,Zinedine Zidane plays as an attacking midfielder.
184,players,What type of player is Zinedine Zidane?,Zinedine Zidane plays as an attacking midfielder.
184,players,Zinedine Zidane plays in which position?,Zinedine Zidane plays as an attacking midfielder.
184,players,What is the playing position of Zinedine Zidane?,Zinedine Zidane plays as an attacking midfielder.
184,players,Zinedine Zidane is best known for playing as a?,Zinedine Zidane plays as an attacking midfielder.
184,players,What position does Zinedine Zidane occupy?,Zinedine Zidane plays as an attacking midfielder.
184,players,Zinedine Zidane's position on the field is?,Zinedine Zidane plays as an attacking midfielder.
184,players,What is Zinedine Zidane's role?,Zinedine Zidane plays as an attacking midfielder.
184,players,Zinedine Zidane is a player in which position?,Zinedine Zidane plays as an attacking midfielder.
184,players,What position did Zinedine Zidane play?,Zinedine Zidane plays as an attacking midfielder.
168,players,What position does Mohamed Salah play?,Mohamed Salah plays as a right winger.
168,players,Which position is Mohamed Salah best known for?,Mohamed Salah plays as a right winger.
168,players,Which role did Mohamed Salah have on the pitch?,Mohamed Salah plays as a right winger.
168,players,Mohamed Salah plays as what type of player?,Mohamed Salah plays as a right winger.
168,players,What is Mohamed Salah's position?,Mohamed Salah plays as a right winger.
168,players,Mohamed Salah's playing position is?,Mohamed Salah plays as a right winger.
168,players,Where does Mohamed Salah play on the pitch?,Mohamed Salah plays as a right winger.
168,players,What role does Mohamed Salah play?,Mohamed Salah plays as a right winger.
168,players,Mohamed Salah is a?,Mohamed Salah plays as a right winger.
168,players,What position is Mohamed Salah known for?,Mohamed Salah plays as a right winger.
168,players,Mohamed Salah's role in the team is?,Mohamed Salah plays as a right winger.
168,players,What type of player is Mohamed Salah?,Mohamed Salah plays as a right winger.
168,players,Mohamed Salah plays in which position?,Mohamed Salah plays as a right winger.
168,players,What is the playing position of Mohamed Salah?,Mohamed Salah plays as a right winger.
168,players,Mohamed Salah is best known for playing as a?,Mohamed Salah plays as a right winger.
168,players,What position does Mohamed Salah occupy?,Mohamed Salah plays as a right winger.
168,players,Mohamed Salah's position on the field is?,Mohamed Salah plays as a right winger.
168,players,What is Mohamed Salah's role?,Mohamed Salah plays as a right winger.
168,players,Mohamed Salah is a player in which position?,Mohamed Salah plays as a right winger.
168,players,What position did Mohamed Salah play?,Mohamed Salah plays as a right winger.
188,players,Who goes by the nickname El Pibe de Oro?,Diego Maradona is known as El Pibe de Oro.
188,players,Who is known as El Pibe de Oro?,Diego Maradona is known as El Pibe de Oro.
188,players,El Pibe de Oro is the nickname of which person?,Diego Maradona is known as El Pibe de Oro.
188,players,Which football figure has the nickname El Pibe de Oro?,Diego Maradona is known as El Pibe de Oro.
188,players,Which player is nicknamed El Pibe de Oro?,Diego Maradona is known as El Pibe de Oro.
188,players,The nickname El Pibe de Oro belongs to which footballer?,Diego Maradona is known as El Pibe de Oro.
188,players,Who is the footballer called El Pibe de Oro?,Diego Maradona is known as El Pibe de Oro.
188,players,El Pibe de Oro is the moniker of which player?,Diego Maradona is known as El Pibe de Oro.
188,players,Which footballer is known as El Pibe de Oro?,Diego Maradona is known as El Pibe de Oro.
188,players,Who has the nickname El Pibe de Oro?,Diego Maradona is known as El Pibe de Oro.
188,players,El Pibe de Oro nickname belongs to?,Diego Maradona is known as El Pibe de Oro.
188,players,Which player is referred to as El Pibe de Oro?,Diego Maradona is known as El Pibe de Oro.
188,players,Who is the player with the nickname El Pibe de Oro?,Diego Maradona is known as El Pibe de Oro.
188,players,The footballer known as El Pibe de Oro is?,Diego Maradona is known as El Pibe de Oro.
188,players,Which player's nickname is El Pibe de Oro?,Diego Maradona is known as El Pibe de Oro.
188,players,Who is El Pibe de Oro in football?,Diego Maradona is known as El Pibe de Oro.
188,players,El Pibe de Oro is the alias of which footballer?,Diego Maradona is known as El Pibe de Oro.
188,players,Which football star is called El Pibe de Oro?,Diego Maradona is known as El Pibe de Oro.
188,players,Name the player nicknamed El Pibe de Oro.,Diego Maradona is known as El Pibe de Oro.
188,players,The player with the nickname El Pibe de Oro is?,Diego Maradona is known as El Pibe de Oro.
42,world_cup,Which country were the 1986 World Cup champions?,Argentina won the 1986 World Cup.
42,world_cup,Name the team that won the 1986 World Cup.,Argentina won the 1986 World Cup.
42,world_cup,Who won the FIFA World Cup in 1986?,Argentina won the 1986 World Cup.
42,world_cup,Which nation lifted the World Cup trophy in 1986?,Argentina won the 1986 World Cup.
42,world_cup,Who were the 1986 World Cup winners?,Argentina won the 1986 World Cup.
42,world_cup,Which team was the 1986 World Cup champion?,Argentina won the 1986 World Cup.
42,world_cup,The winner of the 1986 World Cup was?,Argentina won the 1986 World Cup.
42,world_cup,Which country won the 1986 FIFA World Cup?,Argentina won the 1986 World Cup.
42,world_cup,1986 World Cup winning team?,Argentina won the 1986 World Cup.
42,world_cup,Name the 1986 World Cup winner.,Argentina won the 1986 World Cup.
42,world_cup,Who was the 1986 World Cup champion?,Argentina won the 1986 World Cup.
42,world_cup,Which nation won the 1986 World Cup?,Argentina won the 1986 World Cup.
42,world_cup,Who lifted the 1986 World Cup?,Argentina won the 1986 World Cup.
42,world_cup,The 1986 World Cup was won by which country?,Argentina won the 1986 World Cup.
42,world_cup,Which team won the 1986 FIFA World Cup?,Argentina won the 1986 World Cup.
42,world_cup,1986 FIFA World Cup champion?,Argentina won the 1986 World Cup.
42,world_cup,Name the 1986 FIFA World Cup winning nation.,Argentina won the 1986 World Cup.
42,world_cup,Who won the 1986 World Cup final?,Argentina won the 1986 World Cup.
42,world_cup,Which country was the 1986 World Cup winner?,Argentina won the 1986 World Cup.
42,world_cup,The 1986 World Cup champions were?,Argentina won the 1986 World Cup.
18,trophies,Which team became European champions in 2014?,Real Madrid won the Champions League final in 2014.
18,trophies,Who were the 2014 Champions League winners?,Real Madrid won the Champions League final in 2014.
18,trophies,Name the team that lifted the UEFA Champions League in 2014.,Real Madrid won the Champions League final in 2014.
18,trophies,Which club won the Champions League in 2014?,Real Madrid won the Champions League final in 2014.
18,trophies,Who won the Champions League in 2014?,Real Madrid won the Champions League final in 2014.
18,trophies,2014 Champions League winning team?,Real Madrid won the Champions League final in 2014.
18,trophies,Name the 2014 Champions League winner.,Real Madrid won the Champions League final in 2014.
18,trophies,Which team won the 2014 UEFA Champions League?,Real Madrid won the Champions League final in 2014.
18,trophies,The 2014 Champions League champions were?,Real Madrid won the Champions League final in 2014.
18,trophies,Who claimed the 2014 Champions League title?,Real Madrid won the Champions League final in 2014.
18,trophies,Which club lifted the 2014 Champions League trophy?,Real Madrid won the Champions League final in 2014.
18,trophies,2014 European Cup winner?,Real Madrid won the Champions League final in 2014.
18,trophies,Who won the 2014 European Cup?,Real Madrid won the Champions League final in 2014.
18,trophies,Name the winner of the 2014 Champions League final.,Real Madrid won the Champions League final in 2014.
18,trophies,Which team was the 2014 Champions League champion?,Real Madrid won the Champions League final in 2014.
18,trophies,The winner of the 2014 Champions League was?,Real Madrid won the Champions League final in 2014.
18,trophies,Who were the champions of Europe in 2014?,Real Madrid won the Champions League final in 2014.
18,trophies,Which team won the European Cup in 2014?,Real Madrid won the Champions League final in 2014.
18,trophies,2014 UEFA Champions League winner?,Real Madrid won the Champions League final in 2014.
18,trophies,Who lifted the 2014 Champions League trophy?,Real Madrid won the Champions League final in 2014.
76,league,Which team topped the Premier League table in 2012-13?,Manchester United won the Premier League in 2012-13.
76,league,Name the team that won the English league title in 2012-13.,Manchester United won the Premier League in 2012-13.
76,league,Which club were the 2012-13 Premier League champions?,Manchester United won the Premier League in 2012-13.
76,league,Who won the Premier League in the 2012-13 season?,Manchester United won the Premier League in 2012-13.
76,league,Who were the 2012-13 Premier League winners?,Manchester United won the Premier League in 2012-13.
76,league,Which team won the 2012-13 Premier League?,Manchester United won the Premier League in 2012-13.
76,league,The 2012-13 Premier League champions were?,Manchester United won the Premier League in 2012-13.
76,league,Which club won the 2012-13 Premier League title?,Manchester United won the Premier League in 2012-13.
76,league,Who claimed the 2012-13 Premier League title?,Manchester United won the Premier League in 2012-13.
76,league,2012-13 Premier League winning team?,Manchester United won the Premier League in 2012-13.
76,league,Name the 2012-13 Premier League winner.,Manchester United won the Premier League in 2012-13.
76,league,Which team were the 2012-13 English league champions?,Manchester United won the Premier League in 2012-13.
76,league,Who won the English Premier League in 2012-13?,Manchester United won the Premier League in 2012-13.
76,league,The winner of the 2012-13 Premier League was?,Manchester United won the Premier League in 2012-13.
76,league,Which club topped the 2012-13 Premier League?,Manchester United won the Premier League in 2012-13.
76,league,Who were the champions of the 2012-13 Premier League?,Manchester United won the Premier League in 2012-13.
76,league,2012-13 Premier League title winner?,Manchester United won the Premier League in 2012-13.
76,league,Which team won the 2012-13 English Premier League?,Manchester United won the Premier League in 2012-13.
76,league,Who won the 2012-13 Premier League season?,Manchester United won the Premier League in 2012-13.
76,league,Premier League 2012-13 champions?,Manchester United won the Premier League in 2012-13.
111,awards,What is the Ballon d'Or count of Franz Beckenbauer?,Franz Beckenbauer has won the Ballon d'Or 2 time(s).
111,awards,How many times did Franz Beckenbauer win the Ballon d'Or?,Franz Beckenbauer has won the Ballon d'Or 2 time(s).
111,awards,Tell me the number of Ballon d'Or trophies Franz Beckenbauer has.,Franz Beckenbauer has won the Ballon d'Or 2 time(s).
111,awards,How many Ballon d'Or awards has Franz Beckenbauer won?,Franz Beckenbauer has won the Ballon d'Or 2 time(s).
111,awards,What is Franz Beckenbauer's Ballon d'Or tally?,Franz Beckenbauer has won the Ballon d'Or 2 time(s).
111,awards,Number of Ballon d'Or awards won by Franz Beckenbauer?,Franz Beckenbauer has won the Ballon d'Or 2 time(s).
111,awards,Franz Beckenbauer has won how many Ballon d'Or awards?,Franz Beckenbauer has won the Ballon d'Or 2 time(s).
111,awards,How many Ballon d'Ors does Franz Beckenbauer have?,Franz Beckenbauer has won the Ballon d'Or 2 time(s).
111,awards,Franz Beckenbauer's Ballon d'Or wins count?,Franz Beckenbauer has won the Ballon d'Or 2 time(s).
111,awards,The number of Ballon d'Or awards for Franz Beckenbauer is?,Franz Beckenbauer has won the Ballon d'Or 2 time(s).
111,awards,How many Ballon d'Or trophies has Franz Beckenbauer won?,Franz Beckenbauer has won the Ballon d'Or 2 time(s).
111,awards,What is the total Ballon d'Or count for Franz Beckenbauer?,Franz Beckenbauer has won the Ballon d'Or 2 time(s).
111,awards,How many Ballon d'Or awards did Franz Beckenbauer win?,Franz Beckenbauer has won the Ballon d'Or 2 time(s).
111,awards,Franz Beckenbauer Ballon d'Or total?,Franz Beckenbauer has won the Ballon d'Or 2 time(s).
111,awards,Count of Franz Beckenbauer's Ballon d'Or awards?,Franz Beckenbauer has won the Ballon d'Or 2 time(s).
111,awards,How many Ballon d'Ors has Franz Beckenbauer won?,Franz Beckenbauer has won the Ballon d'Or 2 time(s).
111,awards,Franz Beckenbauer has won the Ballon d'Or how many times?,Franz Beckenbauer has won the Ballon d'Or 2 time(s).
111,awards,Number of Ballon d'Or trophies for Franz Beckenbauer?,Franz Beckenbauer has won the Ballon d'Or 2 time(s).
111,awards,What is the number of Ballon d'Or awards Franz Beckenbauer has?,Franz Beckenbauer has won the Ballon d'Or 2 time(s).
111,awards,How many times has Franz Beckenbauer won the Ballon d'Or?,Franz Beckenbauer has won the Ballon d'Or 2 time(s).
266,rules,What is handball in football?,"Handball is when a player deliberately touches the ball with their hand or arm, or makes their body unnaturally bigger with the arm."
266,rules,What counts as a handball offence?,"Handball is when a player deliberately touches the ball with their hand or arm, or makes their body unnaturally bigger with the arm."
266,rules,When is handball a foul?,"Handball is when a player deliberately touches the ball with their hand or arm, or makes their body unnaturally bigger with the arm."
266,rules,When does a referee give a handball?,"Handball is when a player deliberately touches the ball with their hand or arm, or makes their body unnaturally bigger with the arm."
266,rules,What is considered a handball?,"Handball is when a player deliberately touches the ball with their hand or arm, or makes their body unnaturally bigger with the arm."
266,rules,What is the rule for handball?,"Handball is when a player deliberately touches the ball with their hand or arm, or makes their body unnaturally bigger with the arm."
266,rules,How is a handball committed?,"Handball is when a player deliberately touches the ball with their hand or arm, or makes their body unnaturally bigger with the arm."
266,rules,What constitutes a handball offence?,"Handball is when a player deliberately touches the ball with their hand or arm, or makes their body unnaturally bigger with the arm."
266,rules,When is a handball given?,"Handball is when a player deliberately touches the ball with their hand or arm, or makes their body unnaturally bigger with the arm."
266,rules,What is the definition of handball?,"Handball is when a player deliberately touches the ball with their hand or arm, or makes their body unnaturally bigger with the arm."
266,rules,When is a handball called?,"Handball is when a player deliberately touches the ball with their hand or arm, or makes their body unnaturally bigger with the arm."
266,rules,What is a handball in football?,"Handball is when a player deliberately touches the ball with their hand or arm, or makes their body unnaturally bigger with the arm."
266,rules,How is handball defined in football?,"Handball is when a player deliberately touches the ball with their hand or arm, or makes their body unnaturally bigger with the arm."
266,rules,What actions are considered handball?,"Handball is when a player deliberately touches the ball with their hand or arm, or makes their body unnaturally bigger with the arm."
266,rules,When does handball occur?,"Handball is when a player deliberately touches the ball with their hand or arm, or makes their body unnaturally bigger with the arm."
266,rules,What is the handball rule?,"Handball is when a player deliberately touches the ball with their hand or arm, or makes their body unnaturally bigger with the arm."
266,rules,What is an example of a handball?,"Handball is when a player deliberately touches the ball with their hand or arm, or makes their body unnaturally bigger with the arm."
266,rules,What is meant by handball?,"Handball is when a player deliberately touches the ball with their hand or arm, or makes their body unnaturally bigger with the arm."
266,rules,When is handball penalized?,"Handball is when a player deliberately touches the ball with their hand or arm, or makes their body unnaturally bigger with the arm."
266,rules,What is a handball violation?,"Handball is when a player deliberately touches the ball with their hand or arm, or makes their body unnaturally bigger with the arm."
186,players,CR7 is the nickname of which person?,Cristiano Ronaldo is known as CR7.
186,players,Who goes by the nickname CR7?,Cristiano Ronaldo is known as CR7.
186,players,Who is known as CR7?,Cristiano Ronaldo is known as CR7.
186,players,Which football figure has the nickname CR7?,Cristiano Ronaldo is known as CR7.
186,players,Which player is nicknamed CR7?,Cristiano Ronaldo is known as CR7.
186,players,The nickname CR7 belongs to which footballer?,Cristiano Ronaldo is known as CR7.
186,players,Who is the footballer called CR7?,Cristiano Ronaldo is known as CR7.
186,players,CR7 is the moniker of which player?,Cristiano Ronaldo is known as CR7.
186,players,Which footballer is known as CR7?,Cristiano Ronaldo is known as CR7.
186,players,Who has the nickname CR7?,Cristiano Ronaldo is known as CR7.
186,players,CR7 nickname belongs to?,Cristiano Ronaldo is known as CR7.
186,players,Which player is referred to as CR7?,Cristiano Ronaldo is known as CR7.
186,players,Who is the player with the nickname CR7?,Cristiano Ronaldo is known as CR7.
186,players,The footballer known as CR7 is?,Cristiano Ronaldo is known as CR7.
186,players,Which player's nickname is CR7?,Cristiano Ronaldo is known as CR7.
186,players,Who is CR7 in football?,Cristiano Ronaldo is known as CR7.
186,players,CR7 is the alias of which footballer?,Cristiano Ronaldo is known as CR7.
186,players,Which football star is called CR7?,Cristiano Ronaldo is known as CR7.
186,players,Name the player nicknamed CR7.,Cristiano Ronaldo is known as CR7.
186,players,The player with the nickname CR7 is?,Cristiano Ronaldo is known as CR7.
217,records,Who holds the record for most goals in the Premier League?,Alan Shearer is the Premier League's all-time top scorer with 260 goals.
217,records,Who is the Premier League's all-time top scorer?,Alan Shearer is the Premier League's all-time top scorer with 260 goals.
217,records,Name the Premier League record goalscorer.,Alan Shearer is the Premier League's all-time top scorer with 260 goals.
217,records,Which player has scored the most Premier League goals?,Alan Shearer is the Premier League's all-time top scorer with 260 goals.
217,records,Who has scored the most Premier League goals?,Alan Shearer is the Premier League's all-time top scorer with 260 goals.
217,records,The all-time top scorer in the Premier League is?,Alan Shearer is the Premier League's all-time top scorer with 260 goals.
217,records,Who is the leading goalscorer in Premier League history?,Alan Shearer is the Premier League's all-time top scorer with 260 goals.
217,records,Most goals in Premier League history by which player?,Alan Shearer is the Premier League's all-time top scorer with 260 goals.
217,records,Who holds the record for most Premier League goals?,Alan Shearer is the Premier League's all-time top scorer with 260 goals.
217,records,Which player has the most goals in the Premier League?,Alan Shearer is the Premier League's all-time top scorer with 260 goals.
217,records,Premier League all-time top scorer?,Alan Shearer is the Premier League's all-time top scorer with 260 goals.
217,records,Who is the highest goalscorer in Premier League history?,Alan Shearer is the Premier League's all-time top scorer with 260 goals.
217,records,Name the player with the most Premier League goals.,Alan Shearer is the Premier League's all-time top scorer with 260 goals.
217,records,Who has the record for most goals in the Premier League?,Alan Shearer is the Premier League's all-time top scorer with 260 goals.
217,records,Which footballer is the top scorer in Premier League history?,Alan Shearer is the Premier League's all-time top scorer with 260 goals.
217,records,Who has scored the highest number of Premier League goals?,Alan Shearer is the Premier League's all-time top scorer with 260 goals.
217,records,Premier League record goalscorer?,Alan Shearer is the Premier League's all-time top scorer with 260 goals.
217,records,Who is the top goalscorer in the Premier League?,Alan Shearer is the Premier League's all-time top scorer with 260 goals.
217,records,The player with the most Premier League goals is?,Alan Shearer is the Premier League's all-time top scorer with 260 goals.
217,records,Who has the most goals in Premier League?,Alan Shearer is the Premier League's all-time top scorer with 260 goals.
172,players,Which role did Manuel Neuer have on the pitch?,Manuel Neuer plays as a goalkeeper.
172,players,Which position is Manuel Neuer best known for?,Manuel Neuer plays as a goalkeeper.
172,players,What position does Manuel Neuer play?,Manuel Neuer plays as a goalkeeper.
172,players,Manuel Neuer plays as what type of player?,Manuel Neuer plays as a goalkeeper.
172,players,What is Manuel Neuer's position?,Manuel Neuer plays as a goalkeeper.
172,players,Manuel Neuer's playing position is?,Manuel Neuer plays as a goalkeeper.
172,players,Where does Manuel Neuer play on the pitch?,Manuel Neuer plays as a goalkeeper.
172,players,What role does Manuel Neuer play?,Manuel Neuer plays as a goalkeeper.
172,players,Manuel Neuer is a?,Manuel Neuer plays as a goalkeeper.
172,players,What position is Manuel Neuer known for?,Manuel Neuer plays as a goalkeeper.
172,players,Manuel Neuer's role in the team is?,Manuel Neuer plays as a goalkeeper.
172,players,What type of player is Manuel Neuer?,Manuel Neuer plays as a goalkeeper.
172,players,Manuel Neuer plays in which position?,Manuel Neuer plays as a goalkeeper.
172,players,What is the playing position of Manuel Neuer?,Manuel Neuer plays as a goalkeeper.
172,players,Manuel Neuer is best known for playing as a?,Manuel Neuer plays as a goalkeeper.
172,players,What position does Manuel Neuer occupy?,Manuel Neuer plays as a goalkeeper.
172,players,Manuel Neuer's position on the field is?,Manuel Neuer plays as a goalkeeper.
172,players,What is Manuel Neuer's role?,Manuel Neuer plays as a goalkeeper.
172,players,Manuel Neuer is a player in which position?,Manuel Neuer plays as a goalkeeper.
172,players,What position did Manuel Neuer play?,Manuel Neuer plays as a goalkeeper.
240,records,In which city is the FIFA head office?,"FIFA is headquartered in Zurich, Switzerland."
240,records,Which city is home to FIFA's headquarters?,"FIFA is headquartered in Zurich, Switzerland."
240,records,Where is FIFA headquartered?,"FIFA is headquartered in Zurich, Switzerland."
240,records,Name the location of the FIFA headquarters.,"FIFA is headquartered in Zurich, Switzerland."
240,records,Where is the FIFA head office located?,"FIFA is headquartered in Zurich, Switzerland."
240,records,In which city is FIFA based?,"FIFA is headquartered in Zurich, Switzerland."
240,records,What city is FIFA headquartered in?,"FIFA is headquartered in Zurich, Switzerland."
240,records,Where is the headquarters of FIFA?,"FIFA is headquartered in Zurich, Switzerland."
240,records,Which city hosts the FIFA headquarters?,"FIFA is headquartered in Zurich, Switzerland."
240,records,Where is FIFA's head office?,"FIFA is headquartered in Zurich, Switzerland."
240,records,What is the location of FIFA's headquarters?,"FIFA is headquartered in Zurich, Switzerland."
240,records,In which city is the FIFA headquarters located?,"FIFA is headquartered in Zurich, Switzerland."
240,records,Where is the FIFA headquarters situated?,"FIFA is headquartered in Zurich, Switzerland."
240,records,Which city is the home of FIFA?,"FIFA is headquartered in Zurich, Switzerland."
240,records,Where are FIFA's headquarters?,"FIFA is headquartered in Zurich, Switzerland."
240,records,What city is the FIFA head office in?,"FIFA is headquartered in Zurich, Switzerland."
240,records,Where is the head office of FIFA?,"FIFA is headquartered in Zurich, Switzerland."
240,records,Which city is FIFA's headquarters in?,"FIFA is headquartered in Zurich, Switzerland."
240,records,Where can FIFA's headquarters be found?,"FIFA is headquartered in Zurich, Switzerland."
240,records,What is the city of FIFA's headquarters?,"FIFA is headquartered in Zurich, Switzerland."
257,rules,How many minutes of extra time are played?,Extra time is two 15-minute periods played in knockout games that are level after 90 minutes.
257,rules,What is extra time in a knockout match?,Extra time is two 15-minute periods played in knockout games that are level after 90 minutes.
257,rules,How long is extra time in football?,Extra time is two 15-minute periods played in knockout games that are level after 90 minutes.
257,rules,When is extra time played?,Extra time is two 15-minute periods played in knockout games that are level after 90 minutes.
257,rules,What is the duration of extra time?,Extra time is two 15-minute periods played in knockout games that are level after 90 minutes.
257,rules,How many periods are in extra time?,Extra time is two 15-minute periods played in knockout games that are level after 90 minutes.
257,rules,What happens if a knockout game is level after 90 minutes?,Extra time is two 15-minute periods played in knockout games that are level after 90 minutes.
257,rules,What is the length of extra time in a football match?,Extra time is two 15-minute periods played in knockout games that are level after 90 minutes.
257,rules,How long does extra time last in football?,Extra time is two 15-minute periods played in knockout games that are level after 90 minutes.
257,rules,What is extra time?,Extra time is two 15-minute periods played in knockout games that are level after 90 minutes.
257,rules,Explain extra time in football.,Extra time is two 15-minute periods played in knockout games that are level after 90 minutes.
257,rules,What is the rule for extra time?,Extra time is two 15-minute periods played in knockout games that are level after 90 minutes.
257,rules,How is extra time structured?,Extra time is two 15-minute periods played in knockout games that are level after 90 minutes.
257,rules,When is extra time used in football?,Extra time is two 15-minute periods played in knockout games that are level after 90 minutes.
257,rules,What is the purpose of extra time?,Extra time is two 15-minute periods played in knockout games that are level after 90 minutes.
257,rules,How many minutes are in extra time?,Extra time is two 15-minute periods played in knockout games that are level after 90 minutes.
257,rules,What is the definition of extra time?,Extra time is two 15-minute periods played in knockout games that are level after 90 minutes.
257,rules,When does extra time occur?,Extra time is two 15-minute periods played in knockout games that are level after 90 minutes.
257,rules,How long is the extra time period in football?,Extra time is two 15-minute periods played in knockout games that are level after 90 minutes.
257,rules,What is the format of extra time?,Extra time is two 15-minute periods played in knockout games that are level after 90 minutes.
247,rules,What is a red card in football?,A red card sends a player off; they must leave the pitch and cannot be replaced.
247,rules,What happens when a player is shown a red card?,A red card sends a player off; they must leave the pitch and cannot be replaced.
247,rules,Why is a player sent off with a red card?,A red card sends a player off; they must leave the pitch and cannot be replaced.
247,rules,What does a red card mean?,A red card sends a player off; they must leave the pitch and cannot be replaced.
247,rules,What is the consequence of a red card?,A red card sends a player off; they must leave the pitch and cannot be replaced.
247,rules,What happens if a player gets a red card?,A red card sends a player off; they must leave the pitch and cannot be replaced.
247,rules,Explain a red card in football.,A red card sends a player off; they must leave the pitch and cannot be replaced.
247,rules,What is the punishment for a red card?,A red card sends a player off; they must leave the pitch and cannot be replaced.
247,rules,What does receiving a red card entail?,A red card sends a player off; they must leave the pitch and cannot be replaced.
247,rules,What is the result of a red card?,A red card sends a player off; they must leave the pitch and cannot be replaced.
247,rules,Describe what a red card is.,A red card sends a player off; they must leave the pitch and cannot be replaced.
247,rules,What is the effect of a red card?,A red card sends a player off; they must leave the pitch and cannot be replaced.
247,rules,What happens when a footballer is shown a red card?,A red card sends a player off; they must leave the pitch and cannot be replaced.
247,rules,What is the meaning of a red card?,A red card sends a player off; they must leave the pitch and cannot be replaced.
247,rules,What is a red card in a match?,A red card sends a player off; they must leave the pitch and cannot be replaced.
247,rules,How does a red card affect a player?,A red card sends a player off; they must leave the pitch and cannot be replaced.
247,rules,What is the outcome of a red card?,A red card sends a player off; they must leave the pitch and cannot be replaced.
247,rules,What is a red card used for?,A red card sends a player off; they must leave the pitch and cannot be replaced.
247,rules,What happens to a player who gets a red card?,A red card sends a player off; they must leave the pitch and cannot be replaced.
247,rules,What is the penalty for a red card?,A red card sends a player off; they must leave the pitch and cannot be replaced.
203,managers,Which coach led the team when Germany won the 2014 World Cup?,Joachim Low was the manager when that happened.
203,managers,Who was the manager when Germany won the 2014 World Cup?,Joachim Low was the manager when that happened.
203,managers,Name the manager in charge when Germany won the 2014 World Cup.,Joachim Low was the manager when that happened.
203,managers,Who was the head coach when Germany won the 2014 World Cup?,Joachim Low was the manager when that happened.
203,managers,Which manager guided Germany to the 2014 World Cup?,Joachim Low was the manager when that happened.
203,managers,Who managed Germany during their 2014 World Cup win?,Joachim Low was the manager when that happened.
203,managers,Germany's 2014 World Cup winning manager was?,Joachim Low was the manager when that happened.
203,managers,Who was Germany's manager for their 2014 World Cup title?,Joachim Low was the manager when that happened.
203,managers,The coach who led Germany to the 2014 World Cup was?,Joachim Low was the manager when that happened.
203,managers,Name the Germany manager for the 2014 World Cup victory.,Joachim Low was the manager when that happened.
203,managers,Who was in charge of Germany when they won the 2014 World Cup?,Joachim Low was the manager when that happened.
203,managers,Which coach was at Germany for their 2014 World Cup win?,Joachim Low was the manager when that happened.
203,managers,Manager of Germany's 2014 World Cup winning team?,Joachim Low was the manager when that happened.
203,managers,Who was the Germany coach in their 2014 World Cup triumph?,Joachim Low was the manager when that happened.
203,managers,Germany won the 2014 World Cup under which manager?,Joachim Low was the manager when that happened.
203,managers,Which manager was in charge for Germany's 2014 World Cup title?,Joachim Low was the manager when that happened.
203,managers,Name the coach of Germany's 2014 World Cup champions.,Joachim Low was the manager when that happened.
203,managers,Who was the manager of Germany in 2014?,Joachim Low was the manager when that happened.
203,managers,Who was Germany's coach when they won the World Cup in 2014?,Joachim Low was the manager when that happened.
203,managers,The manager of Germany's 2014 World Cup win was?,Joachim Low was the manager when that happened.
9,trophies,Tell me how many Champions League trophies Chelsea have lifted.,Chelsea have won the European Cup / Champions League 2 time(s).
9,trophies,How many Champions League titles has Chelsea won?,Chelsea have won the European Cup / Champions League 2 time(s).
9,trophies,How many times did Chelsea win the UEFA Champions League?,Chelsea have won the European Cup / Champions League 2 time(s).
9,trophies,What is the number of European Cup trophies won by Chelsea?,Chelsea have won the European Cup / Champions League 2 time(s).
9,trophies,What is Chelsea's Champions League title count?,Chelsea have won the European Cup / Champions League 2 time(s).
9,trophies,Number of Champions League titles won by Chelsea?,Chelsea have won the European Cup / Champions League 2 time(s).
9,trophies,Chelsea has won how many Champions League titles?,Chelsea have won the European Cup / Champions League 2 time(s).
9,trophies,How many Champions League trophies does Chelsea have?,Chelsea have won the European Cup / Champions League 2 time(s).
9,trophies,Chelsea's Champions League wins count?,Chelsea have won the European Cup / Champions League 2 time(s).
9,trophies,The number of Champions League titles for Chelsea is?,Chelsea have won the European Cup / Champions League 2 time(s).
9,trophies,How many European Cup / Champions League titles has Chelsea won?,Chelsea have won the European Cup / Champions League 2 time(s).
9,trophies,What is the total Champions League count for Chelsea?,Chelsea have won the European Cup / Champions League 2 time(s).
9,trophies,How many Champions League awards did Chelsea win?,Chelsea have won the European Cup / Champions League 2 time(s).
9,trophies,Chelsea Champions League total?,Chelsea have won the European Cup / Champions League 2 time(s).
9,trophies,Count of Chelsea's Champions League titles?,Chelsea have won the European Cup / Champions League 2 time(s).
9,trophies,How many Champions League trophies has Chelsea won?,Chelsea have won the European Cup / Champions League 2 time(s).
9,trophies,Chelsea has won the Champions League how many times?,Chelsea have won the European Cup / Champions League 2 time(s).
9,trophies,Number of Champions League trophies for Chelsea?,Chelsea have won the European Cup / Champions League 2 time(s).
9,trophies,What is the number of Champions League titles Chelsea has?,Chelsea have won the European Cup / Champions League 2 time(s).
9,trophies,How many times has Chelsea won the Champions League?,Chelsea have won the European Cup / Champions League 2 time(s).
186,players,Who goes by the nickname CR7?,Cristiano Ronaldo is known as CR7.
186,players,Who is known as CR7?,Cristiano Ronaldo is known as CR7.
186,players,Which football figure has the nickname CR7?,Cristiano Ronaldo is known as CR7.
186,players,Which player is nicknamed CR7?,Cristiano Ronaldo is known as CR7.
186,players,The nickname CR7 belongs to which footballer?,Cristiano Ronaldo is known as CR7.
186,players,Who is the footballer called CR7?,Cristiano Ronaldo is known as CR7.
186,players,CR7 is the moniker of which player?,Cristiano Ronaldo is known as CR7.
186,players,Which footballer is known as CR7?,Cristiano Ronaldo is known as CR7.
186,players,Who has the nickname CR7?,Cristiano Ronaldo is known as CR7.
186,players,CR7 nickname belongs to?,Cristiano Ronaldo is known as CR7.
186,players,Which player is referred to as CR7?,Cristiano Ronaldo is known as CR7.
186,players,Who is the player with the nickname CR7?,Cristiano Ronaldo is known as CR7.
186,players,The footballer known as CR7 is?,Cristiano Ronaldo is known as CR7.
186,players,Which player's nickname is CR7?,Cristiano Ronaldo is known as CR7.
186,players,Who is CR7 in football?,Cristiano Ronaldo is known as CR7.
186,players,CR7 is the alias of which footballer?,Cristiano Ronaldo is known as CR7.
186,players,Which football star is called CR7?,Cristiano Ronaldo is known as CR7.
186,players,Name the player nicknamed CR7.,Cristiano Ronaldo is known as CR7.
186,players,The player with the nickname CR7 is?,Cristiano Ronaldo is known as CR7.
186,players,Who is CR7?,Cristiano Ronaldo is known as CR7.
63,world_cup,Which country hosted the World Cup in 2014?,The 2014 World Cup was hosted by Brazil.
63,world_cup,Name the host nation of the 2014 World Cup.,The 2014 World Cup was hosted by Brazil.
63,world_cup,Who were the hosts of the 2014 World Cup?,The 2014 World Cup was hosted by Brazil.
63,world_cup,Where was the 2014 FIFA World Cup held?,The 2014 World Cup was hosted by Brazil.
63,world_cup,Which nation was the host of the 2014 World Cup?,The 2014 World Cup was hosted by Brazil.
63,world_cup,Tell me the host country of the 2014 World Cup.,The 2014 World Cup was hosted by Brazil.
63,world_cup,What country hosted the 2014 World Cup?,The 2014 World Cup was hosted by Brazil.
63,world_cup,The 2014 World Cup was held in which country?,The 2014 World Cup was hosted by Brazil.
63,world_cup,Which country was the host for the 2014 World Cup?,The 2014 World Cup was hosted by Brazil.
63,world_cup,Host nation of the 2014 FIFA World Cup?,The 2014 World Cup was hosted by Brazil.
63,world_cup,Can you name the host of the 2014 World Cup?,The 2014 World Cup was hosted by Brazil.
63,world_cup,The host nation for the 2014 World Cup was?,The 2014 World Cup was hosted by Brazil.
63,world_cup,Which nation hosted the 2014 FIFA World Cup?,The 2014 World Cup was hosted by Brazil.
63,world_cup,2014 World Cup host country?,The 2014 World Cup was hosted by Brazil.
63,world_cup,Name the country that hosted the 2014 World Cup.,The 2014 World Cup was hosted by Brazil.
63,world_cup,Who was the host of the 2014 World Cup?,The 2014 World Cup was hosted by Brazil.
63,world_cup,Which country held the 2014 World Cup?,The 2014 World Cup was hosted by Brazil.
63,world_cup,The 2014 World Cup host was which nation?,The 2014 World Cup was hosted by Brazil.
63,world_cup,Name the 2014 World Cup host.,The 2014 World Cup was hosted by Brazil.
63,world_cup,Which country was the 2014 World Cup host?,The 2014 World Cup was hosted by Brazil.
126,clubs,Name the ground of AC Milan.,AC Milan play at San Siro.
126,clubs,Where does AC Milan play its home games?,AC Milan play at San Siro.
126,clubs,Which stadium is home to AC Milan?,AC Milan play at San Siro.
126,clubs,What is the name of AC Milan's home stadium?,AC Milan play at San Siro.
126,clubs,What stadium do AC Milan play in?,AC Milan play at San Siro.
126,clubs,AC Milan's home ground is called?,AC Milan play at San Siro.
126,clubs,The home stadium of AC Milan is?,AC Milan play at San Siro.
126,clubs,What is the name of the stadium where AC Milan plays?,AC Milan play at San Siro.
126,clubs,Which ground does AC Milan use for home matches?,AC Milan play at San Siro.
126,clubs,Name the home venue of AC Milan.,AC Milan play at San Siro.
126,clubs,What is AC Milan's stadium called?,AC Milan play at San Siro.
126,clubs,Where do AC Milan play their home fixtures?,AC Milan play at San Siro.
126,clubs,The stadium of AC Milan is known as?,AC Milan play at San Siro.
126,clubs,AC Milan's home field is?,AC Milan play at San Siro.
126,clubs,What is the home of AC Milan?,AC Milan play at San Siro.
126,clubs,Which stadium does AC Milan call home?,AC Milan play at San Siro.
126,clubs,Name AC Milan's stadium.,AC Milan play at San Siro.
126,clubs,The home ground for AC Milan is?,AC Milan play at San Siro.
126,clubs,Where is AC Milan's home stadium?,AC Milan play at San Siro.
126,clubs,What stadium is AC Milan's home?,AC Milan play at San Siro.
83,league,Who won the Premier League in the 2019-20 season?,Liverpool won the Premier League in 2019-20.
83,league,Which team topped the Premier League table in 2019-20?,Liverpool won the Premier League in 2019-20.
83,league,Which club were the 2019-20 Premier League champions?,Liverpool won the Premier League in 2019-20.
83,league,Name the team that won the English league title in 2019-20.,Liverpool won the Premier League in 2019-20.
83,league,Who were the 2019-20 Premier League winners?,Liverpool won the Premier League in 2019-20.
83,league,Which team won the 2019-20 Premier League?,Liverpool won the Premier League in 2019-20.
83,league,The 2019-20 Premier League champions were?,Liverpool won the Premier League in 2019-20.
83,league,Which club won the 2019-20 Premier League title?,Liverpool won the Premier League in 2019-20.
83,league,Who claimed the 2019-20 Premier League title?,Liverpool won the Premier League in 2019-20.
83,league,2019-20 Premier League winning team?,Liverpool won the Premier League in 2019-20.
83,league,Name the 2019-20 Premier League winner.,Liverpool won the Premier League in 2019-20.
83,league,Which team were the 2019-20 English league champions?,Liverpool won the Premier League in 2019-20.
83,league,Who won the English Premier League in 2019-20?,Liverpool won the Premier League in 2019-20.
83,league,The winner of the 2019-20 Premier League was?,Liverpool won the Premier League in 2019-20.
83,league,Which club topped the 2019-20 Premier League?,Liverpool won the Premier League in 2019-20.
83,league,Who were the champions of the 2019-20 Premier League?,Liverpool won the Premier League in 2019-20.
83,league,2019-20 Premier League title winner?,Liverpool won the Premier League in 2019-20.
83,league,Which team won the 2019-20 English Premier League?,Liverpool won the Premier League in 2019-20.
83,league,Who won the 2019-20 Premier League season?,Liverpool won the Premier League in 2019-20.
83,league,Premier League 2019-20 champions?,Liverpool won the Premier League in 2019-20.
256,rules,What is goal line technology?,Goal-line technology uses cameras or sensors to tell the referee instantly if the whole ball crossed the goal line.
256,rules,How does goal-line technology work?,Goal-line technology uses cameras or sensors to tell the referee instantly if the whole ball crossed the goal line.
256,rules,Which technology tells if the whole ball crossed the line?,Goal-line technology uses cameras or sensors to tell the referee instantly if the whole ball crossed the goal line.
256,rules,What is the purpose of goal line technology?,Goal-line technology uses cameras or sensors to tell the referee instantly if the whole ball crossed the goal line.
256,rules,How does goal line technology function?,Goal-line technology uses cameras or sensors to tell the referee instantly if the whole ball crossed the goal line.
256,rules,What is the role of goal-line technology?,Goal-line technology uses cameras or sensors to tell the referee instantly if the whole ball crossed the goal line.
256,rules,Explain goal-line technology.,Goal-line technology uses cameras or sensors to tell the referee instantly if the whole ball crossed the goal line.
256,rules,What does goal-line technology do?,Goal-line technology uses cameras or sensors to tell the referee instantly if the whole ball crossed the goal line.
256,rules,How is goal-line technology used?,Goal-line technology uses cameras or sensors to tell the referee instantly if the whole ball crossed the goal line.
256,rules,What is the function of goal-line technology?,Goal-line technology uses cameras or sensors to tell the referee instantly if the whole ball crossed the goal line.
256,rules,Describe how goal-line technology works.,Goal-line technology uses cameras or sensors to tell the referee instantly if the whole ball crossed the goal line.
256,rules,What is the aim of goal-line technology?,Goal-line technology uses cameras or sensors to tell the referee instantly if the whole ball crossed the goal line.
256,rules,How does the goal-line technology system work?,Goal-line technology uses cameras or sensors to tell the referee instantly if the whole ball crossed the goal line.
256,rules,What is goal-line technology used for?,Goal-line technology uses cameras or sensors to tell the referee instantly if the whole ball crossed the goal line.
256,rules,Explain the concept of goal-line technology.,Goal-line technology uses cameras or sensors to tell the referee instantly if the whole ball crossed the goal line.
256,rules,What is the principle behind goal-line technology?,Goal-line technology uses cameras or sensors to tell the referee instantly if the whole ball crossed the goal line.
256,rules,How does the goal line technology system operate?,Goal-line technology uses cameras or sensors to tell the referee instantly if the whole ball crossed the goal line.
256,rules,What is the definition of goal-line technology?,Goal-line technology uses cameras or sensors to tell the referee instantly if the whole ball crossed the goal line.
256,rules,What is the main purpose of goal-line technology?,Goal-line technology uses cameras or sensors to tell the referee instantly if the whole ball crossed the goal line.
256,rules,How is goal-line technology implemented?,Goal-line technology uses cameras or sensors to tell the referee instantly if the whole ball crossed the goal line.
183,players,Lev Yashin plays as what type of player?,Lev Yashin plays as a goalkeeper.
183,players,Which position is Lev Yashin best known for?,Lev Yashin plays as a goalkeeper.
183,players,What position does Lev Yashin play?,Lev Yashin plays as a goalkeeper.
183,players,Which role did Lev Yashin have on the pitch?,Lev Yashin plays as a goalkeeper.
183,players,What is Lev Yashin's position?,Lev Yashin plays as a goalkeeper.
183,players,Lev Yashin's playing position is?,Lev Yashin plays as a goalkeeper.
183,players,Where does Lev Yashin play on the pitch?,Lev Yashin plays as a goalkeeper.
183,players,What role does Lev Yashin play?,Lev Yashin plays as a goalkeeper.
183,players,Lev Yashin is a?,Lev Yashin plays as a goalkeeper.
183,players,What position is Lev Yashin known for?,Lev Yashin plays as a goalkeeper.
183,players,Lev Yashin's role in the team is?,Lev Yashin plays as a goalkeeper.
183,players,What type of player is Lev Yashin?,Lev Yashin plays as a goalkeeper.
183,players,Lev Yashin plays in which position?,Lev Yashin plays as a goalkeeper.
183,players,What is the playing position of Lev Yashin?,Lev Yashin plays as a goalkeeper.
183,players,Lev Yashin is best known for playing as a?,Lev Yashin plays as a goalkeeper.
183,players,What position does Lev Yashin occupy?,Lev Yashin plays as a goalkeeper.
183,players,Lev Yashin's position on the field is?,Lev Yashin plays as a goalkeeper.
183,players,What is Lev Yashin's role?,Lev Yashin plays as a goalkeeper.
183,players,Lev Yashin is a player in which position?,Lev Yashin plays as a goalkeeper.
183,players,What position did Lev Yashin play?,Lev Yashin plays as a goalkeeper.
198,managers,Who was the manager when Leicester City won the Premier League in 2016?,Claudio Ranieri was the manager when that happened.
198,managers,Which coach led the team when Leicester City won the Premier League in 2016?,Claudio Ranieri was the manager when that happened.
198,managers,Name the manager in charge when Leicester City won the Premier League in 2016.,Claudio Ranieri was the manager when that happened.
198,managers,Who was the head coach when Leicester City won the Premier League in 2016?,Claudio Ranieri was the manager when that happened.
198,managers,Which manager guided Leicester City to the Premier League title in 2016?,Claudio Ranieri was the manager when that happened.
198,managers,Who managed Leicester City during their 2016 Premier League win?,Claudio Ranieri was the manager when that happened.
198,managers,Leicester City's 2016 Premier League winning manager was?,Claudio Ranieri was the manager when that happened.
198,managers,Who was Leicester City's manager for their 2016 Premier League title?,Claudio Ranieri was the manager when that happened.
198,managers,The coach who led Leicester City to the 2016 Premier League was?,Claudio Ranieri was the manager when that happened.
198,managers,Name the Leicester City manager for the 2016 Premier League victory.,Claudio Ranieri was the manager when that happened.
198,managers,Who was in charge of Leicester City when they won the 2016 Premier League?,Claudio Ranieri was the manager when that happened.
198,managers,Which coach was at Leicester City for their 2016 Premier League win?,Claudio Ranieri was the manager when that happened.
198,managers,Manager of Leicester City's 2016 Premier League winning team?,Claudio Ranieri was the manager when that happened.
198,managers,Who was the Leicester City coach in their 2016 Premier League triumph?,Claudio Ranieri was the manager when that happened.
198,managers,Leicester City won the Premier League in 2016 under which manager?,Claudio Ranieri was the manager when that happened.
198,managers,Which manager was in charge for Leicester City's 2016 Premier League title?,Claudio Ranieri was the manager when that happened.
198,managers,Name the coach of Leicester City's 2016 Premier League champions.,Claudio Ranieri was the manager when that happened.
198,managers,Who was the manager of Leicester City in 2016?,Claudio Ranieri was the manager when that happened.
198,managers,Who was Leicester City's coach when they won the league in 2016?,Claudio Ranieri was the manager when that happened.
198,managers,The manager of Leicester City's 2015-16 Premier League win was?,Claudio Ranieri was the manager when that happened.
30,world_cup,How many World Cups has Brazil won?,Brazil have won the FIFA World Cup 5 time(s).
30,world_cup,What is the World Cup trophy count of Brazil?,Brazil have won the FIFA World Cup 5 time(s).
30,world_cup,How many times has Brazil been crowned world champion?,Brazil have won the FIFA World Cup 5 time(s).
30,world_cup,Number of FIFA World Cup titles won by Brazil?,Brazil have won the FIFA World Cup 5 time(s).
30,world_cup,Brazil has won how many World Cups?,Brazil have won the FIFA World Cup 5 time(s).
30,world_cup,What is Brazil's World Cup title count?,Brazil have won the FIFA World Cup 5 time(s).
30,world_cup,How many World Cup trophies does Brazil have?,Brazil have won the FIFA World Cup 5 time(s).
30,world_cup,Brazil's World Cup wins count?,Brazil have won the FIFA World Cup 5 time(s).
30,world_cup,The number of World Cup titles for Brazil is?,Brazil have won the FIFA World Cup 5 time(s).
30,world_cup,How many times did Brazil win the World Cup?,Brazil have won the FIFA World Cup 5 time(s).
30,world_cup,What is the total World Cup count for Brazil?,Brazil have won the FIFA World Cup 5 time(s).
30,world_cup,How many World Cup awards did Brazil win?,Brazil have won the FIFA World Cup 5 time(s).
30,world_cup,Brazil World Cup total?,Brazil have won the FIFA World Cup 5 time(s).
30,world_cup,Count of Brazil's World Cup titles?,Brazil have won the FIFA World Cup 5 time(s).
30,world_cup,How many World Cup trophies has Brazil won?,Brazil have won the FIFA World Cup 5 time(s).
30,world_cup,Brazil has won the World Cup how many times?,Brazil have won the FIFA World Cup 5 time(s).
30,world_cup,Number of World Cup trophies for Brazil?,Brazil have won the FIFA World Cup 5 time(s).
30,world_cup,What is the number of World Cup titles Brazil has?,Brazil have won the FIFA World Cup 5 time(s).
30,world_cup,How many times has Brazil won the World Cup?,Brazil have won the FIFA World Cup 5 time(s).
30,world_cup,Brazil's FIFA World Cup trophy count?,Brazil have won the FIFA World Cup 5 time(s).
153,players,What is the nationality of Kevin De Bruyne?,Kevin De Bruyne is from Belgium.
153,players,For which country did Kevin De Bruyne play international football?,Kevin De Bruyne is from Belgium.
153,players,Which country does Kevin De Bruyne come from?,Kevin De Bruyne is from Belgium.
153,players,Kevin De Bruyne is from which country?,Kevin De Bruyne is from Belgium.
153,players,Which nation does Kevin De Bruyne represent?,Kevin De Bruyne is from Belgium.
153,players,What country is Kevin De Bruyne from?,Kevin De Bruyne is from Belgium.
153,players,Kevin De Bruyne's nationality is?,Kevin De Bruyne is from Belgium.
153,players,Where is Kevin De Bruyne from?,Kevin De Bruyne is from Belgium.
153,players,Which country is Kevin De Bruyne a citizen of?,Kevin De Bruyne is from Belgium.
153,players,Kevin De Bruyne plays for which country?,Kevin De Bruyne is from Belgium.
153,players,What is Kevin De Bruyne's country of origin?,Kevin De Bruyne is from Belgium.
153,players,Which country does Kevin De Bruyne play for?,Kevin De Bruyne is from Belgium.
153,players,Kevin De Bruyne represents which nation?,Kevin De Bruyne is from Belgium.
153,players,What nationality is Kevin De Bruyne?,Kevin De Bruyne is from Belgium.
153,players,Which country is Kevin De Bruyne from?,Kevin De Bruyne is from Belgium.
153,players,Kevin De Bruyne's country is?,Kevin De Bruyne is from Belgium.
153,players,Where does Kevin De Bruyne come from?,Kevin De Bruyne is from Belgium.
153,players,What nation is Kevin De Bruyne from?,Kevin De Bruyne is from Belgium.
153,players,Which country is Kevin De Bruyne associated with?,Kevin De Bruyne is from Belgium.
153,players,Kevin De Bruyne is a player from which country?,Kevin De Bruyne is from Belgium.
9,trophies,What is the number of European Cup trophies won by Chelsea?,Chelsea have won the European Cup / Champions League 2 time(s).
9,trophies,How many Champions League titles has Chelsea won?,Chelsea have won the European Cup / Champions League 2 time(s).
9,trophies,How many times did Chelsea win the UEFA Champions League?,Chelsea have won the European Cup / Champions League 2 time(s).
9,trophies,Tell me how many Champions League trophies Chelsea have lifted.,Chelsea have won the European Cup / Champions League 2 time(s).
9,trophies,What is Chelsea's Champions League title count?,Chelsea have won the European Cup / Champions League 2 time(s).
9,trophies,Number of Champions League titles won by Chelsea?,Chelsea have won the European Cup / Champions League 2 time(s).
9,trophies,Chelsea has won how many Champions League titles?,Chelsea have won the European Cup / Champions League 2 time(s).
9,trophies,How many Champions League trophies does Chelsea have?,Chelsea have won the European Cup / Champions League 2 time(s).
9,trophies,Chelsea's Champions League wins count?,Chelsea have won the European Cup / Champions League 2 time(s).
9,trophies,The number of Champions League titles for Chelsea is?,Chelsea have won the European Cup / Champions League 2 time(s).
9,trophies,How many European Cup / Champions League titles has Chelsea won?,Chelsea have won the European Cup / Champions League 2 time(s).
9,trophies,What is the total Champions League count for Chelsea?,Chelsea have won the European Cup / Champions League 2 time(s).
9,trophies,How many Champions League awards did Chelsea win?,Chelsea have won the European Cup / Champions League 2 time(s).
9,trophies,Chelsea Champions League total?,Chelsea have won the European Cup / Champions League 2 time(s).
9,trophies,Count of Chelsea's Champions League titles?,Chelsea have won the European Cup / Champions League 2 time(s).
9,trophies,How many Champions League trophies has Chelsea won?,Chelsea have won the European Cup / Champions League 2 time(s).
9,trophies,Chelsea has won the Champions League how many times?,Chelsea have won the European Cup / Champions League 2 time(s).
9,trophies,Number of Champions League trophies for Chelsea?,Chelsea have won the European Cup / Champions League 2 time(s).
9,trophies,What is the number of Champions League titles Chelsea has?,Chelsea have won the European Cup / Champions League 2 time(s).
9,trophies,How many times has Chelsea won the Champions League?,Chelsea have won the European Cup / Champions League 2 time(s).
32,world_cup,How many times has Italy been crowned world champion?,Italy have won the FIFA World Cup 4 time(s).
32,world_cup,What is the World Cup trophy count of Italy?,Italy have won the FIFA World Cup 4 time(s).
32,world_cup,How many World Cups has Italy won?,Italy have won the FIFA World Cup 4 time(s).
32,world_cup,Number of FIFA World Cup titles won by Italy?,Italy have won the FIFA World Cup 4 time(s).
32,world_cup,Italy has won how many World Cups?,Italy have won the FIFA World Cup 4 time(s).
32,world_cup,What is Italy's World Cup title count?,Italy have won the FIFA World Cup 4 time(s).
32,world_cup,How many World Cup trophies does Italy have?,Italy have won the FIFA World Cup 4 time(s).
32,world_cup,Italy's World Cup wins count?,Italy have won the FIFA World Cup 4 time(s).
32,world_cup,The number of World Cup titles for Italy is?,Italy have won the FIFA World Cup 4 time(s).
32,world_cup,How many times did Italy win the World Cup?,Italy have won the FIFA World Cup 4 time(s).
32,world_cup,What is the total World Cup count for Italy?,Italy have won the FIFA World Cup 4 time(s).
32,world_cup,How many World Cup awards did Italy win?,Italy have won the FIFA World Cup 4 time(s).
32,world_cup,Italy World Cup total?,Italy have won the FIFA World Cup 4 time(s).
32,world_cup,Count of Italy's World Cup titles?,Italy have won the FIFA World Cup 4 time(s).
32,world_cup,How many World Cup trophies has Italy won?,Italy have won the FIFA World Cup 4 time(s).
32,world_cup,Italy has won the World Cup how many times?,Italy have won the FIFA World Cup 4 time(s).
32,world_cup,Number of World Cup trophies for Italy?,Italy have won the FIFA World Cup 4 time(s).
32,world_cup,What is the number of World Cup titles Italy has?,Italy have won the FIFA World Cup 4 time(s).
32,world_cup,How many times has Italy won the World Cup?,Italy have won the FIFA World Cup 4 time(s).
32,world_cup,Italy's FIFA World Cup trophy count?,Italy have won the FIFA World Cup 4 time(s).
60,world_cup,Who were the hosts of the 2002 World Cup?,The 2002 World Cup was hosted by South Korea and Japan.
60,world_cup,Name the host nation of the 2002 World Cup.,The 2002 World Cup was hosted by South Korea and Japan.
60,world_cup,Which country hosted the World Cup in 2002?,The 2002 World Cup was hosted by South Korea and Japan.
60,world_cup,Where was the 2002 FIFA World Cup held?,The 2002 World Cup was hosted by South Korea and Japan.
60,world_cup,Which nation was the host of the 2002 World Cup?,The 2002 World Cup was hosted by South Korea and Japan.
60,world_cup,Tell me the host country of the 2002 World Cup.,The 2002 World Cup was hosted by South Korea and Japan.
60,world_cup,What country hosted the 2002 World Cup?,The 2002 World Cup was hosted by South Korea and Japan.
60,world_cup,The 2002 World Cup was held in which country?,The 2002 World Cup was hosted by South Korea and Japan.
60,world_cup,Which country was the host for the 2002 World Cup?,The 2002 World Cup was hosted by South Korea and Japan.
60,world_cup,Host nation of the 2002 FIFA World Cup?,The 2002 World Cup was hosted by South Korea and Japan.
60,world_cup,Can you name the host of the 2002 World Cup?,The 2002 World Cup was hosted by South Korea and Japan.
60,world_cup,The host nation for the 2002 World Cup was?,The 2002 World Cup was hosted by South Korea and Japan.
60,world_cup,Which nation hosted the 2002 FIFA World Cup?,The 2002 World Cup was hosted by South Korea and Japan.
60,world_cup,2002 World Cup host country?,The 2002 World Cup was hosted by South Korea and Japan.
60,world_cup,Name the country that hosted the 2002 World Cup.,The 2002 World Cup was hosted by South Korea and Japan.
60,world_cup,Who was the host of the 2002 World Cup?,The 2002 World Cup was hosted by South Korea and Japan.
60,world_cup,Which country held the 2002 World Cup?,The 2002 World Cup was hosted by South Korea and Japan.
60,world_cup,The 2002 World Cup host was which nation?,The 2002 World Cup was hosted by South Korea and Japan.
60,world_cup,Name the 2002 World Cup host.,The 2002 World Cup was hosted by South Korea and Japan.
60,world_cup,Which country was the 2002 World Cup host?,The 2002 World Cup was hosted by South Korea and Japan.
94,awards,Which player was awarded the 2013 Ballon d'Or?,Cristiano Ronaldo won the 2013 Ballon d'Or.
94,awards,Who won the Ballon d'Or in 2013?,Cristiano Ronaldo won the 2013 Ballon d'Or.
94,awards,Who took home the Ballon d'Or in 2013?,Cristiano Ronaldo won the 2013 Ballon d'Or.
94,awards,Name the 2013 Ballon d'Or winner.,Cristiano Ronaldo won the 2013 Ballon d'Or.
94,awards,The 2013 Ballon d'Or was won by?,Cristiano Ronaldo won the 2013 Ballon d'Or.
94,awards,Who was the 2013 Ballon d'Or recipient?,Cristiano Ronaldo won the 2013 Ballon d'Or.
94,awards,Which player won the 2013 Ballon d'Or?,Cristiano Ronaldo won the 2013 Ballon d'Or.
94,awards,2013 Ballon d'Or winner?,Cristiano Ronaldo won the 2013 Ballon d'Or.
94,awards,Name the recipient of the 2013 Ballon d'Or.,Cristiano Ronaldo won the 2013 Ballon d'Or.
94,awards,Who was awarded the Ballon d'Or in 2013?,Cristiano Ronaldo won the 2013 Ballon d'Or.
94,awards,The winner of the 2013 Ballon d'Or was?,Cristiano Ronaldo won the 2013 Ballon d'Or.
94,awards,Which footballer won the 2013 Ballon d'Or?,Cristiano Ronaldo won the 2013 Ballon d'Or.
94,awards,2013 Ballon d'Or award winner?,Cristiano Ronaldo won the 2013 Ballon d'Or.
94,awards,Who claimed the 2013 Ballon d'Or?,Cristiano Ronaldo won the 2013 Ballon d'Or.
94,awards,Name the player who won the 2013 Ballon d'Or.,Cristiano Ronaldo won the 2013 Ballon d'Or.
94,awards,Who received the 2013 Ballon d'Or?,Cristiano Ronaldo won the 2013 Ballon d'Or.
94,awards,2013 Ballon d'Or winner is?,Cristiano Ronaldo won the 2013 Ballon d'Or.
94,awards,Which player took the 2013 Ballon d'Or?,Cristiano Ronaldo won the 2013 Ballon d'Or.
94,awards,Who was the winner of the 2013 Ballon d'Or?,Cristiano Ronaldo won the 2013 Ballon d'Or.
94,awards,The 2013 Ballon d'Or recipient was?,Cristiano Ronaldo won the 2013 Ballon d'Or.
95,awards,Which player was awarded the 2014 Ballon d'Or?,Cristiano Ronaldo won the 2014 Ballon d'Or.
95,awards,Who won the Ballon d'Or in 2014?,Cristiano Ronaldo won the 2014 Ballon d'Or.
95,awards,Who took home the Ballon d'Or in 2014?,Cristiano Ronaldo won the 2014 Ballon d'Or.
95,awards,Name the 2014 Ballon d'Or winner.,Cristiano Ronaldo won the 2014 Ballon d'Or.
95,awards,The 2014 Ballon d'Or was won by?,Cristiano Ronaldo won the 2014 Ballon d'Or.
95,awards,Who was the 2014 Ballon d'Or recipient?,Cristiano Ronaldo won the 2014 Ballon d'Or.
95,awards,Which player won the 2014 Ballon d'Or?,Cristiano Ronaldo won the 2014 Ballon d'Or.
95,awards,2014 Ballon d'Or winner?,Cristiano Ronaldo won the 2014 Ballon d'Or.
95,awards,Name the recipient of the 2014 Ballon d'Or.,Cristiano Ronaldo won the 2014 Ballon d'Or.
95,awards,Who was awarded the Ballon d'Or in 2014?,Cristiano Ronaldo won the 2014 Ballon d'Or.
95,awards,The winner of the 2014 Ballon d'Or was?,Cristiano Ronaldo won the 2014 Ballon d'Or.
95,awards,Which footballer won the 2014 Ballon d'Or?,Cristiano Ronaldo won the 2014 Ballon d'Or.
95,awards,2014 Ballon d'Or award winner?,Cristiano Ronaldo won the 2014 Ballon d'Or.
95,awards,Who claimed the 2014 Ballon d'Or?,Cristiano Ronaldo won the 2014 Ballon d'Or.
95,awards,Name the player who won the 2014 Ballon d'Or.,Cristiano Ronaldo won the 2014 Ballon d'Or.
95,awards,Who received the 2014 Ballon d'Or?,Cristiano Ronaldo won the 2014 Ballon d'Or.
95,awards,2014 Ballon d'Or winner is?,Cristiano Ronaldo won the 2014 Ballon d'Or.
95,awards,Which player took the 2014 Ballon d'Or?,Cristiano Ronaldo won the 2014 Ballon d'Or.
95,awards,Who was the winner of the 2014 Ballon d'Or?,Cristiano Ronaldo won the 2014 Ballon d'Or.
95,awards,The 2014 Ballon d'Or recipient was?,Cristiano Ronaldo won the 2014 Ballon d'Or.
8,trophies,Tell me how many Champions League trophies Juventus have lifted.,Juventus have won the European Cup / Champions League 2 time(s).
8,trophies,How many Champions League titles has Juventus won?,Juventus have won the European Cup / Champions League 2 time(s).
8,trophies,How many times did Juventus win the UEFA Champions League?,Juventus have won the European Cup / Champions League 2 time(s).
8,trophies,What is the number of European Cup trophies won by Juventus?,Juventus have won the European Cup / Champions League 2 time(s).
8,trophies,What is Juventus's Champions League title count?,Juventus have won the European Cup / Champions League 2 time(s).
8,trophies,Number of Champions League titles won by Juventus?,Juventus have won the European Cup / Champions League 2 time(s).
8,trophies,Juventus has won how many Champions League titles?,Juventus have won the European Cup / Champions League 2 time(s).
8,trophies,How many Champions League trophies does Juventus have?,Juventus have won the European Cup / Champions League 2 time(s).
8,trophies,Juventus's Champions League wins count?,Juventus have won the European Cup / Champions League 2 time(s).
8,trophies,The number of Champions League titles for Juventus is?,Juventus have won the European Cup / Champions League 2 time(s).
8,trophies,How many European Cup / Champions League titles has Juventus won?,Juventus have won the European Cup / Champions League 2 time(s).
8,trophies,What is the total Champions League count for Juventus?,Juventus have won the European Cup / Champions League 2 time(s).
8,trophies,How many Champions League awards did Juventus win?,Juventus have won the European Cup / Champions League 2 time(s).
8,trophies,Juventus Champions League total?,Juventus have won the European Cup / Champions League 2 time(s).
8,trophies,Count of Juventus's Champions League titles?,Juventus have won the European Cup / Champions League 2 time(s).
8,trophies,How many Champions League trophies has Juventus won?,Juventus have won the European Cup / Champions League 2 time(s).
8,trophies,Juventus has won the Champions League how many times?,Juventus have won the European Cup / Champions League 2 time(s).
8,trophies,Number of Champions League trophies for Juventus?,Juventus have won the European Cup / Champions League 2 time(s).
8,trophies,What is the number of Champions League titles Juventus has?,Juventus have won the European Cup / Champions League 2 time(s).
8,trophies,How many times has Juventus won the Champions League?,Juventus have won the European Cup / Champions League 2 time(s).
58,world_cup,Where was the 1994 FIFA World Cup held?,The 1994 World Cup was hosted by the USA.
58,world_cup,Name the host nation of the 1994 World Cup.,The 1994 World Cup was hosted by the USA.
58,world_cup,Which country hosted the World Cup in 1994?,The 1994 World Cup was hosted by the USA.
58,world_cup,Who were the hosts of the 1994 World Cup?,The 1994 World Cup was hosted by the USA.
58,world_cup,Which nation was the host of the 1994 World Cup?,The 1994 World Cup was hosted by the USA.
58,world_cup,Tell me the host country of the 1994 World Cup.,The 1994 World Cup was hosted by the USA.
58,world_cup,What country hosted the 1994 World Cup?,The 1994 World Cup was hosted by the USA.
58,world_cup,The 1994 World Cup was held in which country?,The 1994 World Cup was hosted by the USA.
58,world_cup,Which country was the host for the 1994 World Cup?,The 1994 World Cup was hosted by the USA.
58,world_cup,Host nation of the 1994 FIFA World Cup?,The 1994 World Cup was hosted by the USA.
58,world_cup,Can you name the host of the 1994 World Cup?,The 1994 World Cup was hosted by the USA.
58,world_cup,The host nation for the 1994 World Cup was?,The 1994 World Cup was hosted by the USA.
58,world_cup,Which nation hosted the 1994 FIFA World Cup?,The 1994 World Cup was hosted by the USA.
58,world_cup,1994 World Cup host country?,The 1994 World Cup was hosted by the USA.
58,world_cup,Name the country that hosted the 1994 World Cup.,The 1994 World Cup was hosted by the USA.
58,world_cup,Who was the host of the 1994 World Cup?,The 1994 World Cup was hosted by the USA.
58,world_cup,Which country held the 1994 World Cup?,The 1994 World Cup was hosted by the USA.
58,world_cup,The 1994 World Cup host was which nation?,The 1994 World Cup was hosted by the USA.
58,world_cup,Name the 1994 World Cup host.,The 1994 World Cup was hosted by the USA.
58,world_cup,Which country was the 1994 World Cup host?,The 1994 World Cup was hosted by the USA.
125,clubs,Which stadium is home to Borussia Dortmund?,Borussia Dortmund play at Signal Iduna Park.
125,clubs,Where does Borussia Dortmund play its home games?,Borussia Dortmund play at Signal Iduna Park.
125,clubs,Name the ground of Borussia Dortmund.,Borussia Dortmund play at Signal Iduna Park.
125,clubs,What is the name of Borussia Dortmund's home stadium?,Borussia Dortmund play at Signal Iduna Park.
125,clubs,What stadium do Borussia Dortmund play in?,Borussia Dortmund play at Signal Iduna Park.
125,clubs,Borussia Dortmund's home ground is called?,Borussia Dortmund play at Signal Iduna Park.
125,clubs,The home stadium of Borussia Dortmund is?,Borussia Dortmund play at Signal Iduna Park.
125,clubs,What is the name of the stadium where Borussia Dortmund plays?,Borussia Dortmund play at Signal Iduna Park.
125,clubs,Which ground does Borussia Dortmund use for home matches?,Borussia Dortmund play at Signal Iduna Park.
125,clubs,Name the home venue of Borussia Dortmund.,Borussia Dortmund play at Signal Iduna Park.
125,clubs,What is Borussia Dortmund's stadium called?,Borussia Dortmund play at Signal Iduna Park.
125,clubs,Where do Borussia Dortmund play their home fixtures?,Borussia Dortmund play at Signal Iduna Park.
125,clubs,The stadium of Borussia Dortmund is known as?,Borussia Dortmund play at Signal Iduna Park.
125,clubs,Borussia Dortmund's home field is?,Borussia Dortmund play at Signal Iduna Park.
125,clubs,What is the home of Borussia Dortmund?,Borussia Dortmund play at Signal Iduna Park.
125,clubs,Which stadium does Borussia Dortmund call home?,Borussia Dortmund play at Signal Iduna Park.
125,clubs,Name Borussia Dortmund's stadium.,Borussia Dortmund play at Signal Iduna Park.
125,clubs,The home ground for Borussia Dortmund is?,Borussia Dortmund play at Signal Iduna Park.
125,clubs,Where is Borussia Dortmund's home stadium?,Borussia Dortmund play at Signal Iduna Park.
125,clubs,What stadium is Borussia Dortmund's home?,Borussia Dortmund play at Signal Iduna Park.
118,clubs,Where does Manchester United play its home games?,Manchester United play at Old Trafford.
118,clubs,Name the ground of Manchester United.,Manchester United play at Old Trafford.
118,clubs,Which stadium is home to Manchester United?,Manchester United play at Old Trafford.
118,clubs,What is the name of Manchester United's home stadium?,Manchester United play at Old Trafford.
118,clubs,What stadium do Manchester United play in?,Manchester United play at Old Trafford.
118,clubs,Manchester United's home ground is called?,Manchester United play at Old Trafford.
118,clubs,The home stadium of Manchester United is?,Manchester United play at Old Trafford.
118,clubs,What is the name of the stadium where Manchester United plays?,Manchester United play at Old Trafford.
118,clubs,Which ground does Manchester United use for home matches?,Manchester United play at Old Trafford.
118,clubs,Name the home venue of Manchester United.,Manchester United play at Old Trafford.
118,clubs,What is Manchester United's stadium called?,Manchester United play at Old Trafford.
118,clubs,Where do Manchester United play their home fixtures?,Manchester United play at Old Trafford.
118,clubs,The stadium of Manchester United is known as?,Manchester United play at Old Trafford.
118,clubs,Manchester United's home field is?,Manchester United play at Old Trafford.
118,clubs,What is the home of Manchester United?,Manchester United play at Old Trafford.
118,clubs,Which stadium does Manchester United call home?,Manchester United play at Old Trafford.
118,clubs,Name Manchester United's stadium.,Manchester United play at Old Trafford.
118,clubs,The home ground for Manchester United is?,Manchester United play at Old Trafford.
118,clubs,Where is Manchester United's home stadium?,Manchester United play at Old Trafford.
118,clubs,What stadium is Manchester United's home?,Manchester United play at Old Trafford.
62,world_cup,Who were the hosts of the 2010 World Cup?,The 2010 World Cup was hosted by South Africa.
62,world_cup,Name the host nation of the 2010 World Cup.,The 2010 World Cup was hosted by South Africa.
62,world_cup,Which country hosted the World Cup in 2010?,The 2010 World Cup was hosted by South Africa.
62,world_cup,Where was the 2010 FIFA World Cup held?,The 2010 World Cup was hosted by South Africa.
62,world_cup,Which nation was the host of the 2010 World Cup?,The 2010 World Cup was hosted by South Africa.
62,world_cup,Tell me the host country of the 2010 World Cup.,The 2010 World Cup was hosted by South Africa.
62,world_cup,What country hosted the 2010 World Cup?,The 2010 World Cup was hosted by South Africa.
62,world_cup,The 2010 World Cup was held in which country?,The 2010 World Cup was hosted by South Africa.
62,world_cup,Which country was the host for the 2010 World Cup?,The 2010 World Cup was hosted by South Africa.
62,world_cup,Host nation of the 2010 FIFA World Cup?,The 2010 World Cup was hosted by South Africa.
62,world_cup,Can you name the host of the 2010 World Cup?,The 2010 World Cup was hosted by South Africa.
62,world_cup,The host nation for the 2010 World Cup was?,The 2010 World Cup was hosted by South Africa.
62,world_cup,Which nation hosted the 2010 FIFA World Cup?,The 2010 World Cup was hosted by South Africa.
62,world_cup,2010 World Cup host country?,The 2010 World Cup was hosted by South Africa.
62,world_cup,Name the country that hosted the 2010 World Cup.,The 2010 World Cup was hosted by South Africa.
62,world_cup,Who was the host of the 2010 World Cup?,The 2010 World Cup was hosted by South Africa.
62,world_cup,Which country held the 2010 World Cup?,The 2010 World Cup was hosted by South Africa.
62,world_cup,The 2010 World Cup host was which nation?,The 2010 World Cup was hosted by South Africa.
62,world_cup,Name the 2010 World Cup host.,The 2010 World Cup was hosted by South Africa.
62,world_cup,Which country was the 2010 World Cup host?,The 2010 World Cup was hosted by South Africa.
171,players,Virgil van Dijk plays as what type of player?,Virgil van Dijk plays as a centre-back.
171,players,Which position is Virgil van Dijk best known for?,Virgil van Dijk plays as a centre-back.
171,players,What position does Virgil van Dijk play?,Virgil van Dijk plays as a centre-back.
171,players,Which role did Virgil van Dijk have on the pitch?,Virgil van Dijk plays as a centre-back.
171,players,What is Virgil van Dijk's position?,Virgil van Dijk plays as a centre-back.
171,players,Virgil van Dijk's playing position is?,Virgil van Dijk plays as a centre-back.
171,players,Where does Virgil van Dijk play on the pitch?,Virgil van Dijk plays as a centre-back.
171,players,What role does Virgil van Dijk play?,Virgil van Dijk plays as a centre-back.
171,players,Virgil van Dijk is a?,Virgil van Dijk plays as a centre-back.
171,players,What position is Virgil van Dijk known for?,Virgil van Dijk plays as a centre-back.
171,players,Virgil van Dijk's role in the team is?,Virgil van Dijk plays as a centre-back.
171,players,What type of player is Virgil van Dijk?,Virgil van Dijk plays as a centre-back.
171,players,Virgil van Dijk plays in which position?,Virgil van Dijk plays as a centre-back.
171,players,What is the playing position of Virgil van Dijk?,Virgil van Dijk plays as a centre-back.
171,players,Virgil van Dijk is best known for playing as a?,Virgil van Dijk plays as a centre-back.
171,players,What position does Virgil van Dijk occupy?,Virgil van Dijk plays as a centre-back.
171,players,Virgil van Dijk's position on the field is?,Virgil van Dijk plays as a centre-back.
171,players,What is Virgil van Dijk's role?,Virgil van Dijk plays as a centre-back.
171,players,Virgil van Dijk is a player in which position?,Virgil van Dijk plays as a centre-back.
171,players,What position did Virgil van Dijk play?,Virgil van Dijk plays as a centre-back.
265,rules,What is added time in football?,"Stoppage time is extra time added at the end of each half to make up for time lost to injuries, substitutions and delays."
265,rules,What is injury time?,"Stoppage time is extra time added at the end of each half to make up for time lost to injuries, substitutions and delays."
265,rules,What is stoppage time?,"Stoppage time is extra time added at the end of each half to make up for time lost to injuries, substitutions and delays."
265,rules,Why do referees add extra minutes at the end of a half?,"Stoppage time is extra time added at the end of each half to make up for time lost to injuries, substitutions and delays."
265,rules,What is stoppage time in football?,"Stoppage time is extra time added at the end of each half to make up for time lost to injuries, substitutions and delays."
265,rules,What is injury time in football?,"Stoppage time is extra time added at the end of each half to make up for time lost to injuries, substitutions and delays."
265,rules,What does added time mean?,"Stoppage time is extra time added at the end of each half to make up for time lost to injuries, substitutions and delays."
265,rules,What is the purpose of stoppage time?,"Stoppage time is extra time added at the end of each half to make up for time lost to injuries, substitutions and delays."
265,rules,When is stoppage time added?,"Stoppage time is extra time added at the end of each half to make up for time lost to injuries, substitutions and delays."
265,rules,What is the definition of stoppage time?,"Stoppage time is extra time added at the end of each half to make up for time lost to injuries, substitutions and delays."
265,rules,What is the meaning of injury time?,"Stoppage time is extra time added at the end of each half to make up for time lost to injuries, substitutions and delays."
265,rules,How does stoppage time work?,"Stoppage time is extra time added at the end of each half to make up for time lost to injuries, substitutions and delays."
265,rules,What is added time?,"Stoppage time is extra time added at the end of each half to make up for time lost to injuries, substitutions and delays."
265,rules,Why is stoppage time added?,"Stoppage time is extra time added at the end of each half to make up for time lost to injuries, substitutions and delays."
265,rules,What is the reason for stoppage time?,"Stoppage time is extra time added at the end of each half to make up for time lost to injuries, substitutions and delays."
265,rules,What is the purpose of injury time?,"Stoppage time is extra time added at the end of each half to make up for time lost to injuries, substitutions and delays."
265,rules,What is the definition of added time?,"Stoppage time is extra time added at the end of each half to make up for time lost to injuries, substitutions and delays."
265,rules,What is the meaning of stoppage time?,"Stoppage time is extra time added at the end of each half to make up for time lost to injuries, substitutions and delays."
265,rules,How is stoppage time determined?,"Stoppage time is extra time added at the end of each half to make up for time lost to injuries, substitutions and delays."
265,rules,What is injury time in a football match?,"Stoppage time is extra time added at the end of each half to make up for time lost to injuries, substitutions and delays."
80,league,Who won the Premier League in the 2016-17 season?,Chelsea won the Premier League in 2016-17.
80,league,Name the team that won the English league title in 2016-17.,Chelsea won the Premier League in 2016-17.
80,league,Which team topped the Premier League table in 2016-17?,Chelsea won the Premier League in 2016-17.
80,league,Which club were the 2016-17 Premier League champions?,Chelsea won the Premier League in 2016-17.
80,league,Who were the 2016-17 Premier League winners?,Chelsea won the Premier League in 2016-17.
80,league,Which team won the 2016-17 Premier League?,Chelsea won the Premier League in 2016-17.
80,league,The 2016-17 Premier League champions were?,Chelsea won the Premier League in 2016-17.
80,league,Which club won the 2016-17 Premier League title?,Chelsea won the Premier League in 2016-17.
80,league,Who claimed the 2016-17 Premier League title?,Chelsea won the Premier League in 2016-17.
80,league,2016-17 Premier League winning team?,Chelsea won the Premier League in 2016-17.
80,league,Name the 2016-17 Premier League winner.,Chelsea won the Premier League in 2016-17.
80,league,Which team were the 2016-17 English league champions?,Chelsea won the Premier League in 2016-17.
80,league,Who won the English Premier League in 2016-17?,Chelsea won the Premier League in 2016-17.
80,league,The winner of the 2016-17 Premier League was?,Chelsea won the Premier League in 2016-17.
80,league,Which club topped the 2016-17 Premier League?,Chelsea won the Premier League in 2016-17.
80,league,Who were the champions of the 2016-17 Premier League?,Chelsea won the Premier League in 2016-17.
80,league,2016-17 Premier League title winner?,Chelsea won the Premier League in 2016-17.
80,league,Which team won the 2016-17 English Premier League?,Chelsea won the Premier League in 2016-17.
80,league,Who won the 2016-17 Premier League season?,Chelsea won the Premier League in 2016-17.
80,league,Premier League 2016-17 champions?,Chelsea won the Premier League in 2016-17.
2,trophies,How many times did Bayern Munich win the UEFA Champions League?,Bayern Munich have won the European Cup / Champions League 6 time(s).
2,trophies,How many Champions League titles has Bayern Munich won?,Bayern Munich have won the European Cup / Champions League 6 time(s).
2,trophies,Tell me how many Champions League trophies Bayern Munich have lifted.,Bayern Munich have won the European Cup / Champions League 6 time(s).
2,trophies,What is the number of European Cup trophies won by Bayern Munich?,Bayern Munich have won the European Cup / Champions League 6 time(s).
2,trophies,What is Bayern Munich's Champions League title count?,Bayern Munich have won the European Cup / Champions League 6 time(s).
2,trophies,Number of Champions League titles won by Bayern Munich?,Bayern Munich have won the European Cup / Champions League 6 time(s).
2,trophies,Bayern Munich has won how many Champions League titles?,Bayern Munich have won the European Cup / Champions League 6 time(s).
2,trophies,How many Champions League trophies does Bayern Munich have?,Bayern Munich have won the European Cup / Champions League 6 time(s).
2,trophies,Bayern Munich's Champions League wins count?,Bayern Munich have won the European Cup / Champions League 6 time(s).
2,trophies,The number of Champions League titles for Bayern Munich is?,Bayern Munich have won the European Cup / Champions League 6 time(s).
2,trophies,How many European Cup / Champions League titles has Bayern Munich won?,Bayern Munich have won the European Cup / Champions League 6 time(s).
2,trophies,What is the total Champions League count for Bayern Munich?,Bayern Munich have won the European Cup / Champions League 6 time(s).
2,trophies,How many Champions League awards did Bayern Munich win?,Bayern Munich have won the European Cup / Champions League 6 time(s).
2,trophies,Bayern Munich Champions League total?,Bayern Munich have won the European Cup / Champions League 6 time(s).
2,trophies,Count of Bayern Munich's Champions League titles?,Bayern Munich have won the European Cup / Champions League 6 time(s).
2,trophies,How many Champions League trophies has Bayern Munich won?,Bayern Munich have won the European Cup / Champions League 6 time(s).
2,trophies,Bayern Munich has won the Champions League how many times?,Bayern Munich have won the European Cup / Champions League 6 time(s).
2,trophies,Number of Champions League trophies for Bayern Munich?,Bayern Munich have won the European Cup / Champions League 6 time(s).
2,trophies,What is the number of Champions League titles Bayern Munich has?,Bayern Munich have won the European Cup / Champions League 6 time(s).
2,trophies,How many times has Bayern Munich won the Champions League?,Bayern Munich have won the European Cup / Champions League 6 time(s).
108,awards,How many times did Michel Platini win the Ballon d'Or?,Michel Platini has won the Ballon d'Or 3 time(s).
108,awards,What is the Ballon d'Or count of Michel Platini?,Michel Platini has won the Ballon d'Or 3 time(s).
108,awards,Tell me the number of Ballon d'Or trophies Michel Platini has.,Michel Platini has won the Ballon d'Or 3 time(s).
108,awards,How many Ballon d'Or awards has Michel Platini won?,Michel Platini has won the Ballon d'Or 3 time(s).
108,awards,What is Michel Platini's Ballon d'Or tally?,Michel Platini has won the Ballon d'Or 3 time(s).
108,awards,Number of Ballon d'Or awards won by Michel Platini?,Michel Platini has won the Ballon d'Or 3 time(s).
108,awards,Michel Platini has won how many Ballon d'Or awards?,Michel Platini has won the Ballon d'Or 3 time(s).
108,awards,How many Ballon d'Ors does Michel Platini have?,Michel Platini has won the Ballon d'Or 3 time(s).
108,awards,Michel Platini's Ballon d'Or wins count?,Michel Platini has won the Ballon d'Or 3 time(s).
108,awards,The number of Ballon d'Or awards for Michel Platini is?,Michel Platini has won the Ballon d'Or 3 time(s).
108,awards,How many Ballon d'Or trophies has Michel Platini won?,Michel Platini has won the Ballon d'Or 3 time(s).
108,awards,What is the total Ballon d'Or count for Michel Platini?,Michel Platini has won the Ballon d'Or 3 time(s).
108,awards,How many Ballon d'Or awards did Michel Platini win?,Michel Platini has won the Ballon d'Or 3 time(s).
108,awards,Michel Platini Ballon d'Or total?,Michel Platini has won the Ballon d'Or 3 time(s).
108,awards,Count of Michel Platini's Ballon d'Or awards?,Michel Platini has won the Ballon d'Or 3 time(s).
108,awards,How many Ballon d'Ors has Michel Platini won?,Michel Platini has won the Ballon d'Or 3 time(s).
108,awards,Michel Platini has won the Ballon d'Or how many times?,Michel Platini has won the Ballon d'Or 3 time(s).
108,awards,Number of Ballon d'Or trophies for Michel Platini?,Michel Platini has won the Ballon d'Or 3 time(s).
108,awards,What is the number of Ballon d'Or awards Michel Platini has?,Michel Platini has won the Ballon d'Or 3 time(s).
108,awards,How many times has Michel Platini won the Ballon d'Or?,Michel Platini has won the Ballon d'Or 3 time(s).
6,trophies,How many times did Manchester United win the UEFA Champions League?,Manchester United have won the European Cup / Champions League 3 time(s).
6,trophies,How many Champions League titles has Manchester United won?,Manchester United have won the European Cup / Champions League 3 time(s).
6,trophies,Tell me how many Champions League trophies Manchester United have lifted.,Manchester United have won the European Cup / Champions League 3 time(s).
6,trophies,What is the number of European Cup trophies won by Manchester United?,Manchester United have won the European Cup / Champions League 3 time(s).
6,trophies,What is Manchester United's Champions League title count?,Manchester United have won the European Cup / Champions League 3 time(s).
6,trophies,Number of Champions League titles won by Manchester United?,Manchester United have won the European Cup / Champions League 3 time(s).
6,trophies,Manchester United has won how many Champions League titles?,Manchester United have won the European Cup / Champions League 3 time(s).
6,trophies,How many Champions League trophies does Manchester United have?,Manchester United have won the European Cup / Champions League 3 time(s).
6,trophies,Manchester United's Champions League wins count?,Manchester United have won the European Cup / Champions League 3 time(s).
6,trophies,The number of Champions League titles for Manchester United is?,Manchester United have won the European Cup / Champions League 3 time(s).
6,trophies,How many European Cup / Champions League titles has Manchester United won?,Manchester United have won the European Cup / Champions League 3 time(s).
6,trophies,What is the total Champions League count for Manchester United?,Manchester United have won the European Cup / Champions League 3 time(s).
6,trophies,How many Champions League awards did Manchester United win?,Manchester United have won the European Cup / Champions League 3 time(s).
6,trophies,Manchester United Champions League total?,Manchester United have won the European Cup / Champions League 3 time(s).
6,trophies,Count of Manchester United's Champions League titles?,Manchester United have won the European Cup / Champions League 3 time(s).
6,trophies,How many Champions League trophies has Manchester United won?,Manchester United have won the European Cup / Champions League 3 time(s).
6,trophies,Manchester United has won the Champions League how many times?,Manchester United have won the European Cup / Champions League 3 time(s).
6,trophies,Number of Champions League trophies for Manchester United?,Manchester United have won the European Cup / Champions League 3 time(s).
6,trophies,What is the number of Champions League titles Manchester United has?,Manchester United have won the European Cup / Champions League 3 time(s).
6,trophies,How many times has Manchester United won the Champions League?,Manchester United have won the European Cup / Champions League 3 time(s).
254,rules,How many players can a team replace during a game?,Most competitions allow up to five substitutions per team.
254,rules,How many changes can a manager make in a match?,Most competitions allow up to five substitutions per team.
254,rules,What is the maximum number of substitutes a team can use?,Most competitions allow up to five substitutions per team.
254,rules,How many substitutions are allowed in a football match?,Most competitions allow up to five substitutions per team.
254,rules,What is the number of substitutions allowed?,Most competitions allow up to five substitutions per team.
254,rules,How many subs can a team make?,Most competitions allow up to five substitutions per team.
254,rules,What is the substitution limit in football?,Most competitions allow up to five substitutions per team.
254,rules,How many player changes are permitted?,Most competitions allow up to five substitutions per team.
254,rules,What is the maximum number of substitutions?,Most competitions allow up to five substitutions per team.
254,rules,How many players can be substituted?,Most competitions allow up to five substitutions per team.
254,rules,What is the rule for substitutions?,Most competitions allow up to five substitutions per team.
254,rules,How many substitutions can be made in a match?,Most competitions allow up to five substitutions per team.
254,rules,What is the number of allowed substitutions?,Most competitions allow up to five substitutions per team.
254,rules,How many substitutions are teams allowed?,Most competitions allow up to five substitutions per team.
254,rules,What is the substitution rule in football?,Most competitions allow up to five substitutions per team.
254,rules,How many player substitutions are allowed?,Most competitions allow up to five substitutions per team.
254,rules,What is the limit on substitutions?,Most competitions allow up to five substitutions per team.
254,rules,How many substitutes can a team use?,Most competitions allow up to five substitutions per team.
254,rules,What is the maximum substitutions allowed in a game?,Most competitions allow up to five substitutions per team.
254,rules,How many substitutions can a manager make?,Most competitions allow up to five substitutions per team.
242,rules,What is the number of players in a football team during a match?,"Each team fields 11 players on the pitch, including the goalkeeper."
242,rules,How many players are allowed on the field for one team?,"Each team fields 11 players on the pitch, including the goalkeeper."
242,rules,How many footballers start a match for each side?,"Each team fields 11 players on the pitch, including the goalkeeper."
242,rules,How many players does each team have on the pitch?,"Each team fields 11 players on the pitch, including the goalkeeper."
242,rules,How many players are on a football team on the field?,"Each team fields 11 players on the pitch, including the goalkeeper."
242,rules,What is the number of players per team in a football match?,"Each team fields 11 players on the pitch, including the goalkeeper."
242,rules,How many players are in a football team?,"Each team fields 11 players on the pitch, including the goalkeeper."
242,rules,What is the player count for a football team on the field?,"Each team fields 11 players on the pitch, including the goalkeeper."
242,rules,How many players start a football match for one team?,"Each team fields 11 players on the pitch, including the goalkeeper."
242,rules,What is the number of players on the field for a team?,"Each team fields 11 players on the pitch, including the goalkeeper."
242,rules,How many players are on the pitch for each team?,"Each team fields 11 players on the pitch, including the goalkeeper."
242,rules,What is the standard number of players in a football team?,"Each team fields 11 players on the pitch, including the goalkeeper."
242,rules,How many players are in a starting football lineup?,"Each team fields 11 players on the pitch, including the goalkeeper."
242,rules,What is the total number of players on the field for one team?,"Each team fields 11 players on the pitch, including the goalkeeper."
242,rules,How many players make up a football team on the field?,"Each team fields 11 players on the pitch, including the goalkeeper."
242,rules,What is the number of players allowed on the pitch per team?,"Each team fields 11 players on the pitch, including the goalkeeper."
242,rules,How many players are in a football starting eleven?,"Each team fields 11 players on the pitch, including the goalkeeper."
242,rules,What is the number of players in a football side?,"Each team fields 11 players on the pitch, including the goalkeeper."
242,rules,How many players are on the field for a single team?,"Each team fields 11 players on the pitch, including the goalkeeper."
242,rules,What is the player count for one team in football?,"Each team fields 11 players on the pitch, including the goalkeeper."
184,players,Zinedine Zidane plays as what type of player?,Zinedine Zidane plays as an attacking midfielder.
184,players,Which position is Zinedine Zidane best known for?,Zinedine Zidane plays as an attacking midfielder.
184,players,What position does Zinedine Zidane play?,Zinedine Zidane plays as an attacking midfielder.
184,players,Which role did Zinedine Zidane have on the pitch?,Zinedine Zidane plays as an attacking midfielder.
184,players,What is Zinedine Zidane's position?,Zinedine Zidane plays as an attacking midfielder.
184,players,Zinedine Zidane's playing position is?,Zinedine Zidane plays as an attacking midfielder.
184,players,Where does Zinedine Zidane play on the pitch?,Zinedine Zidane plays as an attacking midfielder.
184,players,What role does Zinedine Zidane play?,Zinedine Zidane plays as an attacking midfielder.
184,players,Zinedine Zidane is a?,Zinedine Zidane plays as an attacking midfielder.
184,players,What position is Zinedine Zidane known for?,Zinedine Zidane plays as an attacking midfielder.
184,players,Zinedine Zidane's role in the team is?,Zinedine Zidane plays as an attacking midfielder.
184,players,What type of player is Zinedine Zidane?,Zinedine Zidane plays as an attacking midfielder.
184,players,Zinedine Zidane plays in which position?,Zinedine Zidane plays as an attacking midfielder.
184,players,What is the playing position of Zinedine Zidane?,Zinedine Zidane plays as an attacking midfielder.
184,players,Zinedine Zidane is best known for playing as a?,Zinedine Zidane plays as an attacking midfielder.
184,players,What position does Zinedine Zidane occupy?,Zinedine Zidane plays as an attacking midfielder.
184,players,Zinedine Zidane's position on the field is?,Zinedine Zidane plays as an attacking midfielder.
184,players,What is Zinedine Zidane's role?,Zinedine Zidane plays as an attacking midfielder.
184,players,Zinedine Zidane is a player in which position?,Zinedine Zidane plays as an attacking midfielder.
184,players,What position did Zinedine Zidane play?,Zinedine Zidane plays as an attacking midfielder.
173,players,Which position is Gianluigi Buffon best known for?,Gianluigi Buffon plays as a goalkeeper.
173,players,What position does Gianluigi Buffon play?,Gianluigi Buffon plays as a goalkeeper.
173,players,Which role did Gianluigi Buffon have on the pitch?,Gianluigi Buffon plays as a goalkeeper.
173,players,Gianluigi Buffon plays as what type of player?,Gianluigi Buffon plays as a goalkeeper.
173,players,What is Gianluigi Buffon's position?,Gianluigi Buffon plays as a goalkeeper.
173,players,Gianluigi Buffon's playing position is?,Gianluigi Buffon plays as a goalkeeper.
173,players,Where does Gianluigi Buffon play on the pitch?,Gianluigi Buffon plays as a goalkeeper.
173,players,What role does Gianluigi Buffon play?,Gianluigi Buffon plays as a goalkeeper.
173,players,Gianluigi Buffon is a?,Gianluigi Buffon plays as a goalkeeper.
173,players,What position is Gianluigi Buffon known for?,Gianluigi Buffon plays as a goalkeeper.
173,players,Gianluigi Buffon's role in the team is?,Gianluigi Buffon plays as a goalkeeper.
173,players,What type of player is Gianluigi Buffon?,Gianluigi Buffon plays as a goalkeeper.
173,players,Gianluigi Buffon plays in which position?,Gianluigi Buffon plays as a goalkeeper.
173,players,What is the playing position of Gianluigi Buffon?,Gianluigi Buffon plays as a goalkeeper.
173,players,Gianluigi Buffon is best known for playing as a?,Gianluigi Buffon plays as a goalkeeper.
173,players,What position does Gianluigi Buffon occupy?,Gianluigi Buffon plays as a goalkeeper.
173,players,Gianluigi Buffon's position on the field is?,Gianluigi Buffon plays as a goalkeeper.
173,players,What is Gianluigi Buffon's role?,Gianluigi Buffon plays as a goalkeeper.
173,players,Gianluigi Buffon is a player in which position?,Gianluigi Buffon plays as a goalkeeper.
173,players,What position did Gianluigi Buffon play?,Gianluigi Buffon plays as a goalkeeper.
227,records,Which player holds the record for goals in a 38 game Premier League season?,"Erling Haaland scored 36 goals in 2022-23, the record for a 38-game Premier League season."
227,records,Who broke the Premier League single season scoring record in 2022-23?,"Erling Haaland scored 36 goals in 2022-23, the record for a 38-game Premier League season."
227,records,Name the Premier League single season top scoring record holder.,"Erling Haaland scored 36 goals in 2022-23, the record for a 38-game Premier League season."
227,records,Who scored the most goals in a single Premier League season?,"Erling Haaland scored 36 goals in 2022-23, the record for a 38-game Premier League season."
227,records,Who holds the record for most goals in a 38-game Premier League season?,"Erling Haaland scored 36 goals in 2022-23, the record for a 38-game Premier League season."
227,records,The record for most goals in a Premier League season is held by?,"Erling Haaland scored 36 goals in 2022-23, the record for a 38-game Premier League season."
227,records,Who scored the most goals in one Premier League season?,"Erling Haaland scored 36 goals in 2022-23, the record for a 38-game Premier League season."
227,records,Most goals in a single Premier League season by which player?,"Erling Haaland scored 36 goals in 2022-23, the record for a 38-game Premier League season."
227,records,Who holds the record for most goals in a Premier League season?,"Erling Haaland scored 36 goals in 2022-23, the record for a 38-game Premier League season."
227,records,Which player has the most goals in a Premier League season?,"Erling Haaland scored 36 goals in 2022-23, the record for a 38-game Premier League season."
227,records,Most goals in a single Premier League season?,"Erling Haaland scored 36 goals in 2022-23, the record for a 38-game Premier League season."
227,records,Who is the highest goalscorer in a single Premier League season?,"Erling Haaland scored 36 goals in 2022-23, the record for a 38-game Premier League season."
227,records,Name the player with the most goals in one Premier League season.,"Erling Haaland scored 36 goals in 2022-23, the record for a 38-game Premier League season."
227,records,Who has the record for most goals in a single Premier League season?,"Erling Haaland scored 36 goals in 2022-23, the record for a 38-game Premier League season."
227,records,Which footballer scored the most goals in a Premier League season?,"Erling Haaland scored 36 goals in 2022-23, the record for a 38-game Premier League season."
227,records,Who scored the highest number of goals in a Premier League season?,"Erling Haaland scored 36 goals in 2022-23, the record for a 38-game Premier League season."
227,records,Record for most goals in a Premier League season?,"Erling Haaland scored 36 goals in 2022-23, the record for a 38-game Premier League season."
227,records,Who is the top goalscorer in a single Premier League season?,"Erling Haaland scored 36 goals in 2022-23, the record for a 38-game Premier League season."
227,records,The player with the most goals in a Premier League season is?,"Erling Haaland scored 36 goals in 2022-23, the record for a 38-game Premier League season."
227,records,Who has the most goals in a single Premier League season?,"Erling Haaland scored 36 goals in 2022-23, the record for a 38-game Premier League season."
218,records,Which team has the most English Premier League trophies?,"Manchester United have won the most Premier League titles, with 13."
218,records,Who is the most successful club in Premier League history?,"Manchester United have won the most Premier League titles, with 13."
218,records,Which club has won the most Premier League titles?,"Manchester United have won the most Premier League titles, with 13."
218,records,Name the team with the highest number of Premier League championships.,"Manchester United have won the most Premier League titles, with 13."
218,records,Who has won the most Premier League titles?,"Manchester United have won the most Premier League titles, with 13."
218,records,The most successful club in Premier League history is?,"Manchester United have won the most Premier League titles, with 13."
218,records,Which team has won the most Premier League titles?,"Manchester United have won the most Premier League titles, with 13."
218,records,Most Premier League titles won by which club?,"Manchester United have won the most Premier League titles, with 13."
218,records,Who is the most decorated team in the Premier League?,"Manchester United have won the most Premier League titles, with 13."
218,records,Which club has the most Premier League wins?,"Manchester United have won the most Premier League titles, with 13."
218,records,Name the most successful team in Premier League history.,"Manchester United have won the most Premier League titles, with 13."
218,records,Which team holds the record for most Premier League titles?,"Manchester United have won the most Premier League titles, with 13."
218,records,The club with the most Premier League trophies is?,"Manchester United have won the most Premier League titles, with 13."
218,records,Who has the most Premier League trophies?,"Manchester United have won the most Premier League titles, with 13."
218,records,Which team is the most successful in Premier League history?,"Manchester United have won the most Premier League titles, with 13."
218,records,Most successful club in the Premier League?,"Manchester United have won the most Premier League titles, with 13."
218,records,Which club has won the most Premier League championships?,"Manchester United have won the most Premier League titles, with 13."
218,records,Name the team with the most Premier League wins.,"Manchester United have won the most Premier League titles, with 13."
218,records,Which club is the record Premier League champion?,"Manchester United have won the most Premier League titles, with 13."
218,records,The team with the most Premier League titles is?,"Manchester United have won the most Premier League titles, with 13."
53,world_cup,Where was the 1974 FIFA World Cup held?,The 1974 World Cup was hosted by West Germany.
53,world_cup,Which country hosted the World Cup in 1974?,The 1974 World Cup was hosted by West Germany.
53,world_cup,Name the host nation of the 1974 World Cup.,The 1974 World Cup was hosted by West Germany.
53,world_cup,Who were the hosts of the 1974 World Cup?,The 1974 World Cup was hosted by West Germany.
53,world_cup,Which nation was the host of the 1974 World Cup?,The 1974 World Cup was hosted by West Germany.
53,world_cup,Tell me the host country of the 1974 World Cup.,The 1974 World Cup was hosted by West Germany.
53,world_cup,What country hosted the 1974 World Cup?,The 1974 World Cup was hosted by West Germany.
53,world_cup,The 1974 World Cup was held in which country?,The 1974 World Cup was hosted by West Germany.
53,world_cup,Which country was the host for the 1974 World Cup?,The 1974 World Cup was hosted by West Germany.
53,world_cup,Host nation of the 1974 FIFA World Cup?,The 1974 World Cup was hosted by West Germany.
53,world_cup,Can you name the host of the 1974 World Cup?,The 1974 World Cup was hosted by West Germany.
53,world_cup,The host nation for the 1974 World Cup was?,The 1974 World Cup was hosted by West Germany.
53,world_cup,Which nation hosted the 1974 FIFA World Cup?,The 1974 World Cup was hosted by West Germany.
53,world_cup,1974 World Cup host country?,The 1974 World Cup was hosted by West Germany.
53,world_cup,Name the country that hosted the 1974 World Cup.,The 1974 World Cup was hosted by West Germany.
53,world_cup,Who was the host of the 1974 World Cup?,The 1974 World Cup was hosted by West Germany.
53,world_cup,Which country held the 1974 World Cup?,The 1974 World Cup was hosted by West Germany.
53,world_cup,The 1974 World Cup host was which nation?,The 1974 World Cup was hosted by West Germany.
53,world_cup,Name the 1974 World Cup host.,The 1974 World Cup was hosted by West Germany.
53,world_cup,Which country was the 1974 World Cup host?,The 1974 World Cup was hosted by West Germany.